-- Adminer 4.8.1 MySQL 8.0.32-0ubuntu0.22.04.2 dump

SET NAMES utf8;
SET time_zone = '+00:00';
SET foreign_key_checks = 0;
SET sql_mode = 'NO_AUTO_VALUE_ON_ZERO';

SET NAMES utf8mb4;

DROP TABLE IF EXISTS `activitas`;
CREATE TABLE `activitas` (
  `id` int NOT NULL AUTO_INCREMENT,
  `pelaksanaan_umrah` int NOT NULL,
  `master_tugas_id` int NOT NULL,
  `status` varchar(1) NOT NULL DEFAULT 'N',
  `alasan_tidak_dilaksanakan` varchar(250) DEFAULT NULL,
  `create_by` int DEFAULT NULL,
  `updated_by` int DEFAULT NULL,
  `created_at` timestamp NOT NULL DEFAULT CURRENT_TIMESTAMP ON UPDATE CURRENT_TIMESTAMP,
  `updated_at` timestamp NOT NULL DEFAULT '0000-00-00 00:00:00',
  PRIMARY KEY (`id`)
) ENGINE=InnoDB DEFAULT CHARSET=utf8mb4 COLLATE=utf8mb4_0900_ai_ci;


DROP TABLE IF EXISTS `aktivitas_umrah`;
CREATE TABLE `aktivitas_umrah` (
  `id` int NOT NULL AUTO_INCREMENT,
  `pembimbing_id` int NOT NULL,
  `umrah_id` int NOT NULL,
  `status` varchar(10) DEFAULT 'active',
  `status_tugas` enum('Pembimbing','Asisten Pembimbing') CHARACTER SET utf8mb4 COLLATE utf8mb4_0900_ai_ci DEFAULT 'Pembimbing',
  `jumlah_potensial_jamaah_before` varchar(200) DEFAULT NULL,
  `jumlah_potensial_jamaah_after` varchar(200) DEFAULT NULL,
  `catatan` longtext,
  `create_by` int DEFAULT NULL,
  `isdelete` int DEFAULT '0',
  `nonaktif` int DEFAULT '0',
  `updated_by` int DEFAULT NULL,
  `created_at` timestamp NOT NULL DEFAULT CURRENT_TIMESTAMP ON UPDATE CURRENT_TIMESTAMP,
  `updated_at` timestamp NOT NULL DEFAULT CURRENT_TIMESTAMP,
  PRIMARY KEY (`id`)
) ENGINE=InnoDB AUTO_INCREMENT=165 DEFAULT CHARSET=utf8mb4 COLLATE=utf8mb4_0900_ai_ci;


DROP TABLE IF EXISTS `aktivitas_umrah_petugas`;
CREATE TABLE `aktivitas_umrah_petugas` (
  `id` int NOT NULL AUTO_INCREMENT,
  `petugas_id` int DEFAULT NULL,
  `umrah_id` int DEFAULT NULL,
  `status` varchar(10) DEFAULT 'active',
  `status_tugas` enum('Pembimbing','Asisten Pembimbing','Petugas') CHARACTER SET utf8mb4 COLLATE utf8mb4_0900_ai_ci DEFAULT 'Pembimbing',
  `jumlah_potensial_jamaah_before` varchar(200) DEFAULT NULL,
  `jumlah_potensial_jamaah_after` varchar(200) DEFAULT NULL,
  `catatan` longtext,
  `create_by` int DEFAULT NULL,
  `isdelete` int DEFAULT '0',
  `updated_by` int DEFAULT NULL,
  `created_at` timestamp NOT NULL DEFAULT CURRENT_TIMESTAMP ON UPDATE CURRENT_TIMESTAMP,
  `updated_at` timestamp NOT NULL DEFAULT CURRENT_TIMESTAMP,
  PRIMARY KEY (`id`)
) ENGINE=InnoDB DEFAULT CHARSET=utf8mb4 COLLATE=utf8mb4_0900_ai_ci;


DROP TABLE IF EXISTS `aps_level`;
CREATE TABLE `aps_level` (
  `id` int NOT NULL AUTO_INCREMENT,
  `level_name` varchar(32) NOT NULL,
  `level_type` enum('admin','ketua pembimbing','pembimbing','petugas') CHARACTER SET utf8mb4 COLLATE utf8mb4_0900_ai_ci NOT NULL,
  `level_status` char(1) NOT NULL DEFAULT 'A',
  PRIMARY KEY (`id`)
) ENGINE=InnoDB AUTO_INCREMENT=5 DEFAULT CHARSET=utf8mb4 COLLATE=utf8mb4_0900_ai_ci;

INSERT INTO `aps_level` (`id`, `level_name`, `level_type`, `level_status`) VALUES
(1,	'Administrator',	'admin',	'A'),
(2,	'Ketua Pembimbing',	'ketua pembimbing',	'A'),
(3,	'Pembimbing',	'pembimbing',	'A'),
(4,	'Petugas',	'petugas',	'A');

DROP TABLE IF EXISTS `aps_menus`;
CREATE TABLE `aps_menus` (
  `id` int NOT NULL AUTO_INCREMENT,
  `menu_nodeid` longtext CHARACTER SET latin1 COLLATE latin1_general_ci,
  `menu_parent_id` bigint DEFAULT NULL,
  `menu_parent_nodeid` longtext CHARACTER SET latin1 COLLATE latin1_general_ci,
  `menu_type` varchar(1) CHARACTER SET latin1 COLLATE latin1_general_ci DEFAULT 'Z' COMMENT 'Parent, Child, Single',
  `menu_name` varchar(50) CHARACTER SET latin1 COLLATE latin1_general_ci DEFAULT NULL,
  `menu_desc` text CHARACTER SET latin1 COLLATE latin1_general_ci,
  `menu_metta` varchar(100) CHARACTER SET latin1 COLLATE latin1_general_ci DEFAULT NULL,
  `menu_content` text CHARACTER SET latin1 COLLATE latin1_general_ci,
  `menu_icon` varchar(100) CHARACTER SET latin1 COLLATE latin1_general_ci DEFAULT 'fa-bars',
  `menu_level_type` enum('admin','member','all') CHARACTER SET latin1 COLLATE latin1_general_ci NOT NULL,
  `menu_status` enum('A','B') CHARACTER SET latin1 COLLATE latin1_general_ci DEFAULT NULL,
  `menu_order` int DEFAULT NULL,
  `menu_route` varchar(50) DEFAULT NULL,
  `menu_create` datetime DEFAULT NULL,
  `menu_update` timestamp NOT NULL DEFAULT CURRENT_TIMESTAMP,
  PRIMARY KEY (`id`)
) ENGINE=InnoDB AUTO_INCREMENT=23 DEFAULT CHARSET=utf8mb4 COLLATE=utf8mb4_0900_ai_ci;

INSERT INTO `aps_menus` (`id`, `menu_nodeid`, `menu_parent_id`, `menu_parent_nodeid`, `menu_type`, `menu_name`, `menu_desc`, `menu_metta`, `menu_content`, `menu_icon`, `menu_level_type`, `menu_status`, `menu_order`, `menu_route`, `menu_create`, `menu_update`) VALUES
(1,	NULL,	NULL,	NULL,	'P',	'Master Data',	NULL,	NULL,	NULL,	'bx bx-category',	'admin',	'A',	3,	'javascript:;',	'2022-05-24 20:22:08',	'2022-05-24 13:22:08'),
(2,	NULL,	1,	NULL,	'C',	'SOP',	NULL,	NULL,	NULL,	'bx-right-arrow-alt',	'admin',	'A',	1,	'tugas.index',	NULL,	'2022-06-06 19:31:41'),
(3,	NULL,	1,	NULL,	'C',	'Umrah',	NULL,	NULL,	NULL,	'bx-right-arrow-alt',	'admin',	'A',	2,	'umrah.index',	NULL,	'2022-06-06 19:33:23'),
(4,	NULL,	1,	NULL,	'C',	'Pengguna',	NULL,	NULL,	NULL,	'bx-right-arrow-alt',	'admin',	'A',	3,	'pembimbing.index',	NULL,	'2022-06-06 19:34:37'),
(5,	NULL,	1,	NULL,	'C',	'Kuisioner',	NULL,	NULL,	NULL,	'bx-right-arrow-alt',	'admin',	'A',	4,	'kusioner.index',	NULL,	'2022-06-06 19:35:42'),
(6,	NULL,	NULL,	NULL,	'P',	'Jadwal Tugas',	NULL,	NULL,	NULL,	'bx bx-message-square-edit',	'admin',	'A',	2,	'javascript:;',	NULL,	'2022-06-06 19:37:16'),
(7,	NULL,	6,	NULL,	'C',	'Pembimbing',	NULL,	NULL,	NULL,	'bx bx-right-arrow-alt',	'admin',	'A',	1,	'aktivitas.index',	NULL,	'2022-06-06 19:38:24'),
(8,	NULL,	NULL,	NULL,	'P',	'Dashboard',	NULL,	NULL,	NULL,	'bx bx-home-circle',	'admin',	'A',	1,	'javascript:;',	NULL,	'2022-06-06 19:40:11'),
(9,	NULL,	8,	NULL,	'C',	'Monitoring SOP',	NULL,	NULL,	NULL,	'bx-right-arrow-alt',	'admin',	'A',	1,	'/',	NULL,	'2022-06-06 19:41:07'),
(10,	NULL,	8,	NULL,	'C',	'Kuisioner',	NULL,	NULL,	NULL,	'bx bx-right-arrow-alt',	'admin',	'A',	2,	'dashbaord.kuisioner',	NULL,	'2022-06-06 19:41:53'),
(11,	NULL,	NULL,	NULL,	'P',	'Jadwal Umrah',	'Ketua Pembimbing',	NULL,	NULL,	'bx bx-message-square-edit',	'admin',	'A',	1,	'tugas.jadwalumrah-active',	NULL,	'2022-06-06 19:46:00'),
(12,	NULL,	NULL,	NULL,	'P',	'Jadwal Tugas Saya',	NULL,	NULL,	NULL,	'bx bx-menu',	'admin',	'A',	2,	'aktivitas.tugas.me',	NULL,	'2022-06-06 19:47:30'),
(13,	NULL,	NULL,	NULL,	'P',	'Histori',	NULL,	NULL,	NULL,	'bx bx-message-square-edit',	'admin',	'A',	3,	'user.aktivitas.history.all',	NULL,	'2022-06-06 19:48:39'),
(14,	NULL,	NULL,	NULL,	'P',	'Jadwal Umrah',	'Pembimbing',	NULL,	NULL,	'bx bx-message-square-edit',	'member',	'A',	1,	'user.aktivitas.index',	NULL,	'2022-06-06 19:50:08'),
(15,	NULL,	NULL,	NULL,	'P',	'Histori',	'',	NULL,	NULL,	'bx bx-menu',	'admin',	NULL,	2,	'user.aktivitas.history',	NULL,	'2022-06-06 19:51:02'),
(16,	NULL,	1,	NULL,	'C',	'Group | Tag Orange',	NULL,	NULL,	NULL,	'bx-right-arrow-alt',	'admin',	'A',	4,	'tagorange.index',	NULL,	'2022-06-06 19:35:42'),
(17,	NULL,	1,	NULL,	'C',	'Panduan',	NULL,	NULL,	NULL,	'bx bx-message-square-edit',	'admin',	'A',	6,	'panduan.index',	NULL,	'2022-09-07 02:27:00'),
(18,	NULL,	NULL,	NULL,	'P',	'Panduan',	'Pembimbing',	NULL,	NULL,	'bx bx-menu',	'member',	'A',	3,	'user.panduan.index',	NULL,	'2022-09-07 02:34:31'),
(19,	NULL,	6,	NULL,	'C',	'Petugas',	NULL,	NULL,	NULL,	'bx bx-right-arrow-alt',	'admin',	'A',	2,	'aktivitas.petugas.index',	NULL,	'2022-10-11 02:10:32'),
(20,	NULL,	NULL,	NULL,	'P',	'Jadwal Unmrah',	'Petugas',	NULL,	'',	'bx bx-message-square-edit',	'member',	'A',	1,	'user.aktivitas.petugas.index',	NULL,	'2022-10-12 03:39:37'),
(21,	NULL,	8,	NULL,	'C',	'Analitik SOP',	NULL,	NULL,	NULL,	'bx bx-right-arrow-alt',	'admin',	'A',	3,	'dashbaord.analytics',	NULL,	'2022-10-14 06:12:15'),
(22,	NULL,	8,	NULL,	'C',	'Resume Kuisioner',	NULL,	NULL,	NULL,	'bx bx-right-arrow-alt',	'admin',	'A',	3,	'dashbaord.resume.kuisioner',	NULL,	'2022-10-14 06:12:15');

DROP TABLE IF EXISTS `aps_previlage`;
CREATE TABLE `aps_previlage` (
  `id` int NOT NULL AUTO_INCREMENT,
  `menu_id` smallint NOT NULL,
  `level_id` smallint NOT NULL,
  `visible` varchar(1) CHARACTER SET latin1 COLLATE latin1_swedish_ci NOT NULL DEFAULT 'T',
  `create` char(1) CHARACTER SET latin1 COLLATE latin1_swedish_ci NOT NULL DEFAULT 'T',
  `update` char(1) CHARACTER SET latin1 COLLATE latin1_swedish_ci NOT NULL DEFAULT 'T',
  `delete` char(1) CHARACTER SET latin1 COLLATE latin1_swedish_ci NOT NULL DEFAULT 'T',
  `download` char(1) CHARACTER SET latin1 COLLATE latin1_swedish_ci NOT NULL DEFAULT 'T',
  `upload` char(1) CHARACTER SET latin1 COLLATE latin1_swedish_ci NOT NULL DEFAULT 'T',
  PRIMARY KEY (`id`)
) ENGINE=InnoDB AUTO_INCREMENT=30 DEFAULT CHARSET=utf8mb4 COLLATE=utf8mb4_0900_ai_ci;

INSERT INTO `aps_previlage` (`id`, `menu_id`, `level_id`, `visible`, `create`, `update`, `delete`, `download`, `upload`) VALUES
(1,	1,	1,	'T',	'T',	'T',	'T',	'T',	'T'),
(6,	2,	1,	'T',	'T',	'T',	'T',	'T',	'T'),
(7,	3,	1,	'T',	'T',	'T',	'T',	'T',	'T'),
(8,	4,	1,	'T',	'T',	'T',	'T',	'T',	'T'),
(9,	5,	1,	'T',	'T',	'T',	'T',	'T',	'T'),
(10,	6,	1,	'T',	'T',	'T',	'T',	'T',	'T'),
(11,	7,	1,	'T',	'T',	'T',	'T',	'T',	'T'),
(12,	8,	1,	'T',	'T',	'T',	'T',	'T',	'T'),
(13,	9,	1,	'T',	'T',	'T',	'T',	'T',	'T'),
(14,	10,	1,	'T',	'T',	'T',	'T',	'T',	'T'),
(15,	11,	2,	'T',	'T',	'T',	'T',	'T',	'T'),
(16,	12,	2,	'T',	'T',	'T',	'T',	'T',	'T'),
(17,	13,	2,	'T',	'T',	'T',	'T',	'T',	'T'),
(18,	14,	3,	'T',	'T',	'T',	'T',	'T',	'T'),
(19,	15,	4,	'T',	'T',	'T',	'T',	'T',	'T'),
(20,	16,	1,	'T',	'T',	'T',	'T',	'T',	'T'),
(21,	17,	1,	'T',	'T',	'T',	'T',	'T',	'T'),
(22,	18,	3,	'T',	'T',	'T',	'T',	'T',	'T'),
(26,	18,	4,	'T',	'T',	'T',	'T',	'T',	'T'),
(27,	20,	4,	'T',	'T',	'T',	'T',	'T',	'T'),
(28,	15,	3,	'T',	'T',	'T',	'T',	'T',	'T');

DROP TABLE IF EXISTS `backup_master_tugas`;
CREATE TABLE `backup_master_tugas` (
  `id` int NOT NULL DEFAULT '0',
  `master_judul_tugas_id` int DEFAULT NULL,
  `nomor` int DEFAULT NULL,
  `nama` longtext CHARACTER SET utf8mb4 COLLATE utf8mb4_0900_ai_ci NOT NULL,
  `create_by` int DEFAULT NULL,
  `updated_by` int DEFAULT NULL,
  `created_at` timestamp NOT NULL DEFAULT CURRENT_TIMESTAMP ON UPDATE CURRENT_TIMESTAMP,
  `updated_at` timestamp NOT NULL DEFAULT CURRENT_TIMESTAMP
) ENGINE=InnoDB DEFAULT CHARSET=latin1;


DROP TABLE IF EXISTS `detail_aktivitas_umrah`;
CREATE TABLE `detail_aktivitas_umrah` (
  `id` int NOT NULL AUTO_INCREMENT,
  `aktivitas_umrah_id` int DEFAULT NULL,
  `master_sop_id` int NOT NULL,
  `master_judul_tugas_id` int NOT NULL,
  `master_tugas_id` int DEFAULT NULL,
  `nomor_tugas` int DEFAULT NULL,
  `nama_tugas` longtext,
  `nilai_point` int DEFAULT '0',
  `require_image` enum('Y','N') DEFAULT 'Y',
  `status` varchar(1) DEFAULT NULL,
  `alasan` varchar(250) DEFAULT NULL,
  `file` varchar(100) DEFAULT NULL,
  `file_doc` varchar(200) DEFAULT NULL,
  `file_doc_name` varchar(200) DEFAULT NULL,
  `nilai_akhir` int DEFAULT '0',
  `note` varchar(100) DEFAULT NULL,
  `validate` varchar(1) DEFAULT 'N',
  `validate_by` int DEFAULT NULL,
  `create_by` int DEFAULT NULL,
  `created_at` timestamp NULL DEFAULT NULL,
  `updated_at` timestamp NULL DEFAULT NULL,
  PRIMARY KEY (`id`),
  KEY `master_sop_id` (`master_sop_id`),
  KEY `master_judul_tugas_id` (`master_judul_tugas_id`),
  KEY `master_tugas_id` (`master_tugas_id`)
) ENGINE=InnoDB AUTO_INCREMENT=25231 DEFAULT CHARSET=utf8mb4 COLLATE=utf8mb4_0900_ai_ci;


DROP TABLE IF EXISTS `detail_aktivitas_umrah_petugas`;
CREATE TABLE `detail_aktivitas_umrah_petugas` (
  `id` int NOT NULL AUTO_INCREMENT,
  `aktivitas_umrah_petugas_id` int DEFAULT NULL,
  `master_sop_petugas_id` int DEFAULT NULL,
  `master_judul_tugas_id` int DEFAULT NULL,
  `master_tugas_petugas_id` int DEFAULT NULL,
  `nomor_tugas` int DEFAULT NULL,
  `nama_tugas` longtext,
  `nilai_point` int DEFAULT '0',
  `require_image` enum('Y','N') DEFAULT 'Y',
  `status` varchar(1) DEFAULT NULL,
  `alasan` varchar(250) DEFAULT NULL,
  `file` varchar(100) DEFAULT NULL,
  `file_doc` varchar(200) DEFAULT NULL,
  `file_doc_name` varchar(200) DEFAULT NULL,
  `nilai_akhir` int DEFAULT '0',
  `note` varchar(100) DEFAULT NULL,
  `validate` varchar(1) DEFAULT 'N',
  `validate_by` int DEFAULT NULL,
  `create_by` int DEFAULT NULL,
  `created_at` timestamp NULL DEFAULT NULL,
  `updated_at` timestamp NULL DEFAULT NULL,
  PRIMARY KEY (`id`)
) ENGINE=InnoDB DEFAULT CHARSET=utf8mb4 COLLATE=utf8mb4_0900_ai_ci;


DROP TABLE IF EXISTS `detail_tag_orange`;
CREATE TABLE `detail_tag_orange` (
  `id` int NOT NULL AUTO_INCREMENT,
  `tag_orange_id` int DEFAULT NULL,
  `no_urut` varchar(3) DEFAULT NULL,
  `nama_jamaah` varchar(100) DEFAULT NULL,
  `foto_jamaah` varchar(250) DEFAULT NULL,
  `telp_jamaah` varchar(100) DEFAULT NULL,
  `email_jamaah` varchar(100) DEFAULT NULL,
  `alamat_jamaah` varchar(100) DEFAULT NULL,
  `created_at` timestamp NOT NULL DEFAULT CURRENT_TIMESTAMP ON UPDATE CURRENT_TIMESTAMP,
  `updated_at` timestamp NOT NULL DEFAULT CURRENT_TIMESTAMP ON UPDATE CURRENT_TIMESTAMP,
  PRIMARY KEY (`id`)
) ENGINE=InnoDB AUTO_INCREMENT=1952 DEFAULT CHARSET=latin1;


DROP TABLE IF EXISTS `essay_jawaban_kuisioner_umrah`;
CREATE TABLE `essay_jawaban_kuisioner_umrah` (
  `id` int NOT NULL AUTO_INCREMENT,
  `responden_kuisioner_umrah_id` int DEFAULT NULL,
  `kuisioner_umrah_id` int DEFAULT NULL,
  `umrah_id` int DEFAULT NULL,
  `pertanyaan_id` bigint DEFAULT NULL,
  `essay` varchar(200) DEFAULT NULL,
  `created_at` timestamp NOT NULL DEFAULT CURRENT_TIMESTAMP ON UPDATE CURRENT_TIMESTAMP,
  `updated_at` timestamp NOT NULL DEFAULT '0000-00-00 00:00:00',
  PRIMARY KEY (`id`),
  KEY `umrah_id` (`umrah_id`),
  KEY `responden_kuisioner_umrah_id` (`responden_kuisioner_umrah_id`),
  CONSTRAINT `essay_jawaban_kuisioner_umrah_ibfk_1` FOREIGN KEY (`responden_kuisioner_umrah_id`) REFERENCES `responden_kuisioner_umrah` (`id`) ON DELETE CASCADE ON UPDATE CASCADE
) ENGINE=InnoDB AUTO_INCREMENT=1182 DEFAULT CHARSET=utf8mb4 COLLATE=utf8mb4_0900_ai_ci;


DROP TABLE IF EXISTS `failed_jobs`;
CREATE TABLE `failed_jobs` (
  `id` bigint unsigned NOT NULL AUTO_INCREMENT,
  `connection` text CHARACTER SET utf8mb4 COLLATE utf8mb4_unicode_ci NOT NULL,
  `queue` text CHARACTER SET utf8mb4 COLLATE utf8mb4_unicode_ci NOT NULL,
  `payload` longtext CHARACTER SET utf8mb4 COLLATE utf8mb4_unicode_ci NOT NULL,
  `exception` longtext CHARACTER SET utf8mb4 COLLATE utf8mb4_unicode_ci NOT NULL,
  `failed_at` timestamp NOT NULL DEFAULT CURRENT_TIMESTAMP,
  PRIMARY KEY (`id`)
) ENGINE=InnoDB DEFAULT CHARSET=utf8mb4 COLLATE=utf8mb4_unicode_ci;


DROP TABLE IF EXISTS `jawaban_kuisioner_umrah`;
CREATE TABLE `jawaban_kuisioner_umrah` (
  `id` int NOT NULL AUTO_INCREMENT,
  `responden_kuisioner_umrah_id` int DEFAULT NULL,
  `kuisioner_umrah_id` int DEFAULT NULL,
  `umrah_id` int DEFAULT NULL,
  `pertanyaan_id` int DEFAULT NULL,
  `pilihan_id` int DEFAULT NULL,
  `jawaban` varchar(200) DEFAULT NULL,
  `created_at` timestamp NOT NULL DEFAULT CURRENT_TIMESTAMP ON UPDATE CURRENT_TIMESTAMP,
  `updated_at` timestamp NOT NULL DEFAULT '0000-00-00 00:00:00',
  PRIMARY KEY (`id`),
  KEY `umrah_id` (`umrah_id`),
  KEY `responden_kuisioner_umrah_id` (`responden_kuisioner_umrah_id`),
  CONSTRAINT `jawaban_kuisioner_umrah_ibfk_1` FOREIGN KEY (`umrah_id`) REFERENCES `umrah` (`id`),
  CONSTRAINT `jawaban_kuisioner_umrah_ibfk_2` FOREIGN KEY (`responden_kuisioner_umrah_id`) REFERENCES `responden_kuisioner_umrah` (`id`) ON DELETE CASCADE ON UPDATE CASCADE
) ENGINE=InnoDB AUTO_INCREMENT=16081 DEFAULT CHARSET=utf8mb4 COLLATE=utf8mb4_0900_ai_ci;


DROP TABLE IF EXISTS `kategori_pertanyaan_kuisioner`;
CREATE TABLE `kategori_pertanyaan_kuisioner` (
  `id` bigint unsigned NOT NULL AUTO_INCREMENT,
  `parent_id` bigint DEFAULT NULL,
  `number` varchar(1) CHARACTER SET utf8mb4 COLLATE utf8mb4_unicode_ci NOT NULL,
  `nama` varchar(255) CHARACTER SET utf8mb4 COLLATE utf8mb4_unicode_ci NOT NULL,
  `created_at` timestamp NULL DEFAULT NULL,
  `updated_at` timestamp NULL DEFAULT NULL,
  PRIMARY KEY (`id`)
) ENGINE=InnoDB AUTO_INCREMENT=24 DEFAULT CHARSET=utf8mb4 COLLATE=utf8mb4_unicode_ci;

INSERT INTO `kategori_pertanyaan_kuisioner` (`id`, `parent_id`, `number`, `nama`, `created_at`, `updated_at`) VALUES
(2,	NULL,	'A',	'Nilai Pembimbing',	NULL,	NULL),
(3,	NULL,	'B',	'Nilai Muthawwif',	NULL,	NULL),
(4,	NULL,	'C',	'Nilai Team',	NULL,	NULL),
(5,	NULL,	'D',	'Kondisi Hotel',	NULL,	NULL),
(6,	NULL,	'E',	'Makanan Hotel',	NULL,	NULL),
(7,	NULL,	'F',	'Transportasi',	NULL,	NULL),
(8,	NULL,	'G',	'Index Program',	NULL,	NULL),
(9,	2,	'',	'Peran Pembimbing secara keseluruhan',	NULL,	NULL),
(10,	3,	'',	'Peran Muthawif secara keseluruhan',	NULL,	NULL),
(11,	4,	'',	'Peran Team Handling secara keseluruhan',	NULL,	NULL),
(12,	4,	'',	'Penanganan masalah oleh Team Percik',	NULL,	NULL),
(14,	4,	'',	'Pelayanan Team Percik secara keseluruhan',	NULL,	NULL),
(15,	5,	'',	'Kondisi Hotel Makkah',	NULL,	NULL),
(16,	5,	'',	'Kondisi Hotel Madinah',	NULL,	NULL),
(17,	6,	'',	'Makanan Hotel Makkah',	NULL,	NULL),
(18,	6,	'',	'Makanan Hotel Madinah',	NULL,	NULL),
(19,	7,	'',	'Kondisi Bus selama di Saudi',	NULL,	NULL),
(20,	7,	'',	'Kondisi pesawat',	NULL,	NULL),
(21,	8,	'',	'Konsistensi program dengan realisasi',	NULL,	NULL),
(22,	8,	'',	'Pemenuhan harapan jamaah',	NULL,	NULL),
(23,	2,	'',	'Peran Asisten Pembimbing secara keseluruhan',	NULL,	NULL);

DROP TABLE IF EXISTS `kategori_pilihan_jawaban`;
CREATE TABLE `kategori_pilihan_jawaban` (
  `id` int NOT NULL AUTO_INCREMENT,
  `nama` varchar(20) DEFAULT NULL,
  `created_at` timestamp NOT NULL DEFAULT CURRENT_TIMESTAMP ON UPDATE CURRENT_TIMESTAMP,
  `updated_at` timestamp NOT NULL DEFAULT '0000-00-00 00:00:00',
  PRIMARY KEY (`id`)
) ENGINE=InnoDB AUTO_INCREMENT=19 DEFAULT CHARSET=utf8mb4 COLLATE=utf8mb4_0900_ai_ci;

INSERT INTO `kategori_pilihan_jawaban` (`id`, `nama`, `created_at`, `updated_at`) VALUES
(1,	'Cepat',	'2022-05-21 02:42:48',	'0000-00-00 00:00:00'),
(2,	'Memuaskan',	'2022-05-21 02:42:56',	'0000-00-00 00:00:00'),
(3,	'Enak',	'2022-05-21 02:43:01',	'0000-00-00 00:00:00'),
(4,	'Terpenuhi',	'2022-06-06 04:35:30',	'2022-06-06 15:35:30'),
(5,	'Nyaman',	'2022-05-21 02:43:15',	'0000-00-00 00:00:00'),
(6,	'Biasa saja',	'2022-05-21 02:43:21',	'0000-00-00 00:00:00'),
(7,	'Tidak semuanya',	'2022-05-21 02:43:27',	'0000-00-00 00:00:00'),
(8,	'Kurang',	'2022-05-21 02:43:32',	'0000-00-00 00:00:00'),
(9,	'Kurang Memuaskan',	'2022-05-21 02:43:40',	'0000-00-00 00:00:00'),
(10,	'Tidak sesuai',	'2022-05-21 02:43:46',	'0000-00-00 00:00:00'),
(11,	'Kurang enak',	'2022-05-21 02:43:51',	'0000-00-00 00:00:00'),
(12,	'Tidak Terpenuhi',	'2022-06-06 04:35:40',	'2022-06-06 15:35:40'),
(13,	'Kurang nyaman',	'2022-05-21 02:44:01',	'0000-00-00 00:00:00'),
(14,	'Kurang cepat',	'2022-05-21 02:44:09',	'0000-00-00 00:00:00'),
(15,	'Tidak enak',	'2022-05-21 02:44:15',	'0000-00-00 00:00:00'),
(16,	'Tidak nyaman',	'2022-05-21 02:44:22',	'0000-00-00 00:00:00'),
(17,	'Lambat',	'2022-05-21 02:44:28',	'0000-00-00 00:00:00'),
(18,	'Mengecewakan',	'2022-05-21 02:44:33',	'0000-00-00 00:00:00');

DROP TABLE IF EXISTS `kuisioner`;
CREATE TABLE `kuisioner` (
  `id` int NOT NULL AUTO_INCREMENT,
  `nama` varchar(50) NOT NULL,
  `lokasi` varchar(50) CHARACTER SET utf8mb4 COLLATE utf8mb4_0900_ai_ci DEFAULT NULL,
  `created_at` timestamp NOT NULL DEFAULT CURRENT_TIMESTAMP ON UPDATE CURRENT_TIMESTAMP,
  `updated_at` timestamp NOT NULL DEFAULT CURRENT_TIMESTAMP,
  PRIMARY KEY (`id`)
) ENGINE=InnoDB AUTO_INCREMENT=9 DEFAULT CHARSET=utf8mb4 COLLATE=utf8mb4_0900_ai_ci;

INSERT INTO `kuisioner` (`id`, `nama`, `lokasi`, `created_at`, `updated_at`) VALUES
(1,	'Kuisioner Umrah : MADINAH',	'Madinah',	'2022-11-15 07:03:51',	'2022-11-15 14:03:51'),
(5,	'Kuisioner Umrah : MEKKAH',	'Mekkah',	'2022-08-07 06:54:34',	'2022-08-07 13:54:34'),
(8,	'Kuisioner Umrah : MEKKAH (TANPA ASISTEN)',	'Mekkah',	'2022-11-15 13:42:10',	'2022-11-15 13:42:10');

DROP TABLE IF EXISTS `kuisioner_umrah`;
CREATE TABLE `kuisioner_umrah` (
  `id` int NOT NULL AUTO_INCREMENT,
  `umrah_id` int DEFAULT NULL,
  `label` varchar(200) DEFAULT NULL,
  `url` varchar(100) DEFAULT NULL,
  `kuisioner_id` int DEFAULT NULL,
  `jumlah_responden` int DEFAULT '0',
  `created_at` timestamp NOT NULL DEFAULT CURRENT_TIMESTAMP ON UPDATE CURRENT_TIMESTAMP,
  `updated_at` timestamp NOT NULL DEFAULT '0000-00-00 00:00:00',
  PRIMARY KEY (`id`),
  KEY `kuisioner_id` (`kuisioner_id`),
  KEY `umrah_id` (`umrah_id`),
  CONSTRAINT `kuisioner_umrah_ibfk_1` FOREIGN KEY (`kuisioner_id`) REFERENCES `kuisioner` (`id`) ON DELETE CASCADE ON UPDATE CASCADE,
  CONSTRAINT `kuisioner_umrah_ibfk_2` FOREIGN KEY (`umrah_id`) REFERENCES `umrah` (`id`) ON DELETE CASCADE ON UPDATE CASCADE
) ENGINE=InnoDB AUTO_INCREMENT=133 DEFAULT CHARSET=utf8mb4 COLLATE=utf8mb4_0900_ai_ci;


DROP TABLE IF EXISTS `master_judul_tugas`;
CREATE TABLE `master_judul_tugas` (
  `id` int NOT NULL AUTO_INCREMENT,
  `master_sop_id` int DEFAULT NULL,
  `nomor` varchar(2) DEFAULT NULL,
  `nama` varchar(50) DEFAULT NULL,
  `create_by` int DEFAULT NULL,
  `created_at` timestamp NOT NULL DEFAULT CURRENT_TIMESTAMP ON UPDATE CURRENT_TIMESTAMP,
  `updated_at` timestamp NOT NULL DEFAULT CURRENT_TIMESTAMP,
  PRIMARY KEY (`id`)
) ENGINE=InnoDB AUTO_INCREMENT=151 DEFAULT CHARSET=latin1;

INSERT INTO `master_judul_tugas` (`id`, `master_sop_id`, `nomor`, `nama`, `create_by`, `created_at`, `updated_at`) VALUES
(1,	1,	'A',	'PRA MANASIK',	2,	'2022-06-22 14:22:12',	'2022-06-22 14:22:12'),
(2,	1,	'B',	'PELAKSANAAN MANASIK',	2,	'2022-08-03 02:41:59',	'2022-08-03 09:41:59'),
(3,	1,	'C',	'PRA KEBERANGKATAN',	2,	'2022-06-22 14:23:32',	'2022-06-22 14:23:08'),
(4,	1,	'D',	'KEBERANGKATAN',	2,	'2022-06-22 14:23:31',	'2022-06-22 14:23:31'),
(5,	1,	'F',	'LANDING MADINAH',	2,	'2022-08-03 22:47:00',	'2022-08-04 05:47:00'),
(6,	1,	'H',	'PELAYANAN SELAMA DI MADINAH',	2,	'2022-08-04 02:46:21',	'2022-08-04 09:46:21'),
(7,	1,	'J',	'PERJALANAN KE MEKKAH',	2,	'2022-08-04 02:28:11',	'2022-08-04 09:28:11'),
(8,	1,	'K',	'TIBA DI MEKKAH',	2,	'2022-08-04 02:28:31',	'2022-08-04 09:28:31'),
(9,	1,	'L',	'PELAKSANAAN UMRAH',	2,	'2022-08-04 02:28:50',	'2022-08-04 09:28:50'),
(10,	1,	'M',	'PELAYANAN SELAMA DI MEKKAH',	2,	'2022-08-04 07:02:00',	'2022-08-04 14:02:00'),
(11,	1,	'O',	'KEPULANGAN',	2,	'2022-08-04 02:29:31',	'2022-08-04 09:29:31'),
(12,	1,	'Q',	'TIBA DI BANDARA SOETTA (KEPULANGAN)',	2,	'2022-08-11 03:41:16',	'2022-08-11 10:41:16'),
(13,	2,	'A',	'PRA MANASIK',	2,	'2022-07-05 07:42:08',	'2022-07-05 18:42:08'),
(14,	2,	'B',	'PELAKSANAAN MANASIK',	2,	'2022-08-03 02:41:32',	'2022-08-03 09:41:32'),
(15,	2,	'C',	'PRA KEBERANGKATAN',	2,	'2022-06-23 02:22:17',	'2022-06-23 02:22:04'),
(16,	2,	'D',	'KEBERANGAKATAN',	2,	'2022-06-23 02:22:17',	'2022-06-23 02:22:04'),
(17,	2,	'E',	'PENERBANGAN-PERGI',	2,	'2022-08-03 22:43:21',	'2022-08-04 05:43:21'),
(18,	2,	'F',	'LANDING BANDARA JEDDAH',	2,	'2022-06-23 02:22:17',	'2022-06-23 02:22:04'),
(19,	2,	'G',	'PERJALANAN KE MEKKAH',	2,	'2022-08-04 06:25:50',	'2022-08-04 13:25:50'),
(20,	2,	'H',	'PELAKSANAAN UMRAH',	2,	'2022-06-23 02:22:17',	'2022-06-23 02:22:04'),
(21,	2,	'J',	'CITY TOUR MEKKAH',	2,	'2022-08-03 05:48:36',	'2022-08-03 12:48:36'),
(22,	2,	'K',	'PERJALANAN KE MADINAH',	2,	'2022-08-03 06:32:29',	'2022-08-03 13:32:29'),
(23,	2,	'L',	'PELAYANAN SELAMA DI MADINAH',	2,	'2022-08-04 02:46:51',	'2022-08-04 09:46:51'),
(24,	2,	'N',	'KEPULANGAN',	2,	'2022-08-03 06:53:35',	'2022-08-03 13:53:35'),
(25,	2,	'P',	'TIBA DI BANDARA SOETTA (KEPULANGAN)',	2,	'2022-08-11 03:45:30',	'2022-08-11 10:45:30'),
(28,	2,	'I',	'PELAYANAN SELAMA DI MEKKAH',	2,	'2022-08-03 05:48:09',	'2022-08-03 12:48:09'),
(29,	2,	'M',	'CITY TOUR MADINAH',	2,	'2022-08-03 06:44:35',	'2022-08-03 13:44:35'),
(30,	1,	'E',	'PENERBANGAN-PERGI',	2,	'2022-08-03 22:43:56',	'2022-08-04 05:43:56'),
(31,	1,	'G',	'PERJALANAN KE MADINAH',	2,	'2022-08-04 02:27:13',	'2022-08-04 09:27:13'),
(32,	1,	'I',	'CITY TOUR MADINAH',	2,	'2022-08-04 02:27:54',	'2022-08-04 09:27:54'),
(33,	1,	'N',	'CITY TOUR MEKKAH',	2,	'2022-08-04 02:29:15',	'2022-08-04 09:29:15'),
(34,	3,	'A',	'PRA MANASIK',	2,	'2022-08-06 11:39:00',	'2022-08-06 11:39:00'),
(35,	3,	'B',	'PELAKSANAAN MANASIK',	2,	'2022-08-06 11:47:31',	'2022-08-06 11:47:31'),
(36,	3,	'C',	'PRA KEBERANGKATAN',	2,	'2022-08-06 11:51:10',	'2022-08-06 11:51:10'),
(37,	3,	'D',	'KEBERANGKATAN',	2,	'2022-08-06 11:54:36',	'2022-08-06 11:54:36'),
(38,	3,	'E',	'PENERBANGAN - PERGI',	2,	'2022-08-06 12:55:12',	'2022-08-06 12:55:12'),
(39,	3,	'F',	'LANDING MADINAH',	2,	'2022-08-06 12:56:57',	'2022-08-06 12:56:57'),
(40,	3,	'G',	'PERJALANAN KE MADINAH',	2,	'2022-08-06 13:51:15',	'2022-08-06 13:51:15'),
(41,	3,	'H',	'PELAYANAN SELAMA DI MADINAH',	2,	'2022-08-06 13:59:47',	'2022-08-06 13:59:47'),
(42,	3,	'I',	'CITY TOUR MADINAH',	2,	'2022-08-06 14:07:26',	'2022-08-06 14:07:26'),
(43,	3,	'J',	'PERJALANAN KE MEKKAH',	2,	'2022-08-06 14:12:03',	'2022-08-06 14:12:03'),
(44,	3,	'K',	'TIBA DI MEKKAH',	2,	'2022-08-06 14:24:48',	'2022-08-06 14:24:48'),
(45,	3,	'L',	'PELAKSANAAN UMRAH',	2,	'2022-08-06 14:26:53',	'2022-08-06 14:26:53'),
(46,	3,	'M',	'PELAYANAN SELAMA DI MEKKAH',	2,	'2022-08-06 14:29:47',	'2022-08-06 14:29:47'),
(47,	3,	'N',	'CITY TOUR MEKKAH',	2,	'2022-08-06 14:54:28',	'2022-08-06 14:54:28'),
(48,	3,	'O',	'KEPULANGAN',	2,	'2022-08-06 14:58:27',	'2022-08-06 14:58:27'),
(49,	3,	'Q',	'TIBA DI BANDARA SOETTA (KEPULANGAN)',	2,	'2022-08-11 03:49:23',	'2022-08-11 10:49:23'),
(50,	4,	'A',	'PRA MANASIK',	2,	'2022-08-06 16:49:12',	'2022-08-06 16:49:12'),
(51,	4,	'B',	'PELAKSANAAN MANASIK',	2,	'2022-08-06 17:00:26',	'2022-08-06 17:00:26'),
(52,	4,	'C',	'PRA KEBARANGKATAN',	2,	'2022-08-06 17:11:35',	'2022-08-06 17:11:35'),
(53,	4,	'D',	'KEBERANGKATAN',	2,	'2022-08-06 17:14:11',	'2022-08-06 17:14:11'),
(54,	4,	'E',	'PENERBANGAN - PERGI',	2,	'2022-08-06 17:19:33',	'2022-08-06 17:19:33'),
(55,	4,	'F',	'LANDING BANDARA JEDDAH',	2,	'2022-08-06 17:25:45',	'2022-08-06 17:25:45'),
(56,	4,	'G',	'PERJALANAN MENUJU MEKKAH',	2,	'2022-08-06 20:52:28',	'2022-08-06 20:52:28'),
(57,	4,	'H',	'PELAKSANAAN UMRAH',	2,	'2022-08-06 21:02:48',	'2022-08-06 21:02:48'),
(58,	4,	'I',	'PELAYANAN SELAMA DI MEKKAH',	2,	'2022-08-06 21:05:53',	'2022-08-06 21:05:53'),
(59,	4,	'J',	'CITY TOUR MEKKAH',	2,	'2022-08-06 21:08:39',	'2022-08-06 21:08:39'),
(60,	4,	'K',	'PERJALANAN KE MADINAH',	2,	'2022-08-07 10:08:39',	'2022-08-07 10:08:39'),
(61,	4,	'L',	'PELAYANAN SELAMA DI MADINAH',	2,	'2022-08-07 10:17:33',	'2022-08-07 10:17:33'),
(62,	4,	'M',	'KEPULANGAN',	2,	'2022-08-07 10:48:44',	'2022-08-07 10:48:44'),
(63,	4,	'N',	'TIBA DI BANDARA SOETTA (KEPULANGAN)',	2,	'2022-08-07 10:54:24',	'2022-08-07 10:54:24'),
(64,	9,	'A',	'tes',	2,	'2022-08-08 13:36:34',	'2022-08-08 13:36:34'),
(65,	5,	'A',	'PRA MANASIK',	2,	'2022-08-10 15:46:45',	'2022-08-10 15:46:45'),
(66,	5,	'B',	'PELAKSANAAN MANASIK',	2,	'2022-08-10 15:49:12',	'2022-08-10 15:49:12'),
(67,	5,	'C',	'PRA KEBERANGKATAN',	2,	'2022-08-10 15:51:34',	'2022-08-10 15:51:34'),
(68,	5,	'D',	'KEBERANGKATAN',	2,	'2022-08-10 15:53:04',	'2022-08-10 15:53:04'),
(69,	5,	'F',	'LANDING DI BANDARA TRANSIT - PERGI',	2,	'2022-08-11 03:28:11',	'2022-08-11 10:28:11'),
(70,	5,	'H',	'LANDING MADINAH',	2,	'2022-08-11 03:20:59',	'2022-08-11 10:20:59'),
(71,	5,	'E',	'PENERBANGAN MENUJU TRANSIT - PERGI',	2,	'2022-08-11 03:19:36',	'2022-08-11 10:19:36'),
(72,	5,	'I',	'PERJALANAN KE MADINAH',	2,	'2022-08-11 03:21:20',	'2022-08-11 10:21:20'),
(73,	5,	'J',	'PELAYANAN SELAMA DI MADINAH',	2,	'2022-08-11 03:21:35',	'2022-08-11 10:21:35'),
(74,	5,	'K',	'CITY TOUR MADINAH',	2,	'2022-08-11 03:21:44',	'2022-08-11 10:21:44'),
(75,	5,	'L',	'PERJALANAN KE MEKKAH',	2,	'2022-08-11 03:22:12',	'2022-08-11 10:22:12'),
(76,	5,	'M',	'TIBA DI MEKKAH',	2,	'2022-08-11 03:22:21',	'2022-08-11 10:22:21'),
(77,	5,	'N',	'PELAKSANAAN UMRAH',	2,	'2022-08-11 03:22:30',	'2022-08-11 10:22:30'),
(78,	5,	'O',	'PELAYANAN SELAMA DI MEKKAH',	2,	'2022-08-11 03:22:41',	'2022-08-11 10:22:41'),
(79,	5,	'P',	'CITY TOUR MEKKAH',	2,	'2022-08-11 03:22:49',	'2022-08-11 10:22:49'),
(80,	5,	'Q',	'KEPULANGAN',	2,	'2022-08-11 03:22:59',	'2022-08-11 10:22:59'),
(81,	5,	'U',	'TIBA DI BANDARA SOETTA (KEPULANGAN)',	2,	'2022-08-11 03:25:54',	'2022-08-11 10:25:54'),
(82,	6,	'A',	'PRA MANASIK',	2,	'2022-08-11 09:58:04',	'2022-08-11 09:58:04'),
(83,	6,	'B',	'PELAKSANAAN MANASIK',	2,	'2022-08-11 09:58:12',	'2022-08-11 09:58:12'),
(84,	6,	'C',	'PRA KEBERANGKATAN',	2,	'2022-08-11 09:58:19',	'2022-08-11 09:58:19'),
(85,	6,	'D',	'KEBERANGKATAN',	2,	'2022-08-11 09:58:27',	'2022-08-11 09:58:27'),
(86,	6,	'E',	'PENERBANGAN PERGI',	2,	'2022-08-11 10:09:34',	'2022-08-11 10:09:34'),
(87,	6,	'F',	'LANDING BANDARA TRANSIT',	2,	'2022-08-11 10:13:46',	'2022-08-11 10:13:46'),
(88,	5,	'R',	'PENERBANGAN MENUJU TRANSIT - PULANG',	2,	'2022-08-11 03:23:09',	'2022-08-11 10:23:09'),
(89,	5,	'S',	'LANDING BANDARA TRANSIT - PULANG',	2,	'2022-08-11 03:28:28',	'2022-08-11 10:28:28'),
(90,	5,	'G',	'PENERBANGAN MENUJU MADINAH',	2,	'2022-08-11 03:20:32',	'2022-08-11 10:20:32'),
(91,	5,	'T',	'PENERBANGAN MENUJU JAKARTA',	2,	'2022-08-11 03:26:46',	'2022-08-11 10:26:46'),
(92,	1,	'P',	'PENERBANGAN PULANG',	2,	'2022-08-11 03:41:06',	'2022-08-11 10:41:06'),
(93,	2,	'O',	'PENERBANGAN - PULANG',	2,	'2022-08-11 03:45:39',	'2022-08-11 10:45:39'),
(94,	3,	'P',	'PENERBANGAN - PULANG',	2,	'2022-08-11 03:49:47',	'2022-08-11 10:49:47'),
(95,	6,	'G',	'PENERBANGAN MENUJU JEDDAH',	2,	'2022-08-11 11:22:42',	'2022-08-11 11:22:42'),
(96,	6,	'H',	'LANDING BANDARA JEDDAH',	2,	'2022-08-11 11:51:27',	'2022-08-11 11:51:27'),
(97,	6,	'I',	'PERJALANAN KE MEKKAH',	2,	'2022-08-11 13:16:12',	'2022-08-11 13:16:12'),
(98,	6,	'J',	'PELAKSANAAN UMRAH',	2,	'2022-08-11 13:23:07',	'2022-08-11 13:23:07'),
(99,	6,	'K',	'PELAYANAN SELAMA D MEKKAH',	2,	'2022-08-11 13:36:13',	'2022-08-11 13:36:13'),
(100,	6,	'L',	'CITY TOUR MEKKAH',	2,	'2022-08-11 13:40:13',	'2022-08-11 13:40:13'),
(101,	7,	'A',	'PRA MANASIK',	2,	'2022-08-11 09:58:04',	'2022-08-11 09:58:04'),
(102,	7,	'B',	'PELAKSANAAN MANASIK',	2,	'2022-08-11 09:58:12',	'2022-08-11 09:58:12'),
(103,	7,	'C',	'PRA KEBERANGKATAN',	2,	'2022-08-11 09:58:19',	'2022-08-11 09:58:19'),
(104,	7,	'D',	'KEBERANGKATAN',	2,	'2022-08-11 09:58:27',	'2022-08-11 09:58:27'),
(105,	7,	'E',	'PENERBANGAN PERGI',	2,	'2022-08-11 10:09:34',	'2022-08-11 10:09:34'),
(106,	7,	'F',	'LANDING BANDARA TRANSIT',	2,	'2022-08-11 10:13:46',	'2022-08-11 10:13:46'),
(107,	7,	'G',	'PENERBANGAN MENUJU JEDDAH',	2,	'2022-08-11 11:22:42',	'2022-08-11 11:22:42'),
(108,	7,	'H',	'LANDING BANDARA JEDDAH',	2,	'2022-08-11 11:51:27',	'2022-08-11 11:51:27'),
(109,	7,	'I',	'PERJALANAN KE MEKKAH',	2,	'2022-08-11 13:16:12',	'2022-08-11 13:16:12'),
(110,	7,	'J',	'PELAKSANAAN UMRAH',	2,	'2022-08-11 13:23:07',	'2022-08-11 13:23:07'),
(111,	7,	'K',	'PELAYANAN SELAMA D MEKKAH',	2,	'2022-08-11 13:36:13',	'2022-08-11 13:36:13'),
(112,	7,	'L',	'CITY TOUR MEKKAH',	2,	'2022-08-11 13:40:13',	'2022-08-11 13:40:13'),
(116,	8,	'A',	'PRA MANASIK',	2,	'2022-08-11 09:58:04',	'2022-08-11 09:58:04'),
(117,	8,	'B',	'PELAKSANAAN MANASIK',	2,	'2022-08-11 09:58:12',	'2022-08-11 09:58:12'),
(118,	8,	'C',	'PRA KEBERANGKATAN',	2,	'2022-08-11 09:58:19',	'2022-08-11 09:58:19'),
(119,	8,	'D',	'KEBERANGKATAN',	2,	'2022-08-11 09:58:27',	'2022-08-11 09:58:27'),
(120,	8,	'E',	'PENERBANGAN PERGI',	2,	'2022-08-11 10:09:34',	'2022-08-11 10:09:34'),
(121,	8,	'F',	'LANDING BANDARA TRANSIT',	2,	'2022-08-11 10:13:46',	'2022-08-11 10:13:46'),
(122,	8,	'G',	'PENERBANGAN MENUJU JEDDAH',	2,	'2022-08-11 11:22:42',	'2022-08-11 11:22:42'),
(123,	8,	'H',	'LANDING BANDARA JEDDAH',	2,	'2022-08-11 11:51:27',	'2022-08-11 11:51:27'),
(124,	8,	'I',	'PERJALANAN KE MEKKAH',	2,	'2022-08-11 13:16:12',	'2022-08-11 13:16:12'),
(125,	8,	'J',	'PELAKSANAAN UMRAH',	2,	'2022-08-11 13:23:07',	'2022-08-11 13:23:07'),
(126,	8,	'K',	'PELAYANAN SELAMA D MEKKAH',	2,	'2022-08-11 13:36:13',	'2022-08-11 13:36:13'),
(127,	8,	'L',	'CITY TOUR MEKKAH',	2,	'2022-08-11 13:40:13',	'2022-08-11 13:40:13'),
(131,	6,	'M',	'PERJALANAN KE MADINAH',	2,	'2022-11-10 09:31:45',	'2022-11-10 09:31:45'),
(132,	6,	'N',	'PELAYANAN SELAM DI MADINAH',	2,	'2022-11-10 09:32:13',	'2022-11-10 09:32:13'),
(133,	6,	'O',	'CITY TOUR MADINAH',	2,	'2022-11-10 09:32:28',	'2022-11-10 09:32:28'),
(134,	6,	'P',	'KEPULANGAN',	2,	'2022-11-10 09:32:44',	'2022-11-10 09:32:44'),
(135,	6,	'Q',	'PENERBANGAN MENUJU TRANSIT - PULANG',	2,	'2022-11-10 03:34:46',	'2022-11-10 10:34:46'),
(136,	6,	'T',	'TIBA DI BANDARA SOETTA (KEPULANGAN)',	2,	'2022-11-10 03:36:11',	'2022-11-10 10:36:11'),
(137,	6,	'R',	'LANDING BANDARA TRANSIT - PULANG',	2,	'2022-11-10 03:38:40',	'2022-11-10 10:38:40'),
(138,	6,	'S',	'PENERBANGAN MENUJU JAKARTA',	2,	'2022-11-10 03:37:04',	'2022-11-10 10:37:04');

DROP TABLE IF EXISTS `master_judul_tugas_petugas`;
CREATE TABLE `master_judul_tugas_petugas` (
  `id` int NOT NULL AUTO_INCREMENT,
  `master_sop_petugas_id` int DEFAULT NULL,
  `nomor` varchar(2) CHARACTER SET latin1 COLLATE latin1_swedish_ci DEFAULT NULL,
  `nama` varchar(50) CHARACTER SET latin1 COLLATE latin1_swedish_ci DEFAULT NULL,
  `create_by` int DEFAULT NULL,
  `created_at` timestamp NOT NULL DEFAULT CURRENT_TIMESTAMP ON UPDATE CURRENT_TIMESTAMP,
  `updated_at` timestamp NOT NULL DEFAULT CURRENT_TIMESTAMP,
  PRIMARY KEY (`id`)
) ENGINE=InnoDB AUTO_INCREMENT=5 DEFAULT CHARSET=utf8mb4 COLLATE=utf8mb4_0900_ai_ci;

INSERT INTO `master_judul_tugas_petugas` (`id`, `master_sop_petugas_id`, `nomor`, `nama`, `create_by`, `created_at`, `updated_at`) VALUES
(1,	1,	'A',	'KEBERANGKATAN',	2,	'2022-10-06 03:53:40',	'2022-10-06 10:53:40'),
(2,	1,	'B',	'KEPULANGAN',	2,	'2022-10-06 10:53:49',	'2022-10-06 10:53:49');

DROP TABLE IF EXISTS `master_sop`;
CREATE TABLE `master_sop` (
  `id` bigint unsigned NOT NULL AUTO_INCREMENT,
  `name` varchar(255) CHARACTER SET utf8mb4 COLLATE utf8mb4_unicode_ci NOT NULL,
  `created_by` int NOT NULL,
  `created_at` timestamp NULL DEFAULT NULL,
  `updated_at` timestamp NULL DEFAULT NULL,
  PRIMARY KEY (`id`)
) ENGINE=InnoDB AUTO_INCREMENT=18 DEFAULT CHARSET=utf8mb4 COLLATE=utf8mb4_unicode_ci;

INSERT INTO `master_sop` (`id`, `name`, `created_by`, `created_at`, `updated_at`) VALUES
(1,	'1. SOP BIMBINGAN UMRAH - DIRECT MADINAH',	2,	NULL,	'2022-08-03 14:28:57'),
(2,	'2. SOP BIMBINGAN UMRAH - DIRECT MEKKAH',	2,	NULL,	'2022-08-03 14:29:11'),
(3,	'3. SOP ASISTEN PEMBIMBING - DIRECT MADINAH',	2,	'2022-08-03 14:23:17',	'2022-08-03 14:25:22'),
(4,	'4. SOP ASISTEN PEMBIMBING - DIRECT MEKKAH',	2,	'2022-08-03 14:23:44',	'2022-08-03 14:25:34'),
(5,	'5. SOP BIMBINGAN UMRAH - TRANSIT TO MADINAH',	2,	'2022-08-03 14:28:15',	'2022-08-03 14:28:15'),
(6,	'6. SOP BIMBINGAN UMRAH - TRANSIT TO MEKKAH',	2,	'2022-08-03 14:28:42',	'2022-08-03 14:28:42'),
(7,	'7. SOP ASISTEN PEMBIMBING - TRANSIT TO MADINAH',	2,	'2022-08-03 14:32:18',	'2022-08-03 14:32:18'),
(8,	'8. SOP ASISTEN PEMBIMBING - TRANSIT TO MEKKAH',	2,	'2022-08-03 14:32:35',	'2022-08-03 14:32:35');

DROP TABLE IF EXISTS `master_sop_petugas`;
CREATE TABLE `master_sop_petugas` (
  `id` bigint unsigned NOT NULL AUTO_INCREMENT,
  `name` varchar(255) CHARACTER SET utf8mb4 COLLATE utf8mb4_unicode_ci NOT NULL,
  `created_by` int NOT NULL,
  `created_at` timestamp NULL DEFAULT NULL,
  `updated_at` timestamp NULL DEFAULT NULL,
  PRIMARY KEY (`id`)
) ENGINE=InnoDB AUTO_INCREMENT=3 DEFAULT CHARSET=utf8mb4 COLLATE=utf8mb4_0900_ai_ci;

INSERT INTO `master_sop_petugas` (`id`, `name`, `created_by`, `created_at`, `updated_at`) VALUES
(1,	'SOP PETUGAS HANDLING',	2,	'2022-10-03 08:33:52',	'2022-10-06 10:12:40');

DROP TABLE IF EXISTS `master_tugas`;
CREATE TABLE `master_tugas` (
  `id` int NOT NULL AUTO_INCREMENT,
  `master_sop_id` int DEFAULT NULL,
  `master_judul_tugas_id` int DEFAULT NULL,
  `nomor` int DEFAULT NULL,
  `nama` longtext NOT NULL,
  `nilai_point` int DEFAULT '0',
  `require_image` enum('Y','N') DEFAULT 'Y',
  `require_doc` enum('Y','N') DEFAULT 'Y',
  `create_by` int DEFAULT NULL,
  `updated_by` int DEFAULT NULL,
  `created_at` timestamp NOT NULL DEFAULT CURRENT_TIMESTAMP ON UPDATE CURRENT_TIMESTAMP,
  `updated_at` timestamp NOT NULL DEFAULT CURRENT_TIMESTAMP,
  PRIMARY KEY (`id`)
) ENGINE=InnoDB AUTO_INCREMENT=1552 DEFAULT CHARSET=utf8mb4 COLLATE=utf8mb4_0900_ai_ci;

INSERT INTO `master_tugas` (`id`, `master_sop_id`, `master_judul_tugas_id`, `nomor`, `nama`, `nilai_point`, `require_image`, `require_doc`, `create_by`, `updated_by`, `created_at`, `updated_at`) VALUES
(1,	1,	1,	1,	'Menerima data dari admin Percik Tours berupa : Itinerary program umrah, daftar identitas jamaah, jadwal manasik dan keberangkatan.',	1,	'Y',	'Y',	2,	NULL,	'2022-11-10 03:46:30',	'2022-11-10 10:46:30'),
(2,	1,	1,	2,	'Mempelajari dan memahami tugas bimbingan Umrah : paket program, itinerary, jumlah jamaah.',	3,	'Y',	'Y',	NULL,	NULL,	'2022-08-03 02:30:24',	'2022-08-03 09:30:24'),
(3,	1,	1,	3,	'Mempelajari dan mengetahui daftar peserta/jamaah :sebaran usia, pekerjaan, pendidikan, dll',	3,	'N',	'Y',	NULL,	NULL,	'2022-08-06 12:21:29',	'2022-08-06 19:21:29'),
(4,	1,	1,	4,	'Mempelajari dan menyiapkan materi manasik',	3,	'Y',	'Y',	NULL,	NULL,	'2022-08-01 22:43:27',	'2022-08-02 09:43:27'),
(5,	1,	1,	5,	'Berkoordinasi dengan management untuk pelaksanaan manasik',	1,	'N',	'Y',	NULL,	NULL,	'2022-08-06 12:21:58',	'2022-08-06 19:21:58'),
(6,	1,	2,	1,	'Hadir di tempat manasik paling lambat 30 menit sebelum acara dimulai',	3,	'Y',	'Y',	NULL,	NULL,	'2022-08-03 02:45:51',	'2022-08-03 09:45:51'),
(7,	1,	2,	6,	'Memastikan tim manasik dalam pembuatan video liputan manasik',	1,	'N',	'Y',	NULL,	NULL,	'2022-08-06 12:22:08',	'2022-08-06 19:22:08'),
(8,	1,	3,	1,	'Menyiapkan perlengkapan pribadi pembimbing',	1,	'Y',	'Y',	NULL,	NULL,	'2022-08-03 03:01:53',	'2022-08-03 10:01:53'),
(10,	1,	4,	1,	'Hadir paling lambat 30 menit sebelum waktu keberangakatan.',	3,	'Y',	'Y',	NULL,	NULL,	'2022-08-03 22:35:56',	'2022-08-04 05:35:56'),
(11,	1,	4,	2,	'Memberikan pengarahan (maksimal 10 menit) saat pelepasan sebelum berangkat.',	3,	'Y',	'Y',	NULL,	NULL,	'2022-08-03 03:36:42',	'2022-08-03 10:36:42'),
(12,	1,	4,	4,	'Memimpin do\'a perjalanan sesaat setelah bis berjalan.',	3,	'Y',	'Y',	NULL,	NULL,	'2022-08-03 22:39:01',	'2022-08-04 05:39:01'),
(13,	1,	4,	3,	'Cek kesiapan tim handling, kelengkapan peserta, bis, sebelum berangkat.',	1,	'N',	'Y',	NULL,	NULL,	'2022-08-06 12:22:34',	'2022-08-06 19:22:34'),
(14,	1,	4,	5,	'Menyampaikan makna do\'a safar serta menyampaikan informasi-informasi lainnya yang sekiranya diperlukan',	3,	'Y',	'Y',	NULL,	NULL,	'2022-08-03 03:39:29',	'2022-08-03 10:39:29'),
(15,	1,	4,	6,	'Koordinasi dengan tim handling selama perjalanan menuju bandara.',	1,	'N',	'Y',	NULL,	NULL,	'2022-08-06 12:23:10',	'2022-08-06 19:23:10'),
(16,	1,	4,	7,	'Memberikan pengarahan saat ada di hotel transit : (1). Pengarahan seputar pelaksanaan boarding, (2). Mengingatkan kembali secara singkat tahapan ibadah umrah, (3). Tausyiah (jika masih ada waktu)',	3,	'Y',	'Y',	NULL,	NULL,	'2022-08-03 03:41:59',	'2022-08-03 10:41:59'),
(17,	1,	4,	8,	'Memandu perkenalan antar jamaah',	3,	'Y',	'Y',	NULL,	NULL,	'2022-08-03 03:42:23',	'2022-08-03 10:42:23'),
(18,	1,	4,	9,	'Apabila Delay -> Memberikan informasi keterlambatan secara akurat dan memberikan motivasi kepada jama’ah untuk senantiasa sabar saat menunggu.',	3,	'Y',	'Y',	NULL,	NULL,	'2022-08-02 04:29:17',	'2022-08-02 15:29:17'),
(19,	1,	4,	10,	'Saat di bandara mengarahkan jama’ah saat boarding hingga tiba di gate penerbangan.',	1,	'Y',	'Y',	NULL,	NULL,	'2022-08-03 03:44:46',	'2022-08-03 10:44:46'),
(20,	1,	4,	11,	'Menyapa, dialog, berkomunikasi dengan jama’ah saat di gate sambil menunggu waktu take off.',	1,	'Y',	'Y',	NULL,	NULL,	'2022-08-03 03:45:16',	'2022-08-03 10:45:16'),
(21,	1,	4,	13,	'Mengarahkan jama’ah saat memasuki pesawat, jika diperlukan ikut membantu mengatur tempat duduk, dan penyimpanan tas cabin.',	3,	'N',	'Y',	NULL,	NULL,	'2022-08-06 12:23:45',	'2022-08-06 19:23:45'),
(22,	1,	4,	14,	'Melakukan liputan video selama keberangkatan',	3,	'Y',	'Y',	NULL,	NULL,	'2022-08-03 03:49:19',	'2022-08-03 10:49:19'),
(23,	1,	5,	1,	'Koordinasi langsung dengan tim penjemputan bandara, handling saudi, dan muthowwif saat pesawat landing.',	3,	'N',	'Y',	NULL,	NULL,	'2022-08-06 12:24:16',	'2022-08-06 19:24:16'),
(24,	1,	5,	2,	'Memantau dan mengarahkan jama\'ah saat keluar dari pesawat hingga ke tempat imigrasi',	3,	'Y',	'Y',	NULL,	NULL,	'2022-08-06 12:24:39',	'2022-08-06 19:24:39'),
(25,	1,	5,	3,	'Memastikan semua jamaah tidak mengalami kendala saat pemeriksaan imigrasi saudi. (Apabila rombongan hanya 1 bis, pembimbing utama berada di belakang antrian terakhir jamaah percik. Apabila lebih dari 1 bis, pembimbing utama di antrian depan sehingga bisa lebih dahulu masuk ke comveyor bagasi dan asisten pembimbing dibagian terakhir dibelakang antrian jamaah percik).',	3,	'Y',	'Y',	NULL,	NULL,	'2022-08-03 22:59:36',	'2022-08-04 05:59:36'),
(26,	1,	5,	4,	'Koordinasi dengan petugas (porter) di dalam bandara untuk pengambilan dan penghantaran koper bagasi.',	3,	'Y',	'Y',	NULL,	NULL,	'2022-08-03 23:00:22',	'2022-08-04 06:00:22'),
(27,	1,	5,	5,	'Memastikan dan mengingatkan semua jamaah untuk mengecek kembali koper/barangnya masing-masing agar tidak ada yang tertinggal di dalam bandara.',	3,	'N',	'Y',	NULL,	NULL,	'2022-08-06 12:24:49',	'2022-08-06 19:24:49'),
(28,	1,	5,	6,	'Final cek kelengkapan koper jama\'ah di baggage claim, pastikan tidak ada yang tertinggal.',	3,	'Y',	'Y',	NULL,	NULL,	'2022-08-03 23:03:05',	'2022-08-04 06:03:05'),
(29,	1,	5,	7,	'Koordinasi dengan tim penjemputan seputar kelengkapan jama\'ah dan koper sebelum pembimbing keluar bandara.',	3,	'N',	'Y',	NULL,	NULL,	'2022-08-06 12:25:09',	'2022-08-06 19:25:09'),
(30,	1,	5,	8,	'Koordinasi dengan tim handling bandara untuk kelengkapan koper begitu tiba di Bis.',	3,	'N',	'Y',	NULL,	NULL,	'2022-08-06 12:25:17',	'2022-08-06 19:25:17'),
(31,	1,	5,	9,	'Mengumpulkan paspor jama\'ah di dalam bis.',	3,	'Y',	'Y',	NULL,	NULL,	'2022-08-03 23:05:13',	'2022-08-04 06:05:13'),
(32,	1,	5,	10,	'Cek kelengkapan jama\'ah sebelum bis berangkat.',	3,	'N',	'Y',	NULL,	NULL,	'2022-08-06 12:25:24',	'2022-08-06 19:25:24'),
(33,	1,	5,	11,	'Membuat video liputan kedatangan',	3,	'Y',	'Y',	NULL,	NULL,	'2022-08-06 12:26:03',	'2022-08-06 19:26:03'),
(36,	1,	6,	1,	'Mengkoordinir muthowwif dan handling untuk memastikan jama\'ah mendapatkan pelayanan yang baik dan maksimal selama berada di Madinah.',	3,	'Y',	'Y',	NULL,	NULL,	'2022-08-04 02:40:28',	'2022-08-04 09:40:28'),
(37,	1,	6,	2,	'Segera merespon dan menyelesaikan apabila ditemukan permasalahan di lapangan.',	3,	'Y',	'Y',	NULL,	NULL,	'2022-08-04 02:45:58',	'2022-08-04 09:45:58'),
(38,	1,	6,	3,	'Senantiasa menyapa, membuka obrolan, menghimpun informasi di setiap waktu makan di restoran hotel',	1,	'Y',	'Y',	NULL,	NULL,	'2022-08-04 02:53:12',	'2022-08-04 09:53:12'),
(39,	1,	6,	4,	'Memastikan muthowwif selalu stand by di restoran & lobby hotel melayani jamaah.',	1,	'Y',	'Y',	NULL,	NULL,	'2022-08-04 02:54:15',	'2022-08-04 09:54:15'),
(40,	1,	6,	5,	'Menginformasikan kepada jama\'ah berkaitan dengan proses check out hotel, pengumpulan koper, kumpul di lobby, dan program berikutnya : program ke Mekkah dan pelaksanaan umrah',	3,	'Y',	'Y',	NULL,	NULL,	'2022-08-04 02:56:22',	'2022-08-04 09:56:22'),
(45,	1,	6,	7,	'Membimbing dan mengarahkan jama’ah saat ziarah ke Raudah dan Makam Rasulullah Saw.',	3,	'Y',	'Y',	NULL,	NULL,	'2022-08-04 03:14:25',	'2022-08-04 10:14:25'),
(46,	1,	6,	6,	'Berkoordinasi dengan muthowwif dan muthowwifah untuk pelaksanaan ziarah Raudhah dan Makam Rasulullah Saw.',	3,	'N',	'Y',	NULL,	NULL,	'2022-08-06 12:34:20',	'2022-08-06 19:34:20'),
(47,	1,	6,	8,	'Cek kesiapan perlengkapan ziarah, bis, sopir, konsumsi untuk pelaksanaan ziarah kota Madinah.',	3,	'Y',	'Y',	NULL,	NULL,	'2022-08-04 03:14:32',	'2022-08-04 10:14:32'),
(51,	1,	6,	9,	'Memberikan informasi program/acara berikutnya terutama seputar pemantapan manasik dan kesiapan perjalanan menuju Makkah.',	3,	'Y',	'Y',	NULL,	NULL,	'2022-08-04 03:14:59',	'2022-08-04 10:14:59'),
(52,	1,	6,	10,	'Mengisi Ta’lim (di resto hotel / halaman Nabawi): manasik umrah, informasi seputar kota Makkah dan apa saja yang harus disiapkan untuk keberangkatan ke kota Makkah.',	3,	'Y',	'Y',	NULL,	NULL,	'2022-08-04 03:15:07',	'2022-08-04 10:15:07'),
(53,	1,	6,	12,	'Sehari sebelumnya koordinasi dengan team handling & muthawwif : kesiapan bis, sopir, muasasah, konsumsi untuk perjalanan ke Makkah.',	3,	'Y',	'Y',	NULL,	NULL,	'2022-08-04 03:45:41',	'2022-08-04 10:45:41'),
(54,	1,	6,	13,	'Berkoordinasi dengan Muthawwif tentang kesiapan check out dan pengangkutan koper.',	3,	'N',	'Y',	NULL,	NULL,	'2022-08-06 12:34:54',	'2022-08-06 19:34:54'),
(55,	1,	6,	14,	'Sehari sebelumnya koordinasi dengan tim handling Makkah: kesiapan hotel Makkah, pelaksanaan umrah, pengaturan kamar dan proses check in hotel.',	3,	'N',	'Y',	NULL,	NULL,	'2022-08-06 12:35:02',	'2022-08-06 19:35:02'),
(56,	1,	7,	1,	'Cek & ricek kesiapan check out, bus, sopir, hotel di Makkah, muasasah, paspor jama’ah.',	3,	'Y',	'Y',	NULL,	NULL,	'2022-08-02 04:43:22',	'2022-08-02 15:43:22'),
(57,	1,	7,	2,	'Memastikan seluruh koper sudah masuk bus, dan tidak ada yang tertinggal di hotel.',	2,	'Y',	'Y',	NULL,	NULL,	'2022-08-02 04:43:30',	'2022-08-02 15:43:30'),
(58,	1,	7,	3,	'Memastikan seluruh jama’ah sudah berseragam ihram.',	2,	'Y',	'Y',	NULL,	NULL,	'2022-08-02 04:43:40',	'2022-08-02 15:43:40'),
(59,	1,	7,	4,	'Memastikan kelengkapan jama’ah sebelum berangkat.',	2,	'Y',	'Y',	NULL,	NULL,	'2022-08-06 12:36:34',	'2022-08-06 19:36:34'),
(60,	1,	7,	5,	'Memimpin doa perjalanan.',	3,	'Y',	'Y',	NULL,	NULL,	'2022-08-02 04:43:57',	'2022-08-02 15:43:57'),
(61,	1,	7,	6,	'Ta’lim 5-10 menit saat meninggalkan kota Madinah. Materi ta’lim seputar: keutamaan Kota Haram Madinah, mengingatkan jama’ah untuk senantiasa bersyukur dan berdoa supaya diberikan kesempatan oleh Allah kembali ke Kota Madinah.',	3,	'Y',	'Y',	NULL,	NULL,	'2022-08-02 04:44:07',	'2022-08-02 15:44:07'),
(62,	1,	7,	7,	'Mengingatkan kembali kepada jama’ah tentang keutamaan dalam berihram (sunnah2 dalam berihram, larangan2 sedang berihram).',	3,	'Y',	'Y',	NULL,	NULL,	'2022-08-02 04:44:15',	'2022-08-02 15:44:15'),
(63,	1,	7,	8,	'Memberikan informasi apa saja yang bisa dilakukan oleh jama’ah selama berada di Masjid Bier Ali (shalat tahiyyatul masjid), dan mengingatkan jama’ah bahwa pengucapan Ihlal Ihram dilakukan bersama-sama di dalam bus sebelum berangkat ke Makkah.',	3,	'Y',	'Y',	NULL,	NULL,	'2022-08-02 04:44:22',	'2022-08-02 15:44:22'),
(64,	1,	7,	9,	'Mengarahkan jama’ah memasuki Masjid Bier Ali.',	2,	'Y',	'Y',	NULL,	NULL,	'2022-08-02 04:44:28',	'2022-08-02 15:44:28'),
(65,	1,	7,	10,	'Cek kelengkapan jama’ah saat berkumpul kembali di dalam bus.',	2,	'Y',	'Y',	NULL,	NULL,	'2022-08-02 04:44:36',	'2022-08-02 15:44:36'),
(66,	1,	7,	11,	'Setelah jama’ah lengkap masuk ke bus dan sebelum bus berangkat, pembimbing mengecek kesiapan ihram seluruh jama’ah. Pastikan semua jama’ah berihram sesuai dengan ketentuan.',	3,	'N',	'Y',	NULL,	NULL,	'2022-08-06 12:36:59',	'2022-08-06 19:36:59'),
(67,	1,	7,	12,	'Pembimbing memimpin pengucapan ihlal ihram sesaat sebelum bus bergerak..',	3,	'Y',	'Y',	NULL,	NULL,	'2022-08-04 06:28:42',	'2022-08-04 13:28:42'),
(68,	1,	7,	13,	'Setelah bus melaju, pembimbing memimpin talbiyah sampai cukup waktu dan mempersilahkan jama’ah untuk istirahat dan menikmati perjalanan menuju Makkah.',	3,	'Y',	'Y',	NULL,	NULL,	'2022-08-04 06:29:18',	'2022-08-04 13:29:18'),
(69,	1,	7,	14,	'Mengarahkan jama’ah saat memasuki rest area.',	1,	'N',	'Y',	NULL,	NULL,	'2022-08-06 12:37:25',	'2022-08-06 19:37:25'),
(70,	1,	7,	15,	'Cek kelengkapan jama’ah sebelum melanjutkan perjalanan.',	1,	'N',	'Y',	NULL,	NULL,	'2022-08-06 12:37:14',	'2022-08-06 19:37:14'),
(71,	1,	7,	16,	'Berkoordinasi dengan team handling Makkah tentang kesiapan check in Hotel Makkah.',	3,	'N',	'Y',	NULL,	NULL,	'2022-08-06 12:37:36',	'2022-08-06 19:37:36'),
(72,	1,	7,	17,	'Pastikan kesiapan hotel : kamar sudah sesuai rooming list, kunci hotel sudah ready, dan air mineral (jika tdk disediakan pihak hotel) sudah ada di dalam kamar.',	3,	'Y',	'Y',	NULL,	NULL,	'2022-08-04 06:32:21',	'2022-08-04 13:32:21'),
(73,	1,	8,	1,	'Mengarahkan jama’ah masuk hotel.',	1,	'Y',	'Y',	NULL,	NULL,	'2022-08-02 04:54:21',	'2022-08-02 15:54:21'),
(74,	1,	8,	2,	'Mengumpulkan seluruh jama’ah di lobby hotel atau di restoran dan memberikan pengarahan tentang persiapan pelaksanaan Umrah : waktu dan tempat kumpul, apa saja yang harus di bawa dan tidak boleh di bawa, dan informasi lainnya yang sekiranya perlu disampaikan.',	3,	'Y',	'Y',	NULL,	NULL,	'2022-08-02 04:54:39',	'2022-08-02 15:54:39'),
(75,	1,	8,	3,	'Membantu muthawwif/team handling untuk membagikan kunci kamar kepada jama’ah.',	1,	'Y',	'Y',	NULL,	NULL,	'2022-08-04 06:33:16',	'2022-08-04 13:33:16'),
(76,	1,	8,	4,	'Koordinasi dengan tim handling dan muthawif untuk memastikan semua koper terkirim secara benar ke semua jama’ah.',	3,	'Y',	'Y',	NULL,	NULL,	'2022-08-04 06:33:57',	'2022-08-04 13:33:57'),
(77,	1,	8,	5,	'Mengkoordinir Muthawif dan tim handling untuk memastikan semua jamaah mendapatkan kelengkapan dan fasilitas kamar yang sesuai.',	3,	'N',	'Y',	NULL,	NULL,	'2022-08-06 12:37:59',	'2022-08-06 19:37:59'),
(80,	1,	9,	3,	'Memimpin dan mengarahkan jamaah menuju ke Masjidil Haram.',	2,	'Y',	'Y',	NULL,	NULL,	'2022-08-04 06:48:59',	'2022-08-04 13:48:59'),
(81,	1,	9,	4,	'BRIEFING UMRAH TAHAP KE-2 : di halaman Masjidil Haram. Materi briefing meliputi: penjelasan singkat keadaan umum disekitar halaman masjidil haram termasuk akses pintu masuk masjidil haram, arah/jalur menuju hotel jamaah, mengingatkan jama’ah tahapan ibadah yang akan dilakukan yaitu membaca doa saat masuk masjid, membaca doa saat melihat ka’bah ketika sudah berada di dalam masjid, dan info lain yang berkaitan disampaikan secara singkat.',	3,	'Y',	'Y',	NULL,	NULL,	'2022-08-04 06:49:39',	'2022-08-04 13:49:39'),
(82,	1,	9,	5,	'Memimpin dan mengarahkan jama’ah masuk ke Masjidil Haram.',	2,	'Y',	'Y',	NULL,	NULL,	'2022-08-04 06:50:21',	'2022-08-04 13:50:21'),
(83,	1,	9,	6,	'Mengarahkan jama’ah menuju tempat yang kondusif untuk membaca do’a melihat ka’bah.',	1,	'Y',	'Y',	NULL,	NULL,	'2022-08-04 06:52:25',	'2022-08-04 13:52:25'),
(84,	1,	9,	7,	'Memberikan kesempatan agak luang tetapi tidak terlalu lama kepada jama’ah untuk secara khusyu membaca do’a melihat ka’bah.',	1,	'Y',	'Y',	NULL,	NULL,	'2022-08-04 06:52:56',	'2022-08-04 13:52:56'),
(85,	1,	9,	8,	'BRIEFING UMRAH TAHAP KE-3. diarea thawaf sebelum memulai tahawaf. Mengingatkan kembali secara singkat tata cara ibadah thawaf, menunjukkan letak sudut hajar aswad tempat memulai dan mengakhiri thawaf, sudut ruknul yamani tempat membaca doa “Robbana atina…”, mengingatkan kembali untuk memperbanyak doa dan dzikir saat thawaf, mengakhiri thawaf dengan shalat sunah di Maqam Ibrahim.',	3,	'Y',	'Y',	NULL,	NULL,	'2022-08-04 06:53:22',	'2022-08-04 13:53:22'),
(86,	1,	9,	9,	'Mengatur barisan thawaf: yang sepuh2 didepan, muthawif mengontrol dari samping dan belakang.',	2,	'N',	'Y',	NULL,	NULL,	'2022-08-06 12:38:15',	'2022-08-06 19:38:15'),
(87,	1,	9,	10,	'Pembimbing memimpin thawaf di baris depan selama pelaksanaan ibadah thawaf.',	3,	'N',	'Y',	NULL,	NULL,	'2022-08-06 12:38:39',	'2022-08-06 19:38:39'),
(88,	1,	9,	11,	'Mengingatkan jamaah disetiap putaran : memulai thawaf, do\'a ruknul yamani, dan jumlah putaran.',	1,	'N',	'Y',	NULL,	NULL,	'2022-08-06 12:39:01',	'2022-08-06 19:39:01'),
(89,	1,	9,	12,	'Mengarahkan barisan jama’ah saat akan mengakhiri putaran thawaf dan mengarahkan ke tempat (yang kondusif) shalat sunnah maqam Ibrohim.',	3,	'N',	'Y',	NULL,	NULL,	'2022-08-06 12:39:09',	'2022-08-06 19:39:09'),
(90,	1,	9,	13,	'BRIEFING UMRAH TAHAP KE-4. di lokasi sekitar maqam ibrahim. Pembimbing melakukan review singkat tentang pelaksanaan thawaf dan mengingatkan kembali pelaksanaan ibadah setelah thawaf dan shalat di maqam Ibrahim adalah : meminum air zamzam dan pelaksanaan ibadah Sa’i.',	3,	'Y',	'Y',	NULL,	NULL,	'2022-08-04 06:56:42',	'2022-08-04 13:56:42'),
(91,	1,	9,	14,	'Membimbing dan mengarahkan jama’ah menuju tempat air zamzam untuk melaksanakan sunnah meminum air zamzam.',	1,	'Y',	'Y',	NULL,	NULL,	'2022-08-04 06:57:18',	'2022-08-04 13:57:18'),
(92,	1,	9,	15,	'BRIEFING UMRAH TAHAP KE-5. di lokasi sebelum masa\'i. Pembimbing mengingatkan kembali proses pelaksanaan ibadah Sa’i, bacaan memasuki dan saat di Shafa dan Marwah sampai pelaksanaan tahallul.',	3,	'Y',	'Y',	NULL,	NULL,	'2022-08-04 06:57:52',	'2022-08-04 13:57:52'),
(93,	1,	9,	16,	'Memimpin dan mengarahkan jama’ah menuju ke tempat sa’I, membaca saat masuk bukit Shafa.',	2,	'Y',	'Y',	NULL,	NULL,	'2022-08-04 06:58:33',	'2022-08-04 13:58:33'),
(94,	1,	9,	17,	'Membimbing dan mengarahkan jama’ah saat berdoa di shafa dan marwah.',	3,	'Y',	'Y',	NULL,	NULL,	'2022-08-04 06:59:08',	'2022-08-04 13:59:08'),
(95,	1,	9,	18,	'Membimbing jama’ah pria saat lari2 kecil di dua pilar lampu hijau.',	3,	'N',	'Y',	NULL,	NULL,	'2022-08-06 12:39:27',	'2022-08-06 19:39:27'),
(96,	1,	9,	19,	'Membimbing dan megarahkan jama’ah saat pelaksanaan tahallul.',	3,	'Y',	'Y',	NULL,	NULL,	'2022-08-04 07:00:17',	'2022-08-04 14:00:17'),
(97,	1,	10,	1,	'Berkoordinasi dengan muthowwif dan tim handling untuk pelayanan maksimal kepada jamaah di setiap saat.',	3,	'Y',	'Y',	NULL,	NULL,	'2022-08-04 07:10:32',	'2022-08-04 14:10:32'),
(98,	1,	10,	2,	'Memimpin thawaf sunnah bersama setiap hari.',	3,	'Y',	'Y',	NULL,	NULL,	'2022-08-04 07:11:13',	'2022-08-04 14:11:13'),
(99,	1,	10,	3,	'Segera merespon dan menyelesaikannya apabila ditemukan permasalahan di lapangan.',	3,	'Y',	'Y',	NULL,	NULL,	'2022-08-04 07:11:45',	'2022-08-04 14:11:45'),
(100,	1,	10,	4,	'Senantiasa menyapa, membuka obrolan, menghimpun informasi di setiap waktu makan di restoran hotel.',	1,	'Y',	'Y',	NULL,	NULL,	'2022-08-04 07:12:12',	'2022-08-04 14:12:12'),
(101,	1,	10,	5,	'Memastikan muthowwif selalu stand by di restoran & lobby hotel melayani jamaah.',	1,	'Y',	'Y',	NULL,	NULL,	'2022-08-04 07:12:45',	'2022-08-04 14:12:45'),
(102,	1,	10,	6,	'Berkoordinasi sehari sebelumnya dengan tim handling dan muthowwif untuk persiapan check out: Bis, Sopir, konsumsi, atribut, paspor, dll.',	3,	'Y',	'Y',	NULL,	NULL,	'2022-08-04 07:13:14',	'2022-08-04 14:13:14'),
(103,	1,	10,	7,	'Menginformasikan kepada jamaah berkaitan dengan proses check out hotel, pengumulan koper, kumpul di lobby, dan program berikutnya.',	3,	'Y',	'Y',	NULL,	NULL,	'2022-08-04 07:15:44',	'2022-08-04 14:15:44'),
(109,	1,	10,	8,	'Pada hari check out hotel, memastikan : kelengkapan jamaah, koper bagasi, paspor, dll. Pastikan tidak ada yang tertinggal.',	3,	'Y',	'Y',	NULL,	NULL,	'2022-08-04 07:17:24',	'2022-08-04 14:17:24'),
(110,	1,	11,	1,	'Memberikan informasi program/acara berikutnya terutama seputar kesiapan check out dan kepulangan.',	3,	'Y',	'Y',	NULL,	NULL,	'2022-08-04 07:36:13',	'2022-08-04 14:36:13'),
(111,	1,	11,	2,	'Berkoordinasi sehari sebelumnya dengan muthawwif dan team handling tentang kesiapan bus, sopir, muasasah, dan handling airport.',	3,	'N',	'Y',	NULL,	NULL,	'2022-08-06 12:40:50',	'2022-08-06 19:40:50'),
(112,	1,	11,	3,	'Membagikan kuisioner Mekkah',	3,	'Y',	'Y',	NULL,	NULL,	'2022-08-04 07:36:59',	'2022-08-04 14:36:59'),
(113,	1,	11,	7,	'Ta’lim 5-10 menit saat meninggalkan kota Makkah. Materi ta’lim seputar: keutamaan Kota Haram Makkah, mengingatkan jama’ah untuk senantiasa bersyukur dan berdoa supaya diberikan kesempatan oleh Allah kembali ke Kota Makkah.',	3,	'Y',	'Y',	NULL,	NULL,	'2022-08-04 09:12:09',	'2022-08-04 16:12:09'),
(114,	1,	11,	6,	'Memimpin doa perjalanan.',	3,	'Y',	'Y',	NULL,	NULL,	'2022-08-04 09:11:56',	'2022-08-04 16:11:56'),
(115,	1,	11,	8,	'Memastikan konsumsi dibagikan ke seluruh jamaah oleh muthawwif.',	1,	'N',	'Y',	NULL,	NULL,	'2022-08-06 12:41:06',	'2022-08-06 19:41:06'),
(116,	1,	11,	9,	'Koordinasi dengan tim handling bandara kepulangan, memastikan kesiapan proses check in bandara.',	3,	'N',	'Y',	NULL,	NULL,	'2022-08-06 12:41:15',	'2022-08-06 19:41:15'),
(117,	1,	11,	10,	'Berkoordinasi dengan muthawwif dan tim handling bandara apabila ditemukan kendala/masalah.',	3,	'Y',	'Y',	NULL,	NULL,	'2022-08-04 09:18:03',	'2022-08-04 16:18:03'),
(119,	1,	11,	12,	'Memimpin dan mengarahkan jama’ah saat kepulangan di bandara.',	3,	'Y',	'Y',	NULL,	NULL,	'2022-08-04 09:24:56',	'2022-08-04 16:24:56'),
(120,	1,	11,	13,	'Memastikan jumlah bagasi dan air zamzam yang masuk dengan menerima tag bagasi keseluruhan.',	3,	'Y',	'Y',	NULL,	NULL,	'2022-08-04 09:19:42',	'2022-08-04 16:19:42'),
(121,	1,	11,	14,	'Cek kondisi jama’ah selama menunggu penerbangan dan dalam penerbangan menuju Jakarta.',	1,	'N',	'Y',	NULL,	NULL,	'2022-08-06 12:41:41',	'2022-08-06 19:41:41'),
(122,	1,	12,	1,	'Berkoordinasi dengan tim handling kepulangan saat pesawat mendara di bandara Soetta.',	3,	'N',	'Y',	NULL,	NULL,	'2022-08-06 12:42:03',	'2022-08-06 19:42:03'),
(123,	1,	12,	2,	'Memastikan kembali kepada jamaah untuk membawa koper bagasinya masing-masing.',	3,	'Y',	'Y',	NULL,	NULL,	'2022-08-04 09:32:29',	'2022-08-04 16:32:29'),
(124,	1,	12,	3,	'Koordinasi dengan tim ground handling untuk pengkondisian jamaah saat pengambilan koper bagasi di comveyor belt.',	3,	'Y',	'Y',	NULL,	NULL,	'2022-08-04 09:33:25',	'2022-08-04 16:33:25'),
(125,	2,	13,	1,	'Menerima data dari admin Percik Tours berupa : Itinerary program umrah, daftar identitas jamaah, pelaksanaan manasik, dan keberangkatan.',	1,	'Y',	'Y',	2,	NULL,	'2022-11-10 03:47:31',	'2022-11-10 10:47:31'),
(126,	2,	13,	2,	'Mempelajari dan memahami tugas bimbingan Umrah : paket program, itinerary, jumlah jamaah.',	3,	'Y',	'Y',	NULL,	NULL,	'2022-08-03 02:29:56',	'2022-08-03 09:29:56'),
(127,	2,	13,	3,	'Mempelajari dan mengetahui daftar peserta/jamaah :sebaran usia, pekerjaan, pendidikan, dll',	3,	'N',	'Y',	NULL,	NULL,	'2022-08-06 11:53:45',	'2022-08-06 18:53:45'),
(128,	2,	13,	4,	'Mempelajari dan menyiapkan materi manasik.',	3,	'Y',	'Y',	NULL,	NULL,	'2022-08-03 02:25:34',	'2022-08-03 09:25:34'),
(129,	2,	13,	5,	'Berkoordinasi dengan management untuk pelaksanaan manasik',	1,	'N',	'Y',	NULL,	NULL,	'2022-08-06 11:53:52',	'2022-08-06 18:53:52'),
(130,	2,	14,	2,	'Mengecek kesiapan pelaksanaan materi manasik',	1,	'Y',	'Y',	NULL,	NULL,	'2022-08-03 02:40:12',	'2022-08-03 09:40:12'),
(131,	2,	14,	6,	'Memastikan tim manasik dalam pembuatan video liputan manasik',	1,	'N',	'Y',	NULL,	NULL,	'2022-08-06 11:54:11',	'2022-08-06 18:54:11'),
(132,	2,	15,	1,	'Menyiapkan perlengkapan pribadi pembimbing',	1,	'Y',	'Y',	NULL,	NULL,	'2022-08-03 02:52:56',	'2022-08-03 09:52:56'),
(133,	2,	15,	2,	'Memastikan kelengkapan perlengkapan yang harus dibawa pembimbing pada H-1.',	1,	'Y',	'Y',	NULL,	NULL,	'2022-08-03 02:54:23',	'2022-08-03 09:54:23'),
(134,	2,	16,	1,	'Hadir paling lambat 30 menit sebelum waktu keberangkatan.',	3,	'Y',	'Y',	NULL,	NULL,	'2022-08-03 03:08:37',	'2022-08-03 10:08:37'),
(135,	2,	16,	2,	'Memberikan pengarahan (maksimal 10 menit) saat pelepasan sebelum berangkat.',	3,	'Y',	'Y',	NULL,	NULL,	'2022-08-03 03:09:41',	'2022-08-03 10:09:41'),
(136,	2,	16,	3,	'Cek kesiapan tim handling, kelengkapan peserta, bis, sebelum berangkat.',	1,	'N',	'Y',	NULL,	NULL,	'2022-08-06 12:22:54',	'2022-08-06 19:22:54'),
(137,	2,	16,	4,	'Memimpin doa perjalanan sesaat setelah bis berjalan.',	3,	'Y',	'Y',	NULL,	NULL,	'2022-08-03 22:38:54',	'2022-08-04 05:38:54'),
(138,	2,	16,	5,	'Menyampaikan makna dari do\'a safar serta menyampaikan informasi-informasi lainnya yang sekiranya diperlukan.',	3,	'Y',	'Y',	NULL,	NULL,	'2022-08-03 03:13:16',	'2022-08-03 10:13:16'),
(139,	2,	16,	6,	'Koordinasi dengan tim handling selama perjalanan menuju Bandara.',	1,	'N',	'Y',	NULL,	NULL,	'2022-08-06 11:54:54',	'2022-08-06 18:54:54'),
(140,	2,	16,	7,	'Memberikan pengarahan saat ada di hotel transit :(1). Pengarahan seputar pelaksanaan boarding, (2).Mengingatkan kembali secara singkat tahapan ibadah umrah, (3).Tausyiah (jika masih ada waktu).',	3,	'Y',	'Y',	NULL,	NULL,	'2022-08-03 03:19:16',	'2022-08-03 10:19:16'),
(141,	2,	16,	9,	'Apabila Delay, Memberikan informasi keterlambatan secara akurat dan memberikan motivasi kepada jama’ah untuk senantiasa sabar saat menunggu.',	3,	'Y',	'Y',	NULL,	NULL,	'2022-08-03 03:16:56',	'2022-08-03 10:16:56'),
(142,	2,	16,	10,	'Saat di bandara : mengarahkan jama’ah saat boarding hingga tiba di gate penerbangan.',	1,	'Y',	'Y',	NULL,	NULL,	'2022-08-03 03:51:01',	'2022-08-03 10:51:01'),
(143,	2,	16,	11,	'Menyapa, dialog, berkomunikasi dengan jama’ah saat di gate sambil menunggu waktu take off.',	1,	'Y',	'Y',	NULL,	NULL,	'2022-08-03 03:21:17',	'2022-08-03 10:21:17'),
(144,	2,	16,	12,	'Cek laporan (jumlah) tas bagasi yang masuk ke pesawat dan membawa tag bagasi keseluruhan dari petugas check in.',	3,	'Y',	'Y',	NULL,	NULL,	'2022-08-03 03:21:55',	'2022-08-03 10:21:55'),
(145,	2,	16,	13,	'Mengarahkan jama’ah saat memasuki pesawat. Jika diperlukan ikut mengatur tempat duduk, dan penyimpanan tas cabin.',	3,	'N',	'Y',	NULL,	NULL,	'2022-08-06 11:55:26',	'2022-08-06 18:55:26'),
(146,	2,	17,	1,	'Menyapa, berkomunikasi seperlunya selama dalam penerbangan.',	1,	'N',	'Y',	NULL,	NULL,	'2022-08-06 11:55:42',	'2022-08-06 18:55:42'),
(147,	2,	17,	6,	'Memberikan pengarahan dan mengingatkan secara berulang-ulang saat akan memasuki zona miqat.',	3,	'N',	'Y',	NULL,	NULL,	'2022-08-06 11:56:11',	'2022-08-06 18:56:11'),
(148,	2,	17,	2,	'Memberikan pengarahan dan mengingatkan waktu sholat di pesawat',	2,	'N',	'Y',	NULL,	NULL,	'2022-08-06 11:55:51',	'2022-08-06 18:55:51'),
(149,	2,	17,	4,	'Mengarahkan, membantu, dan memantau jama’ah pria dalam memakai kain ihrom.',	3,	'N',	'Y',	NULL,	NULL,	'2022-08-06 11:56:01',	'2022-08-06 18:56:01'),
(150,	2,	17,	3,	'Cek kesiapan tempat ganti ihram untuk jamaah pria',	2,	'N',	'Y',	NULL,	NULL,	'2022-08-06 11:55:58',	'2022-08-06 18:55:58'),
(151,	2,	17,	5,	'Cek kesiapan seluruh jama’ah untuk Ihlal Ihram (terutama berkaitan dengan hal-hal yang tidak diperbolehkan saat berihram)',	3,	'N',	'Y',	NULL,	NULL,	'2022-08-06 11:56:08',	'2022-08-06 18:56:08'),
(152,	2,	17,	7,	'Mengarahkan dan mengingatkan seluruh jama’ah untuk mengucapkan ihlal ihram saat melewati zona miqat.',	3,	'N',	'Y',	NULL,	NULL,	'2022-08-06 11:56:16',	'2022-08-06 18:56:16'),
(153,	2,	17,	8,	'Mengingatkan jamaah untuk cek kelengkapan dokumen jamaah sebelum pesawat landing (terutama paspor dan visa).',	3,	'N',	'Y',	NULL,	NULL,	'2022-08-06 11:56:18',	'2022-08-06 18:56:18'),
(154,	2,	18,	1,	'Koordinasi langsung dengan tim penjemputan bandara, handling saudi, dan muthawif saat pesawat landing.',	3,	'N',	'Y',	NULL,	NULL,	'2022-08-06 11:56:25',	'2022-08-06 18:56:25'),
(155,	2,	18,	2,	'Memantau dan mengarahkan jama’ah saat keluar dari pesawat hingga ke tempat imigrasi.',	3,	'Y',	'Y',	NULL,	NULL,	'2022-08-03 04:00:04',	'2022-08-03 11:00:04'),
(156,	2,	18,	3,	'Memastikan semua jamaah tidak mengalami kendala saat pemeriksaan imigrasi Saudi. (Apabila rombongan hanya 1 bus, pembimbing berada di belakang antrian terakhir jamaah percik. Apabila lebih dari 1 bis, Pembimbing utama  diantrian depan sehingga bisa lebih dahulu masuk ke ruang comveyor bagasi dan asisten pembimbing dibagian terakhir dibelakang antrian jamaah percik).',	3,	'Y',	'Y',	NULL,	NULL,	'2022-08-03 22:58:50',	'2022-08-04 05:58:50'),
(157,	2,	18,	4,	'Koordinasi dengan petugas (porter) di dalam bandara untuk pengambilan dan panghantaran koper bagasi.',	3,	'Y',	'Y',	NULL,	NULL,	'2022-08-03 04:06:57',	'2022-08-03 11:06:57'),
(158,	2,	18,	5,	'Memastikan dan mengingatkan semua jamaah untuk mengecek kembali koper/barangnya masing-masing agar tidak ada yang tertinggal didalam bandara.',	3,	'N',	'Y',	NULL,	NULL,	'2022-08-06 11:56:50',	'2022-08-06 18:56:50'),
(159,	2,	18,	6,	'Final cek kelengkapan koper jama’ah di baggage claim, pastikan tidak ada yang tertinggal.',	3,	'Y',	'Y',	NULL,	NULL,	'2022-08-03 04:09:59',	'2022-08-03 11:09:59'),
(160,	2,	18,	7,	'Koordinasi dengan tim penjemputan seputar kelengkapan jama’ah dan koper sebelum pembimbing keluar bandara.',	3,	'N',	'Y',	NULL,	NULL,	'2022-08-06 11:56:56',	'2022-08-06 18:56:56'),
(161,	2,	18,	8,	'Koordinasi dengan tim handling bandara untuk kelengkapan koper begitu tiba di Bis.',	3,	'N',	'Y',	NULL,	NULL,	'2022-08-06 11:57:03',	'2022-08-06 18:57:03'),
(162,	2,	18,	9,	'Mengumpulkan paspor jama’ah di dalam bis',	3,	'Y',	'Y',	NULL,	NULL,	'2022-08-03 23:05:25',	'2022-08-04 06:05:25'),
(163,	2,	18,	10,	'Cek kelengkapan jama’ah sebelum bis berangkat.',	3,	'N',	'Y',	NULL,	NULL,	'2022-08-06 11:57:09',	'2022-08-06 18:57:09'),
(167,	2,	18,	11,	'Mengingatkan dan membimbing jama’ah dalam kondisi berihram.',	3,	'N',	'Y',	NULL,	NULL,	'2022-08-06 12:01:34',	'2022-08-06 19:01:34'),
(169,	2,	19,	6,	'Koordinasi dengan tim handling hotel selama perjalanan.',	3,	'N',	'Y',	NULL,	NULL,	'2022-08-06 12:11:43',	'2022-08-06 19:11:43'),
(170,	2,	19,	7,	'Pastikan kesiapan hotel : pengaturan kamar sesuai dengan roomlist, kunci kamar sudah ready.',	3,	'Y',	'Y',	NULL,	NULL,	'2022-08-06 12:07:52',	'2022-08-06 19:07:52'),
(171,	2,	19,	8,	'Saat tiba di hotel, mengarahkan jama’ah masuk hotel.',	1,	'Y',	'Y',	NULL,	NULL,	'2022-08-06 12:06:50',	'2022-08-06 19:06:50'),
(172,	2,	19,	10,	'Mengumpulkan seluruh jama’ah di lobby hotel/restoran hotel, atau di tempat yang cukup kondusif dan memberikan pengarahan tentang persiapan pelaksanaan Umrah : waktu dan tempat kumpul, apa saja yang harus di bawa dan tidak boleh di bawa, dan informasi lainnya yang sekiranya perlu disampaikan.',	3,	'Y',	'Y',	NULL,	NULL,	'2022-08-06 12:09:03',	'2022-08-06 19:09:03'),
(173,	2,	19,	9,	'Membantu Muthawwif/tim handling hotel dalam pembagian kunci kamar jama’ah.',	2,	'Y',	'Y',	NULL,	NULL,	'2022-08-06 12:08:37',	'2022-08-06 19:08:37'),
(174,	2,	19,	5,	'Koordinasi dengan team handling hotel dan muthawif untuk memastikan semua koper terkirim secara benar ke masing-masing kamar jama’ah.',	3,	'Y',	'Y',	NULL,	NULL,	'2022-08-06 12:07:15',	'2022-08-06 19:07:15'),
(175,	2,	19,	11,	'Mengkoordinir Muthawif dan tim handling untuk memastikan semua jama’ah mendapatkan kelengkapan dan fasilitas kamar yang sesuai.',	3,	'N',	'Y',	NULL,	NULL,	'2022-08-11 06:21:48',	'2022-08-11 13:21:48'),
(176,	2,	20,	2,	'BRIEFING UMRAH TAHAP KE-1 : di lobby hotel/tempat lainnya yang kondusif. Materi briefing meliputi: memastikan seluruh jama’ah sudah punya wudhu, memastikan atribut group dipakai semua jama’ah, mengingatkan hal-hal yang berkaitan dengan larangan dan sunnah selama ber-ihram, menjelaskan secara singkat tahapan ibadah yang akan dilakukan, memberikan motivasi kepada jamaah untuk kekompakkan selama pelaksanaan umrah di Masjidil Haram.',	3,	'Y',	'Y',	NULL,	NULL,	'2022-08-03 04:34:13',	'2022-08-03 11:34:13'),
(177,	2,	20,	4,	'BRIEFING UMRAH TAHAP KE-2 : di halaman Masjidil Haram. Materi briefing meliputi: penjelasan singkat keadaan umum disekitar halaman masjidil haram termasuk akses pintu masuk masjidil haram, arah/jalur menuju hotel jamaah, mengingatkan jama’ah tahapan ibadah yang akan dilakukan yaitu membaca doa saat masuk masjid, membaca doa saat melihat ka’bah ketika sudah berada di dalam masjid, dan info lain yang berkaitan disampaikan secara singkat.',	3,	'Y',	'Y',	NULL,	NULL,	'2022-08-03 04:37:56',	'2022-08-03 11:37:56'),
(178,	2,	20,	5,	'Memimpin dan mengarahkan jama’ah masuk ke Masjidil Haram.',	2,	'Y',	'Y',	NULL,	NULL,	'2022-08-03 04:48:21',	'2022-08-03 11:48:21'),
(179,	2,	20,	6,	'Mengarahkan jama’ah menuju tempat yang kondusif untuk membaca do’a melihat ka’bah.',	1,	'Y',	'Y',	NULL,	NULL,	'2022-08-03 04:48:35',	'2022-08-03 11:48:35'),
(180,	2,	20,	7,	'Memberikan kesempatan agak luang tetapi tidak terlalu lama kepada jama’ah untuk secara khusyu membaca do’a melihat ka’bah.',	1,	'Y',	'Y',	NULL,	NULL,	'2022-08-03 04:48:42',	'2022-08-03 11:48:42'),
(181,	2,	20,	8,	'BRIEFING UMRAH TAHAP KE-3. diarea thawaf sebelum memulai tahawaf. Mengingatkan kembali secara singkat tata cara ibadah thawaf, menunjukkan letak sudut hajar aswad tempat memulai dan mengakhiri thawaf, sudut ruknul yamani tempat membaca doa “Robbana atina…”, mengingatkan kembali untuk memperbanyak doa dan dzikir saat thawaf, mengakhiri thawaf dengan shalat sunah di Maqam Ibrahim.',	3,	'Y',	'Y',	NULL,	NULL,	'2022-08-03 04:48:49',	'2022-08-03 11:48:49'),
(182,	2,	20,	9,	'Mengatur barisan thawaf: yang sepuh2 didepan, muthawif mengontrol dari samping dan belakang.',	2,	'N',	'Y',	NULL,	NULL,	'2022-08-06 12:12:44',	'2022-08-06 19:12:44'),
(183,	2,	20,	10,	'Pembimbing memimpin thawaf di baris depan selama pelaksanaan ibadah thawaf.',	3,	'N',	'Y',	NULL,	NULL,	'2022-08-06 12:12:50',	'2022-08-06 19:12:50'),
(184,	2,	20,	12,	'Mengarahkan barisan jama’ah saat akan mengakhiri putaran thawaf dan mengarahkan ke tempat (yang kondusif) shalat sunnah maqam Ibrohim.',	3,	'N',	'Y',	NULL,	NULL,	'2022-08-06 12:13:18',	'2022-08-06 19:13:18'),
(185,	2,	20,	11,	'Mengingatkan jamaah disetiap putaran : memulai thawaf, do\'a ruknul yamani, dan jumlah putaran.',	1,	'N',	'Y',	NULL,	NULL,	'2022-08-06 12:13:01',	'2022-08-06 19:13:01'),
(186,	2,	20,	13,	'BRIEFING UMRAH TAHAP KE-4. di lokasi sekitar maqam ibrahim. Pembimbing melakukan review singkat tentang pelaksanaan thawaf dan mengingatkan kembali pelaksanaan ibadah setelah thawaf dan shalat di maqam Ibrahim adalah : meminum air zamzam dan pelaksanaan ibadah Sa’i.',	3,	'Y',	'Y',	NULL,	NULL,	'2022-08-03 04:55:13',	'2022-08-03 11:55:13'),
(187,	2,	20,	14,	'Membimbing dan mengarahkan jama’ah menuju tempat air zamzam untuk melaksanakan sunnah meminum air zamzam.',	1,	'Y',	'Y',	NULL,	NULL,	'2022-08-03 04:56:01',	'2022-08-03 11:56:01'),
(188,	2,	20,	15,	'BRIEFING UMRAH TAHAP KE-5. di lokasi sebelum masa\'i. Pembimbing mengingatkan kembali proses pelaksanaan ibadah Sa’i, bacaan memasuki dan saat di Shafa dan Marwah sampai pelaksanaan tahallul.',	3,	'Y',	'Y',	NULL,	NULL,	'2022-08-03 04:57:33',	'2022-08-03 11:57:33'),
(189,	2,	20,	16,	'Memimpin dan mengarahkan jama’ah menuju ke tempat sa’I, membaca saat masuk bukit Shafa.',	2,	'Y',	'Y',	NULL,	NULL,	'2022-08-03 04:58:01',	'2022-08-03 11:58:01'),
(190,	2,	20,	17,	'Membimbing dan mengarahkan jama’ah saat berdoa di shafa dan marwah.',	3,	'Y',	'Y',	NULL,	NULL,	'2022-08-03 04:59:13',	'2022-08-03 11:59:13'),
(191,	2,	20,	18,	'Membimbing jama’ah pria saat lari2 kecil di dua pilar lampu hijau.',	3,	'N',	'Y',	NULL,	NULL,	'2022-08-06 12:13:50',	'2022-08-06 19:13:50'),
(192,	2,	20,	19,	'Membimbing dan megarahkan jama’ah saat pelaksanaan tahallul.',	3,	'Y',	'Y',	NULL,	NULL,	'2022-08-03 05:00:29',	'2022-08-03 12:00:29'),
(193,	2,	20,	20,	'BRIEFING UMRAH TAHAP KE-6. di lokasi Marwah setelah tahallul. Melakukan review singkat pelaksanaan umrah secara keseluruhan dan memberikan informasi seputar program/agenda berikutnya: thawaf sunnah bersama dan city tour dan atau informasi lainnya yang dirasakan perlu disampaikan kepada jamaah.',	3,	'Y',	'Y',	NULL,	NULL,	'2022-08-03 05:01:48',	'2022-08-03 12:01:48'),
(194,	2,	20,	21,	'Mengarahkan jama’ah ke pintu keluar masjidil haram menuju hotel untuk istirahat.',	2,	'Y',	'Y',	NULL,	NULL,	'2022-08-03 05:02:39',	'2022-08-03 12:02:39'),
(195,	2,	21,	1,	'Mengingatkan jamaah untuk pelaksanaan City Tour seputar kota Mekkah melalui komunikasi group : WAG/lainnya.',	3,	'Y',	'Y',	NULL,	NULL,	'2022-08-03 05:50:17',	'2022-08-03 12:50:17'),
(196,	2,	21,	2,	'Koordinasi (mengingatkan dan memastikan) paling lambat 1 (satu) hari sebelumnya dengan tim handling dan muthawif tentang kesiapan pelaksanaan City Tour : bis (sopir), atribut, dan konsumsi.',	3,	'N',	'Y',	NULL,	NULL,	'2022-08-06 12:15:11',	'2022-08-06 19:15:11'),
(197,	2,	21,	3,	'Cek kelengkapan jamaah',	1,	'N',	'Y',	NULL,	NULL,	'2022-08-06 12:15:20',	'2022-08-06 19:15:20'),
(198,	2,	21,	4,	'Memastikan kelengkapan atribut dan ketersediaan konsumsi',	1,	'Y',	'Y',	NULL,	NULL,	'2022-08-03 06:01:09',	'2022-08-03 13:01:09'),
(199,	2,	21,	5,	'Mengarahkan jama’ah menuju bus yang akan berangkat city tour.',	1,	'N',	'Y',	NULL,	NULL,	'2022-08-06 12:15:35',	'2022-08-06 19:15:35'),
(200,	2,	21,	6,	'Memimpin doa perjalanan.',	3,	'Y',	'Y',	NULL,	NULL,	'2022-08-03 06:01:56',	'2022-08-03 13:01:56'),
(201,	2,	21,	7,	'Memberikan informasi seputar perjalanan dan tempat-tempat yang dikunjungi saat city tour, baik saat di dalam bis maupun di saat dilokasi yang dikunjungi. Memberikan penjelasan berkaitan dengan tempat-tempat yang dikunjungi dari aspek historis, kondisi kekinian, dan ibrah (pelajaran) yang didapat dengan mengunjungi tempat-tempat yaitu : Jabal Tsur, Arafah, Muzdalifah, Mina, Jabal Nur (Goa Hira), Makbarah Ma\'la, dan Masjid Jin.',	3,	'Y',	'Y',	NULL,	NULL,	'2022-08-03 06:21:46',	'2022-08-03 13:21:46'),
(202,	2,	21,	8,	'Memastikan konsumsi sudah dibagikan ke seluruh jama’ah oleh Muthawwif.',	1,	'Y',	'Y',	NULL,	NULL,	'2022-08-03 06:22:00',	'2022-08-03 13:22:00'),
(203,	2,	21,	9,	'Memberikan informasi seputar program berikutnya: thawaf sunnah, tour jabbal Nur, ziarah seputar masjidil haram, tawaf wada, dll.',	2,	'N',	'Y',	NULL,	NULL,	'2022-08-06 12:15:50',	'2022-08-06 19:15:50'),
(204,	2,	21,	10,	'Mengarahkan jamaah menuju ke lift hotel (kamar) setibanya di hotel.',	1,	'N',	'Y',	NULL,	NULL,	'2022-08-06 12:15:55',	'2022-08-06 19:15:55'),
(217,	2,	22,	4,	'Memberikan informasi seputar kota Madinah dan sejarah kota Madinah secara singkat begitu memasuki tanah haram kota Madinah.',	3,	'Y',	'Y',	NULL,	NULL,	'2022-08-03 23:16:33',	'2022-08-04 06:16:33'),
(218,	2,	22,	3,	'Berkoordinasi dengan tim handling Madinah, memastikan : kamar sesuai rooming list, kunci kamar dah ready, dan memastikan kesiapan semua hal sebelum jamaah tiba di hotel Madinah.',	3,	'Y',	'Y',	NULL,	NULL,	'2022-08-03 06:39:15',	'2022-08-03 13:39:15'),
(219,	2,	22,	5,	'Setibanya di hotel Madinah, mengarahkan jama’ah menuju ke restoran/lobby hotel.',	1,	'Y',	'Y',	NULL,	NULL,	'2022-08-03 06:39:32',	'2022-08-03 13:39:32'),
(220,	2,	22,	6,	'Membantu muthawif atau team handling madinah untuk membagikan kunci kamar kepada jama’ah.',	1,	'Y',	'Y',	NULL,	NULL,	'2022-08-03 06:40:08',	'2022-08-03 13:40:08'),
(221,	2,	22,	7,	'Cek kembali koper jamaah. Pastikan pendistribusian koper dilakukan secara baik dan maksimal.',	3,	'Y',	'Y',	NULL,	NULL,	'2022-08-03 06:41:45',	'2022-08-03 13:41:45'),
(222,	2,	22,	8,	'Membimbing dan mengarahkan jamaah menuju ke Masjid Nabawi pada awal kedatangan',	3,	'Y',	'Y',	NULL,	NULL,	'2022-08-03 23:21:09',	'2022-08-04 06:21:09'),
(223,	2,	23,	1,	'Mengkoordinir muthowwif dan handling untuk memastikan jamaah mendapatkan pelayanan yang baik dan maksimal selama berada di Madinah.',	3,	'Y',	'Y',	NULL,	NULL,	'2022-08-04 02:44:06',	'2022-08-04 09:44:06'),
(224,	2,	23,	2,	'Segera merespon dan menyelesaikannya apabila ditemukan permasalahan di lapangan.',	3,	'Y',	'Y',	NULL,	NULL,	'2022-08-04 02:48:25',	'2022-08-04 09:48:25'),
(225,	2,	23,	3,	'Senantiasa menyapa, membuka obrolan, menghimpun informasi, disetiap waktu makan di restoran hotel.',	1,	'Y',	'Y',	NULL,	NULL,	'2022-08-04 03:20:27',	'2022-08-04 10:20:27'),
(226,	2,	23,	8,	'Cek kesiapan perlengkapan ziarah, bus, sopir, konsumsi untuk pelaksanaan ziarah kota Madinah.',	3,	'Y',	'Y',	NULL,	NULL,	'2022-08-04 03:15:26',	'2022-08-04 10:15:26'),
(227,	2,	23,	4,	'Memastikan muthowwif selalu stand by di restoran dan lobby hotel melayani jamaah.',	1,	'Y',	'Y',	NULL,	NULL,	'2022-08-04 03:18:09',	'2022-08-04 10:18:09'),
(229,	2,	23,	5,	'Menginformasikan kepada jamaah berkaitan dengan proses check out hotel, pengumpulan koper, kumpul di lobby, dan program selanjutnya.',	3,	'Y',	'Y',	NULL,	NULL,	'2022-08-04 03:22:25',	'2022-08-04 10:22:25'),
(230,	2,	24,	1,	'Memberikan informasi program/acara berikutnya terutama seputar kesiapan check out dan kepulangan.',	3,	'Y',	'Y',	NULL,	NULL,	'2022-08-03 06:56:03',	'2022-08-03 13:56:03'),
(231,	2,	24,	2,	'Berkoordinasi sehari sebelumnya dengan muthawwif dan team handling tentang kesiapan bus, sopir, muasasah, dan handling airport.',	3,	'N',	'Y',	NULL,	NULL,	'2022-08-06 12:18:54',	'2022-08-06 19:18:54'),
(232,	2,	24,	3,	'Membagikan kuisioner Madinah.',	3,	'Y',	'Y',	NULL,	NULL,	'2022-08-03 06:56:26',	'2022-08-03 13:56:26'),
(233,	2,	24,	4,	'Memastikan seluruh koper terangkut ke dalam bus kepulangan.',	3,	'Y',	'Y',	NULL,	NULL,	'2022-08-03 06:56:43',	'2022-08-03 13:56:43'),
(234,	2,	24,	5,	'Memastikan kelengkapan jama’ah sebelum berangkat meninggalkan kota Madinah.',	3,	'N',	'Y',	NULL,	NULL,	'2022-08-06 12:19:15',	'2022-08-06 19:19:15'),
(236,	2,	24,	6,	'Memimpin do’a perjalanan.',	3,	'Y',	'Y',	NULL,	NULL,	'2022-08-04 09:07:42',	'2022-08-04 16:07:42'),
(237,	2,	24,	7,	'Tausyiah 5-10 menit saat meninggalkan kota Madinah. Seputar: keutamaan Kota Haram Madinah, mengingatkan jama’ah untuk senantiasa bersyukur dan berdoa supaya diberikan kesempatan oleh Allah kembali ke Kota Madinah.',	3,	'Y',	'Y',	NULL,	NULL,	'2022-08-04 09:08:37',	'2022-08-04 16:08:37'),
(238,	2,	24,	8,	'Memastikan konsumsi dibagikan ke seluruh jama’ah oleh Muthawwif.',	1,	'N',	'Y',	NULL,	NULL,	'2022-08-06 12:19:31',	'2022-08-06 19:19:31'),
(239,	2,	24,	9,	'Koordinasi dengan team handling Bandara kepulangan, memastikan kesiapan proses check in Bandara.',	3,	'N',	'Y',	NULL,	NULL,	'2022-08-06 12:19:41',	'2022-08-06 19:19:41'),
(240,	2,	24,	10,	'Berkoordinasi dengan muthawwif dan team handling Bandara apabila ditemukan kendala/masalah.',	3,	'Y',	'Y',	NULL,	NULL,	'2022-08-04 09:09:20',	'2022-08-04 16:09:20'),
(241,	2,	24,	11,	'Berkoordinasi dengan team bandara seputar waktu boarding, dan kesiapan kepulangan secara keseluruhan.',	3,	'Y',	'Y',	NULL,	NULL,	'2022-08-04 09:09:44',	'2022-08-04 16:09:44'),
(242,	2,	25,	1,	'Berkoordinasi dengan tim handling kepulangan saat pesawat mendarat di bandara Soetta',	3,	'N',	'Y',	NULL,	NULL,	'2022-08-06 12:20:31',	'2022-08-06 19:20:31'),
(243,	2,	25,	2,	'Memastikan kembali kepada jamaah untuk membawa koper bagasinya masing-masing.',	3,	'Y',	'Y',	NULL,	NULL,	'2022-08-03 07:03:54',	'2022-08-03 14:03:54'),
(244,	2,	25,	3,	'Koordinasi dengan tim ground handling untuk pengkondisian jamaah saat pengambilan koper bagasi di comveyor belt.',	3,	'Y',	'Y',	NULL,	NULL,	'2022-08-04 09:38:38',	'2022-08-04 16:38:38'),
(245,	2,	25,	4,	'Memastikan semua jamaah telah mendapatkan bagasinya secara lengkap dan utuh.',	1,	'Y',	'Y',	NULL,	NULL,	'2022-08-03 07:05:11',	'2022-08-03 14:05:11'),
(246,	2,	25,	5,	'Memastikan kelengkapan seluruh koper jama’ah, air zam-zam sebelum meninggalkan bandara soetta.',	2,	'Y',	'Y',	NULL,	NULL,	'2022-08-04 09:35:57',	'2022-08-04 16:35:57'),
(247,	2,	25,	6,	'Cek kesiapan truck & Bus untuk kepulangan.',	1,	'N',	'Y',	NULL,	NULL,	'2022-08-06 12:20:52',	'2022-08-06 19:20:52'),
(248,	2,	25,	8,	'Memberikan sambutan penutup saat bus berjalan keluar Bandara Soetta yang berisi ucapan terima kasih dan permohonan maaf kepada seluruh Jamaah.',	3,	'Y',	'Y',	NULL,	NULL,	'2022-08-03 07:06:18',	'2022-08-03 14:06:18'),
(249,	2,	14,	1,	'Hadir di tempat manasik paling lambat 30 menit sebelum acara dimulai',	3,	'Y',	'Y',	2,	NULL,	'2022-08-03 02:32:38',	'2022-08-03 09:32:38'),
(250,	2,	14,	3,	'Menyampaikan Materi : Cara Umrah Rasulullah Saw',	3,	'Y',	'Y',	2,	NULL,	'2022-08-03 02:40:35',	'2022-08-03 09:40:35'),
(251,	2,	14,	4,	'Menyampaikan Materi : Teknis Perjalanan Umrah',	3,	'Y',	'Y',	2,	NULL,	'2022-08-03 02:40:45',	'2022-08-03 09:40:45'),
(252,	2,	14,	5,	'Menyampaikan Materi : Ibadah Praktis',	3,	'Y',	'Y',	2,	NULL,	'2022-08-03 02:40:53',	'2022-08-03 09:40:53'),
(253,	1,	2,	3,	'Menyampaikan Materi : Cara Umrah Rasulullah Saw',	3,	'Y',	'Y',	2,	NULL,	'2022-08-03 09:44:23',	'2022-08-03 09:44:23'),
(254,	1,	2,	4,	'Menyampaikan Materi : Terknis Perjalanan Umrah',	3,	'Y',	'Y',	2,	NULL,	'2022-08-03 09:44:58',	'2022-08-03 09:44:58'),
(255,	1,	2,	5,	'Menyampaikan Materi : Ibadah Praktis',	3,	'Y',	'Y',	2,	NULL,	'2022-08-03 09:45:16',	'2022-08-03 09:45:16'),
(256,	1,	2,	2,	'Mengecek kesiapan pelaksanaan materi manasik',	1,	'Y',	'Y',	2,	NULL,	'2022-08-03 02:46:29',	'2022-08-03 09:46:29'),
(257,	2,	15,	5,	'Mengetahui dan memastikan jumlah koper bagasi dari bagian handling',	1,	'N',	'Y',	2,	NULL,	'2022-08-06 11:54:28',	'2022-08-06 18:54:28'),
(258,	2,	15,	4,	'Memberikan pengarahan kepada semua Jamaah melalui komunikasi group : WAG/lainnya tentang rundown acara keberangkatan',	3,	'Y',	'Y',	2,	NULL,	'2022-08-03 09:55:52',	'2022-08-03 09:55:52'),
(259,	2,	15,	3,	'Mengingatkan jamaah untuk pengumpulan koper bagasi melalui komunikasi group : WAG/lainnya',	3,	'Y',	'Y',	2,	NULL,	'2022-08-03 02:59:41',	'2022-08-03 09:59:41'),
(260,	1,	3,	3,	'Mengingatkan jamaah untuk pengumpulan koper bagasi melalui komunikasi group : WAG/lainnya',	3,	'Y',	'Y',	2,	NULL,	'2022-08-03 10:04:44',	'2022-08-03 10:04:44'),
(261,	1,	3,	4,	'Memberikan pengarahan kepada semua jamaah melalui komunikasi group : WAG/lainnya tentang rundown acara keberangkatan',	3,	'Y',	'Y',	2,	NULL,	'2022-08-03 22:35:00',	'2022-08-04 05:35:00'),
(262,	1,	3,	5,	'Mengetahui dan memastikan jumlah koper bagasi dari bagian handling',	1,	'N',	'Y',	2,	NULL,	'2022-08-06 12:22:19',	'2022-08-06 19:22:19'),
(263,	2,	16,	8,	'Memandu perkenalan antar jamaah',	3,	'Y',	'Y',	2,	NULL,	'2022-08-03 03:16:32',	'2022-08-03 10:16:32'),
(264,	2,	16,	14,	'Melakukan liputan video selama keberangkatan',	3,	'Y',	'Y',	2,	NULL,	'2022-08-03 10:23:25',	'2022-08-03 10:23:25'),
(265,	1,	4,	12,	'Cek laporan (jumlah) tas bagasi yang masuk ke pesawat dan membawa tag bagasi keseluruhan dari petugas check in.',	3,	'Y',	'Y',	2,	NULL,	'2022-08-03 03:47:01',	'2022-08-03 10:47:01'),
(266,	2,	20,	1,	'Mengingatkan jamaah melalui komunikasi group : WAG/lainnya tentang persiapan pelaksanaan ibadah umrah : waktu dan tempat kumpul, dan hal-hal lainnya yang perlu disiapkan jamaah.',	3,	'Y',	'Y',	2,	NULL,	'2022-08-03 04:30:03',	'2022-08-03 11:30:03'),
(267,	2,	20,	3,	'Memimpin dan mengarahkan jamaah menuju ke Masjidil Haram',	2,	'Y',	'Y',	2,	NULL,	'2022-08-03 04:35:12',	'2022-08-03 11:35:12'),
(268,	2,	28,	1,	'Berkoordinasi dengan muthowwif dan tim handling untuk pelayanan maksimal kepada jamaah di setiap saat.',	3,	'Y',	'Y',	2,	NULL,	'2022-08-03 06:17:02',	'2022-08-03 13:17:02'),
(269,	2,	28,	2,	'Memimpin thawaf sunnah bersama setiap hari',	3,	'Y',	'Y',	2,	NULL,	'2022-08-03 13:14:27',	'2022-08-03 13:14:27'),
(271,	2,	28,	3,	'Segera merespon dan menyelesaikan apabila ditemukan permasalahan di lapangan.',	3,	'Y',	'Y',	2,	NULL,	'2022-08-03 13:17:55',	'2022-08-03 13:17:55'),
(272,	2,	28,	4,	'Senantiasa menyapa, membuka obrolan, menghimpun informasi di setiap waktu makan di restoran hotel.',	1,	'Y',	'Y',	2,	NULL,	'2022-08-03 13:19:30',	'2022-08-03 13:19:30'),
(273,	2,	28,	5,	'Memastikan muthowwif selalu stand by di restoran & lobby hotel melayani jamaah.',	1,	'Y',	'Y',	2,	NULL,	'2022-08-03 13:20:40',	'2022-08-03 13:20:40'),
(274,	2,	28,	6,	'Berkoordinasi sehari sebelumnya dengan tim handling dan muthowwif untuk persiapan check out: Bis, Sopir, konsumsi, atribut, paspor, dll',	3,	'Y',	'Y',	2,	NULL,	'2022-08-03 06:31:53',	'2022-08-03 13:31:53'),
(276,	2,	28,	7,	'Menginformasikan kepada jamaah berkaitan dengan proses check out hotel, pengumulan koper, kumpul di lobby, dan program berikutnya : perjalanan ke Kota Madinah.',	3,	'Y',	'Y',	2,	NULL,	'2022-08-03 06:31:20',	'2022-08-03 13:31:20'),
(277,	2,	28,	8,	'Pada hari check out hotel, memastikan : kelengkapan jamaah, koper bagasi, paspor, dll. Pastikan tidak ada yang tertinggal.',	3,	'Y',	'Y',	2,	NULL,	'2022-08-03 13:30:41',	'2022-08-03 13:30:41'),
(278,	2,	22,	1,	'Memimpin doa perjalanan.',	3,	'Y',	'Y',	2,	NULL,	'2022-08-03 06:33:01',	'2022-08-03 13:33:01'),
(279,	2,	22,	2,	'Tausyiah (kultum) kesan dan pesan seputar kota Mekkah yang akan ditinggalkan oleh jamaah.',	3,	'Y',	'Y',	2,	NULL,	'2022-08-03 06:35:46',	'2022-08-03 13:35:46'),
(280,	2,	29,	1,	'Mengingatkan jamaah untuk pelaksanaan City Tour seputar Kota Madinah melalui komunikasi group : WAG/lainnya.',	3,	'Y',	'Y',	2,	NULL,	'2022-08-03 13:46:42',	'2022-08-03 13:46:42'),
(281,	2,	29,	2,	'Koordinasi (mengingatkan dan memastikan) paling lambat 1 (satu) hari sebelumnya dengan tim handling dan muthawif tentang kesiapan pelaksanaan City Tour : bis (sopir), atribut, dan konsumsi.',	3,	'Y',	'Y',	2,	NULL,	'2022-08-03 13:47:17',	'2022-08-03 13:47:17'),
(282,	2,	29,	3,	'Cek kelengkapan jamaah',	1,	'N',	'Y',	2,	NULL,	'2022-08-06 12:18:22',	'2022-08-06 19:18:22'),
(283,	2,	29,	4,	'Memastikan kelengkapan atribut dan ketersediaan konsumsi',	1,	'Y',	'Y',	2,	NULL,	'2022-08-03 13:48:07',	'2022-08-03 13:48:07'),
(284,	2,	29,	5,	'Mengarahkan jama’ah menuju bus yang akan berangkat city tour.',	1,	'Y',	'Y',	2,	NULL,	'2022-08-03 13:48:31',	'2022-08-03 13:48:31'),
(285,	2,	29,	6,	'Memimpin doa perjalanan',	3,	'Y',	'Y',	2,	NULL,	'2022-08-03 13:49:17',	'2022-08-03 13:49:17'),
(286,	2,	29,	7,	'Memberikan informasi seputar perjalanan dan tempat-tempat yang dikunjungi saat city tour, baik saat di dalam bis maupun saat dilokasi yang dikunjungi. Memberikan penjelasan berkaitan dengan tempat-tempat yang dikunjungi dari aspek historis, kondisi kekinian, dan ibrah (pelajaran) yang bisa didapat dengan mengunjungi tempat-tempat yaitu : Maqbarah Baqi\', Masjid Quba, kebun kurma, Syuhada Uhud, Masjid Qiblatain, dan Masjid Khandaq,.',	3,	'Y',	'Y',	2,	NULL,	'2022-08-04 06:13:10',	'2022-08-04 13:13:10'),
(287,	2,	29,	8,	'Memastikan konsumsi sudah dibagikan ke seluruh jama’ah oleh Muthawwif.',	1,	'Y',	'Y',	2,	NULL,	'2022-08-03 13:51:24',	'2022-08-03 13:51:24'),
(288,	2,	29,	9,	'Memberikan informasi seputar program berikutnya: Raudhah, ziarah seputar masjid nabawi, tausyiah, dll.',	2,	'N',	'Y',	2,	NULL,	'2022-08-06 12:18:35',	'2022-08-06 19:18:35'),
(289,	2,	29,	10,	'Mengarahkan jamaah menuju ke lift hotel (kamar) setibanya di hotel.',	1,	'N',	'Y',	2,	NULL,	'2022-08-06 12:18:40',	'2022-08-06 19:18:40'),
(290,	2,	24,	12,	'Memimpin dan mengarahkan jamaah saat kepulangan di bandara.',	3,	'N',	'Y',	2,	NULL,	'2022-08-06 12:19:59',	'2022-08-06 19:19:59'),
(291,	2,	24,	13,	'Memastikan jumlah bagasi dan air zamzam dengan menerima tag bagasi keseluruhan.',	3,	'Y',	'Y',	2,	NULL,	'2022-08-04 09:10:37',	'2022-08-04 16:10:37'),
(292,	2,	25,	7,	'Mengarahkan jamaah menuju titik kumpul kepulangan.',	1,	'Y',	'Y',	2,	NULL,	'2022-08-03 07:06:26',	'2022-08-03 14:06:26'),
(293,	1,	30,	1,	'Menyapa, berkomunikasi seperlunya selama dalam penerbangan.',	1,	'N',	'Y',	2,	NULL,	'2022-08-06 12:23:54',	'2022-08-06 19:23:54'),
(294,	1,	30,	2,	'Memberikan pengarahan dan mengingatkan waktu sholat di pesawat.',	2,	'N',	'Y',	2,	NULL,	'2022-08-06 12:23:57',	'2022-08-06 19:23:57'),
(295,	1,	30,	3,	'Mengingatkan jamaah untuk cek kelengkapan dokumen jamaah sebelum pesawat landing (terutama paspor & visa).',	3,	'N',	'Y',	2,	NULL,	'2022-08-06 12:24:00',	'2022-08-06 19:24:00'),
(296,	1,	31,	5,	'Berkoordinasi dengan tim handling, memastikan: kamar sesuai rooming list, kunci kamar dah ready, dan memastikan kesiapan semua hal sebelum jamaah tiba di hotel Madinah.',	3,	'Y',	'Y',	2,	NULL,	'2022-08-06 12:30:59',	'2022-08-06 19:30:59'),
(297,	1,	31,	4,	'Memberikan informasi seputar kota Madinah dan sejarah kota Madinah secara singkat begitu memasuki tanah haram kota Madinah.',	3,	'Y',	'Y',	2,	NULL,	'2022-08-06 12:31:40',	'2022-08-06 19:31:40'),
(298,	1,	31,	6,	'Setibanya di hotel Madinah, mengarahkan jamaah menuju restoran/lobby hotel.',	1,	'Y',	'Y',	2,	NULL,	'2022-08-06 12:32:01',	'2022-08-06 19:32:01'),
(299,	1,	31,	7,	'Membantu muthawwif atau tim handling Madinah untuk membagikan kunci kamar kepada jama\'ah.',	1,	'Y',	'Y',	2,	NULL,	'2022-08-06 12:32:26',	'2022-08-06 19:32:26'),
(300,	1,	31,	8,	'Cek kembali koper jama\'ah. Pastikan pendistribusian koper dilakukan secara baik dan maksimal.',	3,	'Y',	'Y',	2,	NULL,	'2022-08-06 12:32:49',	'2022-08-06 19:32:49'),
(301,	1,	31,	9,	'Membimbing dan mengarahkan jamaah menuju Masjid Nabawi pada awal kedatangan.',	3,	'Y',	'Y',	2,	NULL,	'2022-08-06 12:33:18',	'2022-08-06 19:33:18'),
(302,	1,	31,	10,	'Membuat liputan video kedatangan di kota Madinah',	3,	'Y',	'Y',	2,	NULL,	'2022-08-06 12:33:29',	'2022-08-06 19:33:29'),
(303,	2,	22,	9,	'Membuat liputan video kedatangan di Kota Madinah.',	3,	'Y',	'Y',	2,	NULL,	'2022-08-04 06:22:03',	'2022-08-04 06:22:03'),
(304,	1,	6,	15,	'Melakukan liputan video selama program di Madinah.',	3,	'Y',	'Y',	2,	NULL,	'2022-08-04 03:47:03',	'2022-08-04 10:47:03'),
(305,	2,	23,	6,	'Berkoordinasi dengan muthowwif dan muthowwifah untuk pelaksanaan ziarah Raudah dan makam Rasulullah Saw.',	3,	'N',	'Y',	2,	NULL,	'2022-08-06 12:17:18',	'2022-08-06 19:17:18'),
(306,	2,	23,	7,	'Membimbing dan mengarahkan jamaah saat ziarah Raudah dan makam Rasulullah Saw.',	3,	'Y',	'Y',	2,	NULL,	'2022-08-04 03:26:29',	'2022-08-04 10:26:29'),
(307,	2,	23,	9,	'Memberikan informasi program/acara berikutnya terutama seputar persiapan kepulangan: proses check out, penimbangan koper bagasi, batasan bagasi yang diperbolehkan, dan apa-apa saja yang dilarang masuk bagasi saat kepulangan.',	3,	'Y',	'Y',	2,	NULL,	'2022-08-04 10:30:13',	'2022-08-04 10:30:13'),
(308,	2,	23,	10,	'Mengisi ta\'lim (di resto hotel /halaman Nabawi).',	3,	'Y',	'Y',	2,	NULL,	'2022-08-04 03:41:36',	'2022-08-04 10:41:36'),
(309,	1,	6,	11,	'Membimbing dan memberikan informasi kepada jamaah pada ziarah dalam seputar Masjid Nabawi, terutama berkaitan dengan sejarah Masjid Nabawi dan kota Madinah, Tsaqifah bani Sya\'idah, Kubah Hijau Nabawi, Masjid Ali, Masjid  Abu Bakar, Masjid Ghamamah, dan Makbarah Baqi\'.',	3,	'Y',	'Y',	2,	NULL,	'2022-08-04 03:48:38',	'2022-08-04 10:48:38'),
(310,	2,	23,	11,	'Membimbing dan memberikan informasi kepada jamaah pada ziarah dalam seputar Masjid Nabawi, terutama berkaitan dengan sejarah Masjid Nabawi dan kota Madinah, Tsaqifah bani Sya\'idah, Kubah Hijau Nabawi, Masjid Ali, Masjid  Abu Bakar, Masjid Ghamamah, dan Makbarah Baqi\'.',	3,	'Y',	'Y',	2,	NULL,	'2022-08-04 10:51:33',	'2022-08-04 10:51:33'),
(311,	2,	23,	12,	'Sehari sebelumnya koordinasi dengan tim handling & muthowwif: kesiapan bis, sopir, muasasah, untuk check out dan kepulangan.',	3,	'Y',	'Y',	2,	NULL,	'2022-08-04 04:55:55',	'2022-08-04 11:55:55'),
(312,	2,	23,	13,	'Berkoordinasi dengan Muthowwif tentang kesiapan check out dan pengangkutan koper.',	3,	'N',	'Y',	2,	NULL,	'2022-08-06 12:17:51',	'2022-08-06 19:17:51'),
(313,	2,	23,	14,	'Berkoordinasi dengan Muthowwif dan handling tentang kesiapan check out, pengangkutan koper, dan persiapan departure bandara.',	3,	'N',	'Y',	2,	NULL,	'2022-08-06 12:18:08',	'2022-08-06 19:18:08'),
(314,	2,	23,	15,	'Melakukan liputan video selama program di Madinah',	3,	'Y',	'Y',	2,	NULL,	'2022-08-04 13:03:28',	'2022-08-04 13:03:28'),
(315,	1,	32,	1,	'Mengingatkan jamaah untuk pelaksanaan city tour seputar kota Madinah melalui komunikasi group : WAG/lainnya.',	3,	'Y',	'Y',	2,	NULL,	'2022-08-04 13:06:02',	'2022-08-04 13:06:02'),
(316,	1,	32,	2,	'Koordinasi (mengingatkan dan memastikan) paling lambat 1 (satu) hari sebelumnya dengan tim handling dan muthowwif tentang kesiapan pelaksanaan city tour : bis, sopir, atribut, dan konsumsi.',	3,	'Y',	'Y',	2,	NULL,	'2022-08-04 13:07:19',	'2022-08-04 13:07:19'),
(317,	1,	32,	3,	'Cek kelengkapan jamaah',	1,	'N',	'Y',	2,	NULL,	'2022-08-06 12:35:13',	'2022-08-06 19:35:13'),
(318,	1,	32,	4,	'Memastikan kelengkapan atribut dan ketersediaan konsumsi.',	1,	'Y',	'Y',	2,	NULL,	'2022-08-04 13:08:10',	'2022-08-04 13:08:10'),
(319,	1,	32,	5,	'Mengarahkan jamaah menuju bis yang akan berangkat city tour',	1,	'Y',	'Y',	2,	NULL,	'2022-08-04 13:08:38',	'2022-08-04 13:08:38'),
(320,	1,	32,	6,	'Memimpin doa perjalanan',	3,	'Y',	'Y',	2,	NULL,	'2022-08-04 13:09:10',	'2022-08-04 13:09:10'),
(321,	1,	32,	7,	'Memberikan informasi seputar perjalanan dan tempat-tempat yang dikunjungi saat city tour, baik saat di dalam bis maupun saat dilokasi yang dikunjungi. Memberikan penjelasan berkaitan dengan tempat-tempat yang dikunjungi dari aspek historis, kondisi kekinian, dan ibrah (pelajaran) yang bisa didapatkan dengan mengunjungi tempat-tempat yaitu : Maqbarah Baqi\', Masjid Quba, kebun kurma, Syuhada Uhud, Masjid Qiblatain, dan Masjid Khandaq.',	3,	'Y',	'Y',	2,	NULL,	'2022-08-04 13:12:03',	'2022-08-04 13:12:03'),
(322,	1,	32,	8,	'Memastikan konsumsi sudah dibagikan ke seluruh jamaah oleh muthowwif.',	1,	'Y',	'Y',	2,	NULL,	'2022-08-04 13:14:06',	'2022-08-04 13:14:06'),
(323,	1,	32,	9,	'Memberikan informasi seputar program berikutnya: Raudhah, ziarah seputar masjid Nabawi, tausyiah, dll.',	2,	'N',	'Y',	2,	NULL,	'2022-08-06 12:35:41',	'2022-08-06 19:35:41'),
(324,	1,	32,	10,	'Mengarahkan jamaah menuju lift hotel (kamar) setbanya di hotel.',	1,	'N',	'Y',	2,	NULL,	'2022-08-06 12:35:38',	'2022-08-06 19:35:38'),
(325,	1,	9,	1,	'Mengingatkan jamaah melalui komunikasi group : WAG/lainnya tentang persiapan pelaksanaan ibadah umrah : waktu dan tempat kumpul, dan hal-hal lainnya yang perlu disiapkan jamaah.',	3,	'Y',	'Y',	2,	NULL,	'2022-08-04 06:40:16',	'2022-08-04 13:40:16'),
(326,	1,	9,	2,	'BRIEFING UMRAH TAHAP KE-1 : di lobby hotel/tempat lainnya yang kondusif. Materi briefing meliputi: memastikan seluruh jama’ah sudah punya wudhu, memastikan atribut group dipakai semua jama’ah, mengingatkan hal-hal yang berkaitan dengan larangan dan sunnah selama ber-ihram, menjelaskan secara singkat tahapan ibadah yang akan dilakukan, memberikan motivasi kepada jamaah untuk kekompakkan selama pelaksanaan umrah di Masjidil Haram.',	3,	'Y',	'Y',	2,	NULL,	'2022-08-04 06:48:26',	'2022-08-04 13:48:26'),
(327,	1,	9,	20,	'BRIEFING UMRAH TAHAP KE-6. di lokasi Marwah setelah tahallul. Melakukan review singkat pelaksanaan umrah secara keseluruhan dan memberikan informasi seputar program/agenda berikutnya: thawaf sunnah bersama dan city tour dan atau informasi lainnya yang dirasakan perlu disampaikan kepada jamaah.',	3,	'Y',	'Y',	2,	NULL,	'2022-08-04 14:00:51',	'2022-08-04 14:00:51'),
(328,	1,	9,	21,	'Mengarahkan jama’ah ke pintu keluar masjidil haram menuju hotel untuk istirahat.',	2,	'Y',	'Y',	2,	NULL,	'2022-08-04 14:01:27',	'2022-08-04 14:01:27'),
(329,	1,	33,	1,	'Mengingatkan jamaah untuk pelaksanaan City Tour seputar kota Mekkah melalui komunikasi group : WAG/lainnya.',	3,	'Y',	'Y',	2,	NULL,	'2022-08-04 14:20:18',	'2022-08-04 14:20:18'),
(330,	1,	33,	2,	'Koordinasi (mengingatkan dan memastikan) paling lambat 1 (satu) hari sebelumnya dengan tim handling dan muthawif tentang kesiapan pelaksanaan City Tour : bis (sopir), atribut, dan konsumsi.',	3,	'N',	'Y',	2,	NULL,	'2022-08-06 12:40:08',	'2022-08-06 19:40:08'),
(331,	1,	33,	3,	'Cek kelengkapan jamaah',	1,	'Y',	'Y',	2,	NULL,	'2022-08-04 14:21:04',	'2022-08-04 14:21:04'),
(332,	1,	33,	4,	'Memastikan kelengkapan atribut dan ketersediaan konsumsi.',	1,	'Y',	'Y',	2,	NULL,	'2022-08-04 14:22:41',	'2022-08-04 14:22:41'),
(333,	1,	33,	5,	'Mengarahkan jama’ah menuju bus yang akan berangkat city tour.',	1,	'Y',	'Y',	2,	NULL,	'2022-08-04 14:23:06',	'2022-08-04 14:23:06'),
(334,	1,	33,	6,	'Memimpin doa perjalanan',	3,	'Y',	'Y',	2,	NULL,	'2022-08-04 14:23:28',	'2022-08-04 14:23:28'),
(335,	1,	33,	7,	'Memberikan informasi seputar perjalanan dan tempat-tempat yang dikunjungi saat city tour, baik saat di dalam bis maupun di saat dilokasi yang dikunjungi. Memberikan penjelasan berkaitan dengan tempat-tempat yang dikunjungi dari aspek historis, kondisi kekinian, dan ibrah (pelajaran) yang didapat dengan mengunjungi tempat-tempat yaitu : Jabal Tsur, Arafah, Muzdalifah, Mina, Jabal Nur (Goa Hira), Makbarah Ma\'la, dan Masjid Jin.',	3,	'Y',	'Y',	2,	NULL,	'2022-08-04 14:23:58',	'2022-08-04 14:23:58'),
(336,	1,	33,	8,	'Memastikan konsumsi sudah dibagikan ke seluruh jama’ah oleh Muthawwif.',	1,	'Y',	'Y',	2,	NULL,	'2022-08-04 14:24:30',	'2022-08-04 14:24:30'),
(337,	1,	33,	9,	'Memberikan informasi seputar program berikutnya: thawaf sunnah, tour jabbal Nur, ziarah seputar masjidil haram, tawaf wada, dll.',	2,	'N',	'Y',	2,	NULL,	'2022-08-06 12:40:36',	'2022-08-06 19:40:36'),
(338,	1,	33,	10,	'Mengarahkan jamaah menuju ke lift hotel (kamar) setibanya di hotel.',	1,	'N',	'Y',	2,	NULL,	'2022-08-06 12:40:33',	'2022-08-06 19:40:33'),
(339,	1,	6,	16,	'Membagikan kuisioner Madinah',	3,	'Y',	'Y',	2,	NULL,	'2022-08-04 14:37:46',	'2022-08-04 14:37:46'),
(340,	2,	28,	9,	'Melakukan liputan video selama program Mekkah',	3,	'Y',	'Y',	2,	NULL,	'2022-08-04 14:38:47',	'2022-08-04 14:38:47'),
(341,	2,	28,	10,	'Membagikan kuesioner Mekkah',	3,	'Y',	'Y',	2,	NULL,	'2022-08-04 14:39:34',	'2022-08-04 14:39:34'),
(342,	2,	20,	22,	'Membuat liputan video pelaksanaan umrah',	3,	'Y',	'Y',	2,	NULL,	'2022-08-04 14:40:23',	'2022-08-04 14:40:23'),
(343,	2,	18,	12,	'Membuat liputan video kedatangan',	3,	'Y',	'Y',	2,	NULL,	'2022-08-06 12:01:42',	'2022-08-06 19:01:42'),
(344,	2,	21,	11,	'Membuat liputan video acara city tour Mekkah',	3,	'Y',	'Y',	2,	NULL,	'2022-08-04 14:42:36',	'2022-08-04 14:42:36'),
(345,	2,	29,	11,	'Membuat video liputan acara city tour Madinah',	3,	'Y',	'Y',	2,	NULL,	'2022-08-04 14:43:51',	'2022-08-04 14:43:51'),
(346,	2,	23,	16,	'Membagikan kuesioner Madinah',	3,	'Y',	'Y',	2,	NULL,	'2022-08-04 14:45:10',	'2022-08-04 14:45:10'),
(347,	2,	24,	14,	'Cek kondisi jamaah selama menunggu penerbangan dan dalam penerbangan menuju Jakarta',	1,	'N',	'Y',	2,	NULL,	'2022-08-06 12:20:23',	'2022-08-06 19:20:23'),
(348,	2,	25,	9,	'Membuat video liputan ketibaan.',	3,	'Y',	'Y',	2,	NULL,	'2022-08-04 07:47:56',	'2022-08-04 14:47:56'),
(349,	1,	32,	11,	'Membuat video liputan acara city tour Madinah',	3,	'Y',	'Y',	2,	NULL,	'2022-08-04 14:50:03',	'2022-08-04 14:50:03'),
(350,	1,	7,	18,	'Membuat video liputan pelaksanaan ihlal ihram dan perjalanan ke Mekkah',	3,	'Y',	'Y',	2,	NULL,	'2022-08-04 14:51:36',	'2022-08-04 14:51:36'),
(351,	1,	8,	6,	'Membuat video liputan kedatangan di Kota Mekkah',	3,	'Y',	'Y',	2,	NULL,	'2022-08-04 14:52:37',	'2022-08-04 14:52:37'),
(352,	1,	9,	22,	'Membuat video liputan pelaksanaan ibadah umrah',	3,	'Y',	'Y',	2,	NULL,	'2022-08-04 14:53:15',	'2022-08-04 14:53:15'),
(353,	1,	10,	9,	'Membuat video liputan selama di kota Mekkah',	3,	'Y',	'Y',	2,	NULL,	'2022-08-04 14:53:56',	'2022-08-04 14:53:56'),
(354,	1,	33,	11,	'Membuat video liputan acara city tour Mekkah',	3,	'Y',	'Y',	2,	NULL,	'2022-08-04 14:54:25',	'2022-08-04 14:54:25'),
(356,	1,	11,	4,	'Memastikan seluruh koper terangkut ke dalam bis kepulangan bandara.',	3,	'Y',	'Y',	2,	NULL,	'2022-08-04 09:06:57',	'2022-08-04 16:06:57'),
(357,	1,	11,	5,	'Memastikan kelengkapan jamaah sebelum berangkat meninggalkan Mekkah',	3,	'Y',	'Y',	2,	NULL,	'2022-08-04 09:07:19',	'2022-08-04 16:07:19'),
(358,	1,	11,	11,	'Berkoordinasi dengan tim bandara seputar waktu boarding dan kesiapan kepulangan secara keseluruhan',	3,	'N',	'Y',	2,	NULL,	'2022-08-06 12:41:24',	'2022-08-06 19:41:24'),
(359,	1,	11,	15,	'Mengingatkan waktu shalat di dalam pesawat',	2,	'N',	'Y',	2,	NULL,	'2022-08-06 12:41:50',	'2022-08-06 19:41:50'),
(360,	2,	24,	15,	'Mengingatkan waktu shalat di dalam pesawat',	2,	'N',	'Y',	2,	NULL,	'2022-08-06 12:20:14',	'2022-08-06 19:20:14'),
(361,	1,	12,	4,	'Memastikan semua jamaah telah mendapatkan bagasinya secara lengkap dan utuh.',	1,	'Y',	'Y',	2,	NULL,	'2022-08-04 16:34:02',	'2022-08-04 16:34:02'),
(362,	1,	12,	5,	'Memastikan kelengkapan koper jamaah, air zamzam sebelum meninggalkan bandara soetta.',	2,	'Y',	'Y',	2,	NULL,	'2022-08-04 16:35:18',	'2022-08-04 16:35:18'),
(363,	1,	12,	6,	'Cek kesiapan truk dan bis untuk kepulangan',	1,	'N',	'Y',	2,	NULL,	'2022-08-06 12:42:10',	'2022-08-06 19:42:10'),
(364,	1,	12,	7,	'Mengarahkan jamaah menuju titik kumpul kepulangan.',	1,	'Y',	'Y',	2,	NULL,	'2022-08-04 16:36:39',	'2022-08-04 16:36:39'),
(365,	1,	12,	8,	'Memberikan sambutan penutup saat bis berjalan keluar Bandara Setta yang berisi ucapan terima kasih dan permohonan maaf kepada seluruh jamaah.',	3,	'Y',	'Y',	2,	NULL,	'2022-08-04 16:37:29',	'2022-08-04 16:37:29'),
(366,	1,	12,	9,	'Membuat video liputan ketibaan.',	3,	'Y',	'Y',	2,	NULL,	'2022-08-04 16:37:54',	'2022-08-04 16:37:54'),
(367,	3,	34,	1,	'Menerima data dari admin Percik Tours berupa : Itinerary program umrah, daftar identitas jamaah, pelaksanaan manasik, dan keberangkatan.',	1,	'Y',	'Y',	2,	NULL,	'2022-08-06 04:43:51',	'2022-08-06 11:43:51'),
(368,	3,	34,	2,	'Mempelajari dan memahami : paket program, itinerary, jumlah jamaah.',	3,	'Y',	'Y',	2,	NULL,	'2022-08-06 09:58:15',	'2022-08-06 16:58:15'),
(369,	3,	34,	3,	'Mempelajari dan mengetahui daftar peserta/jamaah :sebaran usia, pekerjaan, pendidikan, dll',	3,	'N',	'Y',	2,	NULL,	'2022-08-06 06:44:21',	'2022-08-06 13:44:21'),
(370,	3,	34,	4,	'Mempelajari materi manasik yang sudah disiapkan pembimbing utama.',	3,	'Y',	'Y',	2,	NULL,	'2022-08-06 11:46:08',	'2022-08-06 11:46:08'),
(371,	3,	34,	5,	'Berkoordinasi dengan pembimbing utama untuk pelaksanaan manasik',	1,	'N',	'Y',	2,	NULL,	'2022-08-06 09:59:18',	'2022-08-06 16:59:18'),
(372,	3,	35,	1,	'Hadir di tempat manasik paling lambat 30 menit sebelum acara dimulai.',	3,	'Y',	'Y',	2,	NULL,	'2022-08-06 11:47:58',	'2022-08-06 11:47:58'),
(373,	3,	35,	2,	'Membantu mengecek kesiapan pelaksanaan materi manasik.',	1,	'N',	'Y',	2,	NULL,	'2022-08-06 10:01:00',	'2022-08-06 17:01:00'),
(374,	3,	35,	3,	'Menyampaikan Materi manasik sesuai tugas dan batasan yang diberikan oleh pembimbing utama.',	3,	'Y',	'Y',	2,	NULL,	'2022-08-06 11:49:40',	'2022-08-06 11:49:40'),
(375,	3,	35,	4,	'Membuat video liputan manasik',	3,	'Y',	'Y',	2,	NULL,	'2022-08-06 11:50:12',	'2022-08-06 11:50:12'),
(376,	3,	35,	5,	'Membantu tim manasik dalam hal teknis penyelenggaraan manasik pada hari H.',	2,	'N',	'Y',	2,	NULL,	'2022-08-06 10:11:19',	'2022-08-06 17:11:19'),
(377,	3,	36,	1,	'Menyiapkan perlengkapan pribadi asisten pembimbing.',	1,	'Y',	'Y',	2,	NULL,	'2022-08-06 11:51:48',	'2022-08-06 11:51:48'),
(378,	3,	36,	2,	'Cek & ricek list perlengkapan pembimbing & program. Pastikan semuanya sudah lengkap sesuai list yang ada..',	3,	'Y',	'Y',	2,	NULL,	'2022-08-06 11:53:18',	'2022-08-06 11:53:18'),
(379,	3,	36,	3,	'Membantu tim percik dalam pengumpulan koper bagasi jamaah.',	3,	'Y',	'Y',	2,	NULL,	'2022-08-06 11:54:12',	'2022-08-06 11:54:12'),
(380,	3,	37,	1,	'Hadir paling lambat 30 menit sebelum waktu keberangkatan.',	3,	'Y',	'Y',	2,	NULL,	'2022-08-06 11:55:00',	'2022-08-06 11:55:00'),
(381,	3,	37,	2,	'Membantu tim handling dalam mengecek kesiapan keberangkatan',	1,	'N',	'Y',	2,	NULL,	'2022-08-06 10:15:22',	'2022-08-06 17:15:22'),
(382,	3,	37,	5,	'Membantu dan ikut mengarahkan jamaah saat keberangkatan menuju Bandara.',	1,	'Y',	'Y',	2,	NULL,	'2022-08-06 10:44:00',	'2022-08-06 17:44:00'),
(383,	3,	37,	6,	'Koordinasi dengan pembimbing utama selama perjalanan menuju bandara.',	1,	'N',	'Y',	2,	NULL,	'2022-08-06 10:44:26',	'2022-08-06 17:44:26'),
(384,	3,	37,	7,	'Ikut serta dalam pemberian pengarahan saat di hotel transit sesuai arahan pembimbing utama',	3,	'Y',	'Y',	2,	NULL,	'2022-08-06 10:44:43',	'2022-08-06 17:44:43'),
(385,	3,	37,	9,	'Membantu mengarahkan jamaah saat boarding hingga tiba di gate penerbangan.',	2,	'Y',	'Y',	2,	NULL,	'2022-08-06 10:45:19',	'2022-08-06 17:45:19'),
(386,	3,	38,	1,	'Menyapa, berkomunikasi seperlunya selama dalam penerbangan.',	1,	'N',	'Y',	2,	NULL,	'2022-08-06 06:45:30',	'2022-08-06 13:45:30'),
(387,	3,	38,	2,	'Berkoordinasi dengan Pembimbing Utama',	1,	'N',	'Y',	2,	NULL,	'2022-08-06 06:45:33',	'2022-08-06 13:45:33'),
(388,	3,	37,	8,	'Membuat video liputan keberangkatan',	3,	'Y',	'Y',	2,	NULL,	'2022-08-06 10:45:01',	'2022-08-06 17:45:01'),
(389,	3,	37,	10,	'Membantu pembimbing utama dalam pengaturan tempat duduk dan penyimpanan tas cabin jamaah.',	1,	'N',	'Y',	2,	NULL,	'2022-08-06 10:45:33',	'2022-08-06 17:45:33'),
(390,	3,	39,	1,	'Membantu pembimbing utama dalam mengarahkan jama\'ah keluar dari pesawat hingga ke tempat imigrasi',	3,	'Y',	'Y',	2,	NULL,	'2022-08-06 13:02:50',	'2022-08-06 13:02:50'),
(391,	3,	39,	2,	'Membantu memastikan semua jamaah tidak mengalami kendala saat pemeriksaan imigrasi saudi. Pembimbing utama di antrian depan sehingga bisa lebih dahulu masuk ke comveyor bagasi dan asisten pembimbing dibagian terakhir dibelakang antrian jamaah percik.',	3,	'Y',	'Y',	2,	NULL,	'2022-08-06 13:04:22',	'2022-08-06 13:04:22'),
(392,	3,	39,	3,	'Memastikan semua jamaah telah melewati proses imigrasi.',	3,	'N',	'Y',	2,	NULL,	'2022-08-06 06:42:26',	'2022-08-06 13:42:26'),
(393,	3,	39,	4,	'Membantu mengarahkan jamaah menuju keluar bandara dan menuju Bis.',	3,	'Y',	'Y',	2,	NULL,	'2022-08-06 13:43:11',	'2022-08-06 13:43:11'),
(394,	3,	39,	5,	'Membuat video liputan ketibaan bandara madinah',	3,	'Y',	'Y',	2,	NULL,	'2022-08-06 13:47:15',	'2022-08-06 13:47:15'),
(395,	3,	39,	6,	'Mengumpulkan paspor jamaah di dalam bis',	1,	'Y',	'Y',	2,	NULL,	'2022-08-06 10:48:14',	'2022-08-06 17:48:14'),
(396,	3,	39,	7,	'Menghitung kelengkapan jamaah dalam bis sebelum berangkat',	3,	'N',	'Y',	2,	NULL,	'2022-08-06 06:50:44',	'2022-08-06 13:50:44'),
(397,	3,	40,	4,	'Membantu distribusi konsumsi, air minum ke semua jamaah.',	1,	'N',	'Y',	2,	NULL,	'2022-08-06 12:57:18',	'2022-08-06 19:57:18'),
(398,	3,	40,	5,	'Berkoordinasi dengan pembimbing utama dalam perjalanan menuju Madinah.',	2,	'N',	'Y',	2,	NULL,	'2022-08-06 12:57:32',	'2022-08-06 19:57:32'),
(399,	3,	40,	6,	'Membantu mengarahkan jamaah setibanya di hotel Madinah.',	3,	'Y',	'Y',	2,	NULL,	'2022-08-06 12:59:27',	'2022-08-06 19:59:27'),
(400,	3,	40,	7,	'Membantu tim dalam pembagian kunci kamar.',	1,	'Y',	'Y',	2,	NULL,	'2022-08-06 12:59:35',	'2022-08-06 19:59:35'),
(401,	3,	40,	8,	'Membuat video liputan kedatangan hotel Madinah.',	3,	'Y',	'Y',	2,	NULL,	'2022-08-06 12:59:41',	'2022-08-06 19:59:41'),
(402,	3,	41,	1,	'Membantu pembimbing utama dalam koordinasi pelayanan kepada jamaah selama berada di Madinah.',	3,	'Y',	'Y',	2,	NULL,	'2022-08-06 14:01:07',	'2022-08-06 14:01:07'),
(403,	3,	41,	2,	'Senantiasa menyapa, membuka obrolan, menghimpun informasi di setiap waktu makan di restoran hotel.',	3,	'Y',	'Y',	2,	NULL,	'2022-08-06 14:02:18',	'2022-08-06 14:02:18'),
(404,	3,	41,	3,	'Ikut terlibat dalam penyelesaian masalah apabila ditemukan kendala.',	3,	'Y',	'Y',	2,	NULL,	'2022-08-06 14:03:13',	'2022-08-06 14:03:13'),
(405,	3,	41,	4,	'Ikut membantu mengarahkan jamaah saat ziarah ke Raudhah dan Makam Rasulullah Saw',	3,	'Y',	'Y',	2,	NULL,	'2022-08-06 13:00:03',	'2022-08-06 20:00:03'),
(406,	3,	41,	5,	'Membantu dan mendampingi pembimbing utama mengarahkan jamaah dalam agenda ziarah dalam seoutar Masjid Nabawi.',	3,	'Y',	'Y',	2,	NULL,	'2022-08-06 14:05:56',	'2022-08-06 14:05:56'),
(407,	3,	41,	6,	'Melakukan liputan video selama program di Madinah.',	3,	'Y',	'Y',	2,	NULL,	'2022-08-06 14:06:49',	'2022-08-06 14:06:49'),
(408,	3,	42,	1,	'Mengarahkan jamaah menuju ke Bis city tour.',	1,	'Y',	'Y',	2,	NULL,	'2022-08-06 14:08:23',	'2022-08-06 14:08:23'),
(409,	3,	42,	2,	'Menghitung kelengkapan jamaah didalam bis sebelum berangkat.',	3,	'N',	'Y',	2,	NULL,	'2022-08-06 07:09:05',	'2022-08-06 14:09:05'),
(410,	3,	42,	4,	'Membantu distribusi konsumsi ke semua jamaah',	1,	'N',	'Y',	2,	NULL,	'2022-08-06 13:04:22',	'2022-08-06 20:04:22'),
(411,	3,	42,	6,	'Membantu Pembimbing utama mengarahkan jamaah selama perjalanan city tour madinah',	3,	'Y',	'Y',	2,	NULL,	'2022-08-06 13:05:50',	'2022-08-06 20:05:50'),
(412,	3,	42,	8,	'Mengarahkan jamaah menuju lift hotel (kamar) setibanya di hotel.',	1,	'N',	'Y',	2,	NULL,	'2022-08-06 13:06:29',	'2022-08-06 20:06:29'),
(413,	3,	42,	9,	'Membuat video liputan selama city tour Madinah.',	3,	'Y',	'Y',	2,	NULL,	'2022-08-06 13:04:08',	'2022-08-06 20:04:08'),
(414,	3,	43,	3,	'Membantu mengarahkan jamaah menuju ke Bis.',	1,	'Y',	'Y',	2,	NULL,	'2022-08-06 13:09:27',	'2022-08-06 20:09:27'),
(415,	3,	43,	4,	'Menghitung kelengkapan jamaah sebelum berangkat.',	3,	'N',	'Y',	2,	NULL,	'2022-08-06 13:13:52',	'2022-08-06 20:13:52'),
(417,	3,	43,	6,	'Membantu distribusi konsumsi ke jamaah',	1,	'N',	'Y',	2,	NULL,	'2022-08-06 13:14:19',	'2022-08-06 20:14:19'),
(418,	3,	43,	10,	'Membantu mengarahkan jamaah memasuki masjid Bier Ali.',	1,	'Y',	'Y',	2,	NULL,	'2022-08-06 13:18:44',	'2022-08-06 20:18:44'),
(419,	3,	43,	14,	'Membuat video liputan perjalanan ke Mekkah',	3,	'Y',	'Y',	2,	NULL,	'2022-08-06 13:29:33',	'2022-08-06 20:29:33'),
(420,	3,	44,	1,	'Membantu mengarahkan jamaah menuju ke dalam hotel.',	1,	'Y',	'Y',	2,	NULL,	'2022-08-06 14:25:19',	'2022-08-06 14:25:19'),
(421,	3,	44,	2,	'Ikut membantu dalam pembagian kunci kamar',	3,	'Y',	'Y',	2,	NULL,	'2022-08-06 14:25:39',	'2022-08-06 14:25:39'),
(422,	3,	44,	3,	'Membuat video liputan kedatangan Mekkah',	3,	'Y',	'Y',	2,	NULL,	'2022-08-06 14:26:28',	'2022-08-06 14:26:28'),
(423,	3,	45,	1,	'Membantu pembimbing utama saat mengarahkan dan membimbing pelaksanaan thawaf, sa\'i, sampai tahallul.',	3,	'Y',	'Y',	2,	NULL,	'2022-08-06 13:34:57',	'2022-08-06 20:34:57'),
(424,	3,	45,	2,	'Memastikan semua jamaah ada didalam barisan, tidak tercecer, tidak ada yang terpisah dari rombongan.',	3,	'N',	'Y',	2,	NULL,	'2022-08-06 13:36:16',	'2022-08-06 20:36:16'),
(425,	3,	45,	3,	'Membuat video liputan pelaksanaan umrah.',	3,	'Y',	'Y',	2,	NULL,	'2022-08-06 14:29:17',	'2022-08-06 14:29:17'),
(426,	3,	46,	1,	'Membantu pembimbing utama untuk koordinasi dengan muthowwif agar terjadi pelayanan maksimal kepada jamaah setiap saat.',	1,	'Y',	'Y',	2,	NULL,	'2022-08-06 14:30:55',	'2022-08-06 14:30:55'),
(427,	3,	46,	2,	'Ikut mengarhkan jamaah dalam pelaksanaan thawaf sunnah setiap hari.',	3,	'Y',	'Y',	2,	NULL,	'2022-08-06 14:31:28',	'2022-08-06 14:31:28'),
(428,	3,	46,	3,	'Pada hari H check out ikut membantu cek kelengkapan jamaah.',	1,	'N',	'Y',	2,	NULL,	'2022-08-06 07:32:40',	'2022-08-06 14:32:40'),
(429,	3,	46,	4,	'Membantu dalam pengecekan dan penimbangan koper jamaah.',	1,	'Y',	'Y',	2,	NULL,	'2022-08-06 14:53:44',	'2022-08-06 14:53:44'),
(430,	3,	46,	5,	'Membuat video liputan selama di kota Mekkah.',	3,	'Y',	'Y',	2,	NULL,	'2022-08-06 14:54:07',	'2022-08-06 14:54:07'),
(431,	3,	47,	1,	'Mengarahkan jamaah menuju ke Bis city tour.',	1,	'Y',	'Y',	2,	NULL,	'2022-08-06 14:55:00',	'2022-08-06 14:55:00'),
(432,	3,	47,	2,	'Menghitung kelengkapan jamaah didalam bis sebelum berangkat.',	3,	'N',	'Y',	2,	NULL,	'2022-08-06 07:55:40',	'2022-08-06 14:55:40'),
(433,	3,	47,	4,	'Membantu distribusi konsumsi ke semua jamaah',	1,	'N',	'Y',	2,	NULL,	'2022-08-06 13:39:31',	'2022-08-06 20:39:31'),
(434,	3,	47,	7,	'Membantu Pembimbing utama mengarahkan jamaah selama perjalanan city tour Mekkah.',	3,	'Y',	'Y',	2,	NULL,	'2022-08-06 13:43:30',	'2022-08-06 20:43:30'),
(435,	3,	47,	8,	'Membantu mengarahkan jamaah menuju lift hotel (kamar) setibanya di hotel.',	1,	'N',	'Y',	2,	NULL,	'2022-08-06 13:43:49',	'2022-08-06 20:43:49'),
(436,	3,	47,	9,	'Membuat video liputan city tour Mekkah',	3,	'Y',	'Y',	2,	NULL,	'2022-08-06 13:42:50',	'2022-08-06 20:42:50'),
(437,	3,	48,	1,	'Membantu pengecekan koper-koper jamaah sebelum check out.',	3,	'Y',	'Y',	2,	NULL,	'2022-08-07 03:49:46',	'2022-08-07 10:49:46'),
(438,	3,	48,	2,	'Menghitung kelengkapan jamaah didalam bis sebelum berangkat',	3,	'N',	'Y',	2,	NULL,	'2022-08-06 07:59:47',	'2022-08-06 14:59:47'),
(439,	3,	48,	5,	'Membantu distribusi konsumsi',	1,	'N',	'Y',	2,	NULL,	'2022-08-06 13:46:50',	'2022-08-06 20:46:50'),
(440,	3,	48,	6,	'Membantu mengarahkan jamaah menuju ke dalam Bandara kepulangan.',	3,	'Y',	'Y',	2,	NULL,	'2022-08-06 13:45:47',	'2022-08-06 20:45:47'),
(441,	3,	48,	7,	'Berkoordinasi dengan pembimbing utama selama perjalanan kepulangan.',	3,	'N',	'Y',	2,	NULL,	'2022-08-07 03:53:33',	'2022-08-07 10:53:33'),
(442,	3,	48,	8,	'Membuat video liputan kepulangan',	3,	'Y',	'Y',	2,	NULL,	'2022-08-06 13:47:15',	'2022-08-06 20:47:15'),
(443,	3,	49,	1,	'Mengarahkan jamaah menuju imigrasi dan bagasi.',	3,	'Y',	'Y',	2,	NULL,	'2022-08-06 15:03:05',	'2022-08-06 15:03:05'),
(444,	3,	49,	2,	'Menginformasikan kepada jamaah agar membawa barang bagasi nya sendiri-sendiri.',	3,	'N',	'Y',	2,	NULL,	'2022-08-06 13:47:54',	'2022-08-06 20:47:54'),
(446,	3,	49,	3,	'Mengarahkan jamaah menuju ke titik kumpul di luar Bandara untuk kepulangan ke Bandung.',	3,	'Y',	'Y',	2,	NULL,	'2022-08-06 15:04:58',	'2022-08-06 15:04:58'),
(447,	3,	49,	4,	'Membuat video liputan ketibaan.',	3,	'Y',	'Y',	2,	NULL,	'2022-08-06 15:05:36',	'2022-08-06 15:05:36'),
(448,	4,	50,	1,	'Menerima data dari admin Percik Tours berupa : Itinerary program umrah, daftar identitas jamaah, pelaksanaan manasik, dan keberangkatan.',	1,	'Y',	'Y',	2,	NULL,	'2022-08-06 16:57:43',	'2022-08-06 16:57:43'),
(449,	4,	50,	2,	'Mempelajari dan memahami : paket program, itinerary, jumlah jamaah.',	3,	'Y',	'Y',	2,	NULL,	'2022-08-06 16:58:01',	'2022-08-06 16:58:01'),
(450,	4,	50,	3,	'Mempelajari dan mengetahui daftar peserta/jamaah :sebaran usia, pekerjaan, pendidikan, dll',	3,	'N',	'Y',	2,	NULL,	'2022-08-06 09:58:49',	'2022-08-06 16:58:49'),
(451,	4,	50,	4,	'Mempelajari materi manasik yang sudah disiapkan pembimbing utama.',	3,	'Y',	'Y',	2,	NULL,	'2022-08-06 16:59:07',	'2022-08-06 16:59:07'),
(452,	4,	50,	5,	'Berkoordinasi dengan pembimbing utama untuk pelaksanaan manasik',	1,	'N',	'Y',	2,	NULL,	'2022-08-06 10:00:09',	'2022-08-06 17:00:09'),
(453,	4,	51,	1,	'Hadir di tempat manasik paling lambat 30 menit sebelum acara dimulai.',	3,	'Y',	'Y',	2,	NULL,	'2022-08-06 17:00:44',	'2022-08-06 17:00:44'),
(454,	4,	51,	2,	'Membantu mengecek kesiapan pelaksanaan materi manasik.',	1,	'N',	'Y',	2,	NULL,	'2022-08-06 10:01:19',	'2022-08-06 17:01:19'),
(455,	4,	51,	3,	'Menyampaikan Materi manasik sesuai tugas dan batasan yang diberikan oleh pembimbing utama.',	3,	'Y',	'Y',	2,	NULL,	'2022-08-06 17:10:28',	'2022-08-06 17:10:28'),
(456,	4,	51,	4,	'Membuat video liputan manasik',	3,	'Y',	'Y',	2,	NULL,	'2022-08-06 17:10:40',	'2022-08-06 17:10:40'),
(457,	4,	51,	5,	'Membantu tim manasik dalam hal teknis penyelenggaraan manasik pada hari H.',	2,	'N',	'Y',	2,	NULL,	'2022-08-06 10:11:17',	'2022-08-06 17:11:17'),
(458,	4,	52,	1,	'Menyiapkan perlengkapan pribadi asisten pembimbing.',	3,	'Y',	'Y',	2,	NULL,	'2022-08-06 17:12:03',	'2022-08-06 17:12:03'),
(459,	4,	52,	2,	'Cek & ricek list perlengkapan pembimbing & program. Pastikan semuanya sudah lengkap sesuai list yang ada.',	3,	'Y',	'Y',	2,	NULL,	'2022-08-06 17:12:26',	'2022-08-06 17:12:26'),
(460,	4,	52,	3,	'Membantu tim percik dalam pengumpulan koper bagasi jamaah.',	3,	'Y',	'Y',	2,	NULL,	'2022-08-06 17:13:52',	'2022-08-06 17:13:52'),
(461,	4,	53,	1,	'Hadir paling lambat 30 menit sebelum waktu keberangkatan.',	3,	'Y',	'Y',	2,	NULL,	'2022-08-06 17:14:36',	'2022-08-06 17:14:36'),
(462,	4,	53,	2,	'Membantu tim handling dalam mengecek kesiapan keberangkatan.',	1,	'N',	'Y',	2,	NULL,	'2022-08-06 10:15:28',	'2022-08-06 17:15:28'),
(463,	4,	53,	5,	'Membantu dan ikut mengarahkan jamaah saat keberangkatan menuju Bandara.',	1,	'Y',	'Y',	2,	NULL,	'2022-08-06 10:39:02',	'2022-08-06 17:39:02'),
(464,	4,	53,	6,	'Koordinasi dengan pembimbing utama selama perjalanan menuju bandara.',	1,	'N',	'Y',	2,	NULL,	'2022-08-06 10:39:11',	'2022-08-06 17:39:11'),
(465,	4,	53,	7,	'Ikut serta dalam pemberian pengarahan saat di hotel transit sesuai arahan pembimbing utama',	3,	'Y',	'Y',	2,	NULL,	'2022-08-06 10:39:18',	'2022-08-06 17:39:18'),
(466,	4,	53,	8,	'Membantu mengarahkan jamaah saat boarding hingga tiba di gate penerbangan.',	2,	'Y',	'Y',	2,	NULL,	'2022-08-06 10:39:27',	'2022-08-06 17:39:27'),
(467,	4,	53,	9,	'Membuat video liputan keberangkatan.',	3,	'Y',	'Y',	2,	NULL,	'2022-08-06 10:39:43',	'2022-08-06 17:39:43'),
(468,	4,	53,	10,	'Membantu pembimbing utama dalam pengaturan tempat duduk dan penyimpanan tas cabin jamaah.',	1,	'N',	'Y',	2,	NULL,	'2022-08-06 10:39:50',	'2022-08-06 17:39:50'),
(469,	4,	54,	1,	'Menyapa, berkomunikasi seperlunya selama dalam penerbangan.',	1,	'N',	'Y',	2,	NULL,	'2022-08-06 10:19:59',	'2022-08-06 17:19:59'),
(470,	4,	54,	2,	'Berkoordinasi dengan Pembimbing Utama',	1,	'N',	'Y',	2,	NULL,	'2022-08-06 10:20:41',	'2022-08-06 17:20:41'),
(471,	4,	54,	3,	'Pada waktunya memberitahukan jamaah pria untuk kesiapan ganti pakaian ihram dipesawat.',	3,	'N',	'Y',	2,	NULL,	'2022-08-06 10:22:44',	'2022-08-06 17:22:44'),
(472,	4,	54,	4,	'Membantu mengarahkan jama’ah pria dalam memakai kain ihrom.',	3,	'N',	'Y',	2,	NULL,	'2022-08-06 10:24:09',	'2022-08-06 17:24:09'),
(473,	4,	54,	5,	'Membantu pembimbing utama dalam mengingatkan jamaah untuk ihlal ihram saat melewati zona miqat di pesawat.',	3,	'N',	'Y',	2,	NULL,	'2022-08-06 10:25:13',	'2022-08-06 17:25:13'),
(474,	4,	55,	1,	'Membantu mengarahkan jama’ah saat keluar dari pesawat hingga ke tempat imigrasi.',	3,	'Y',	'Y',	2,	NULL,	'2022-08-06 17:26:22',	'2022-08-06 17:26:22'),
(475,	4,	55,	2,	'Membantu memastikan semua jamaah tidak mengalami kendala saat pemeriksaan imigrasi saudi. Pembimbing utama di antrian depan sehingga bisa lebih dahulu masuk ke comveyor bagasi dan asisten pembimbing dibagian terakhir dibelakang antrian jamaah percik.',	3,	'Y',	'Y',	2,	NULL,	'2022-08-06 17:26:48',	'2022-08-06 17:26:48'),
(476,	4,	55,	3,	'Memastikan semua jamaah telah melewati proses imigrasi.',	3,	'N',	'Y',	2,	NULL,	'2022-08-06 10:27:29',	'2022-08-06 17:27:29'),
(477,	4,	55,	4,	'Membantu mengarahkan jamaah menuju keluar bandara dan menuju Bis.',	3,	'Y',	'Y',	2,	NULL,	'2022-08-06 17:28:40',	'2022-08-06 17:28:40'),
(478,	4,	55,	5,	'Membuat video liputan ketibaan bandara Jeddah.',	3,	'Y',	'Y',	2,	NULL,	'2022-08-06 17:29:29',	'2022-08-06 17:29:29'),
(479,	4,	55,	6,	'Mengumpulkan paspor jamaah di dalam bis',	1,	'Y',	'Y',	2,	NULL,	'2022-08-06 10:46:40',	'2022-08-06 17:46:40'),
(480,	4,	55,	7,	'Menghitung kelengkapan jamaah dalam bis sebelum berangkat',	3,	'N',	'Y',	2,	NULL,	'2022-08-06 10:30:48',	'2022-08-06 17:30:48'),
(481,	4,	53,	3,	'Memimpin doa perjalanan sesaat setelah bis berjalan.',	3,	'Y',	'Y',	2,	NULL,	'2022-08-06 10:33:34',	'2022-08-06 17:33:34'),
(482,	3,	37,	3,	'Memimpin doa perjalanan sesaat setelah bis berjalan.',	3,	'Y',	'Y',	2,	NULL,	'2022-08-06 10:36:12',	'2022-08-06 17:36:12'),
(483,	4,	53,	4,	'Menyampaikan makna dari do\'a safar serta menyampaikan informasi-informasi lainnya yang sekiranya diperlukan.',	3,	'N',	'Y',	2,	NULL,	'2022-08-06 10:38:54',	'2022-08-06 17:38:54'),
(484,	3,	37,	4,	'Menyampaikan makna dari doa sabar serta menyampaikan informasi-informasi lainnya yang sekiranya diperlukan.',	3,	'N',	'Y',	2,	NULL,	'2022-08-06 10:43:33',	'2022-08-06 17:43:33'),
(489,	4,	55,	8,	'Mengingatkan jama’ah dalam kondisi berihram.',	3,	'N',	'Y',	2,	NULL,	'2022-08-06 13:58:29',	'2022-08-06 20:58:29'),
(494,	2,	19,	3,	'Menyapa jama’ah, ucapan selamat datang, info seputar acara, hotel, dll yang sekiranya harus disampaikan.',	3,	'Y',	'Y',	2,	NULL,	'2022-08-06 12:04:34',	'2022-08-06 19:04:34'),
(495,	2,	19,	1,	'Memimpin doa perjalanan',	3,	'Y',	'Y',	2,	NULL,	'2022-08-06 12:02:08',	'2022-08-06 19:02:08'),
(496,	2,	19,	2,	'Memimpin talbiyah',	3,	'Y',	'Y',	2,	NULL,	'2022-08-06 12:03:29',	'2022-08-06 19:03:29'),
(497,	2,	19,	4,	'Memperkenalkan muthowwif dan handling saudi.',	3,	'N',	'Y',	2,	NULL,	'2022-08-06 12:28:08',	'2022-08-06 19:28:08'),
(498,	1,	31,	1,	'Memimpin doa perjalanan',	3,	'Y',	'Y',	2,	NULL,	'2022-08-06 12:28:28',	'2022-08-06 19:28:28'),
(499,	1,	31,	2,	'Menyapa jamaah, ucapan selamat datang, info seputar acara, hotel, dll yang sekiranya harus disampaikan.',	3,	'Y',	'Y',	2,	NULL,	'2022-08-06 12:28:35',	'2022-08-06 19:28:35'),
(500,	1,	31,	3,	'Memperkenalkan muthowwif dan tim handling saudi.',	3,	'N',	'Y',	2,	NULL,	'2022-08-06 12:33:42',	'2022-08-06 19:33:42'),
(501,	3,	40,	1,	'Memimpin doa perjalanan',	3,	'Y',	'Y',	2,	NULL,	'2022-08-06 12:45:35',	'2022-08-06 19:45:35'),
(502,	3,	40,	2,	'Menyapa jamaah, ucapan selamat datang, info seputar acara, hotel, dll, yang sekiranya harus disampaikan.',	3,	'Y',	'Y',	2,	NULL,	'2022-08-06 12:45:50',	'2022-08-06 19:45:50'),
(503,	3,	40,	3,	'Memperkenalkan tim muthowwif dan handling kepada jamaah',	3,	'Y',	'Y',	2,	NULL,	'2022-08-06 12:46:21',	'2022-08-06 19:46:21'),
(504,	3,	42,	3,	'Memimpin doa perjalanan.',	3,	'Y',	'Y',	2,	NULL,	'2022-08-06 13:02:43',	'2022-08-06 20:02:43'),
(505,	3,	42,	5,	'Apabila ada kesempatan memberikan informasi seputar perjalanan dan tempat-tempat yang dikunjungi saat city tour, baik saat di dalam bis maupun saat dilokasi yang dikunjungi. Memberikan penjelasan berkaitan dengan tempat-tempat yang dikunjungi dari aspek historis, kondisi kekinian, dan ibrah (pelajaran) yang bisa didapatkan dengan mengunjungi tempat-tempat yaitu : Maqbarah Baqi\', Masjid Quba, kebun kurma, Syuhada Uhud, Masjid Qiblatain, dan Masjid Khandaq.',	3,	'Y',	'Y',	2,	NULL,	'2022-08-06 13:05:41',	'2022-08-06 20:05:41'),
(506,	3,	42,	7,	'Memberikan informasi seputar program berikutnya: Raudhah, ziarah seputar masjid Nabawi, tausyiah, dll.',	3,	'Y',	'Y',	2,	NULL,	'2022-08-06 13:41:38',	'2022-08-06 20:41:38'),
(507,	3,	43,	1,	'Cek & ricek seluruh koper sudah masuk bus, dan tidak ada yang tertinggal di hotel.',	3,	'Y',	'Y',	2,	NULL,	'2022-08-06 13:08:39',	'2022-08-06 20:08:39'),
(508,	3,	43,	2,	'Memastikan seluruh jama’ah sudah berseragam ihram.',	3,	'Y',	'Y',	2,	NULL,	'2022-08-06 13:09:16',	'2022-08-06 20:09:16'),
(509,	3,	43,	5,	'Memimpin doa perjalanan',	3,	'Y',	'Y',	2,	NULL,	'2022-08-06 13:14:02',	'2022-08-06 20:14:02'),
(510,	3,	43,	7,	'Apabila ada kesempatan mengisi ta’lim 5-10 menit saat meninggalkan kota Madinah. Materi ta’lim seputar: keutamaan Kota Haram Madinah, mengingatkan jama’ah untuk senantiasa bersyukur dan berdoa supaya diberikan kesempatan oleh Allah kembali ke Kota Madinah.',	3,	'N',	'Y',	2,	NULL,	'2022-08-06 13:17:37',	'2022-08-06 20:17:37'),
(511,	3,	43,	8,	'Jika ada kesempatan mengingatkan kembali kepada jama’ah tentang keutamaan dalam berihram (sunnah2 dalam berihram, larangan2 sedang berihram).',	3,	'N',	'Y',	2,	NULL,	'2022-08-06 13:17:42',	'2022-08-06 20:17:42'),
(512,	3,	43,	9,	'Jika ada kesempatan memberikan informasi apa saja yang bisa dilakukan oleh jama’ah selama berada di Masjid Bier Ali (shalat tahiyyatul masjid), dan mengingatkan jama’ah bahwa pengucapan Ihlal Ihram dilakukan bersama-sama di dalam bus sebelum berangkat ke Makkah.',	3,	'N',	'Y',	2,	NULL,	'2022-08-06 13:17:46',	'2022-08-06 20:17:46'),
(513,	3,	43,	11,	'Berkoordinasi dengan pembimbing utama dalam proses ihlal ihram semua jamaah.',	2,	'N',	'Y',	2,	NULL,	'2022-08-06 13:30:38',	'2022-08-06 20:30:38'),
(514,	3,	43,	12,	'Membantu dan mendampingi pembimbing utama saat memimpin pengucapan ihlal ihram.',	3,	'Y',	'Y',	2,	NULL,	'2022-08-06 13:31:32',	'2022-08-06 20:31:32'),
(515,	3,	43,	13,	'Setelah bis melaju, memimpin talbiyah sampai cukup waktu dan mempersilahkan jama’ah untuk istirahat dan menikmati perjalanan menuju Makkah.',	3,	'Y',	'Y',	2,	NULL,	'2022-08-06 13:32:11',	'2022-08-06 20:32:11'),
(516,	3,	44,	4,	'Membantu Muthawif dan tim handling untuk memastikan semua jamaah mendapatkan kelengkapan dan fasilitas kamar yang sesuai.',	1,	'N',	'Y',	2,	NULL,	'2022-08-06 13:33:32',	'2022-08-06 20:33:32'),
(517,	3,	45,	4,	'Membantu mengarahkan jamaah menuju ke hotel.',	1,	'Y',	'Y',	2,	NULL,	'2022-08-06 20:36:45',	'2022-08-06 20:36:45'),
(518,	3,	47,	3,	'Memimpin doa perjalanan.',	3,	'Y',	'Y',	2,	NULL,	'2022-08-06 13:39:21',	'2022-08-06 20:39:21'),
(519,	3,	47,	5,	'Apabila ada kesempatan memberikan informasi seputar perjalanan dan tempat-tempat yang dikunjungi saat city tour, baik saat di dalam bis maupun di saat dilokasi yang dikunjungi. Memberikan penjelasan berkaitan dengan tempat-tempat yang dikunjungi dari aspek historis, kondisi kekinian, dan ibrah (pelajaran) yang didapat dengan mengunjungi tempat-tempat yaitu : Jabal Tsur, Arafah, Muzdalifah, Mina, Jabal Nur (Goa Hira), Makbarah Ma\'la, dan Masjid Jin.',	3,	'Y',	'Y',	2,	NULL,	'2022-08-06 13:40:44',	'2022-08-06 20:40:44'),
(520,	3,	47,	6,	'Apabila ada kesempatan memberikan informasi seputar program berikutnya: thawaf sunnah, tour jabbal Nur, ziarah seputar masjidil haram, tawaf wada, dll.',	3,	'Y',	'Y',	2,	NULL,	'2022-08-06 13:42:40',	'2022-08-06 20:42:40'),
(521,	3,	48,	3,	'Memimpin doa perjalanan.',	3,	'Y',	'Y',	2,	NULL,	'2022-08-06 13:44:57',	'2022-08-06 20:44:57'),
(522,	3,	48,	4,	'Apabila ada kesempatan mengisi ta’lim 5-10 menit saat meninggalkan kota Makkah. Materi ta’lim seputar: keutamaan Kota Haram Makkah, mengingatkan jama’ah untuk senantiasa bersyukur dan berdoa supaya diberikan kesempatan oleh Allah kembali ke Kota Makkah.',	3,	'Y',	'Y',	2,	NULL,	'2022-08-06 13:46:44',	'2022-08-06 20:46:44'),
(523,	4,	56,	1,	'Memimpin doa perjalanan.',	3,	'Y',	'Y',	2,	NULL,	'2022-08-06 20:53:38',	'2022-08-06 20:53:38'),
(524,	4,	56,	3,	'Menyapa jama’ah, ucapan selamat datang, info seputar acara, hotel, dll yang sekiranya harus disampaikan.',	3,	'Y',	'Y',	2,	NULL,	'2022-08-06 13:57:48',	'2022-08-06 20:57:48'),
(525,	4,	56,	4,	'Memperkenalkan tim muthowwif dan handling kepada jamaah',	3,	'N',	'Y',	2,	NULL,	'2022-08-06 13:57:40',	'2022-08-06 20:57:40'),
(526,	4,	56,	2,	'Memimpin talbiyah.',	3,	'Y',	'Y',	2,	NULL,	'2022-08-06 13:59:14',	'2022-08-06 20:59:14'),
(527,	4,	56,	5,	'Membantu mengarahkan jamaah saat tiba di hotel mekkah.',	1,	'Y',	'Y',	2,	NULL,	'2022-08-06 20:59:57',	'2022-08-06 20:59:57'),
(528,	4,	56,	6,	'Membantu Muthawwif/tim handling hotel dalam pembagian kunci kamar jama’ah.',	1,	'Y',	'Y',	2,	NULL,	'2022-08-06 21:01:13',	'2022-08-06 21:01:13'),
(529,	4,	56,	7,	'Berkoordinasi dengan muthawif dan tim handling untuk memastikan semua jama’ah mendapatkan kelengkapan dan fasilitas kamar yang sesuai.',	1,	'Y',	'Y',	2,	NULL,	'2022-08-06 21:01:59',	'2022-08-06 21:01:59'),
(530,	4,	57,	1,	'Membantu pembimbing utama saat mengarahkan dan membimbing pelaksanaan thawaf, sa\'i, sampai tahallul.',	3,	'Y',	'Y',	2,	NULL,	'2022-08-06 21:03:48',	'2022-08-06 21:03:48'),
(531,	4,	57,	2,	'Memastikan semua jamaah ada didalam barisan, tidak tercecer, tidak ada yang terpisah dari rombongan.',	3,	'N',	'Y',	2,	NULL,	'2022-08-06 14:04:18',	'2022-08-06 21:04:18'),
(532,	4,	57,	3,	'Membuat video liputan pelaksanaan umrah.',	3,	'Y',	'Y',	2,	NULL,	'2022-08-06 21:04:41',	'2022-08-06 21:04:41'),
(533,	4,	57,	4,	'Membantu mengarahkan jamaah menuju ke hotel.',	1,	'Y',	'Y',	2,	NULL,	'2022-08-06 21:04:56',	'2022-08-06 21:04:56'),
(534,	4,	58,	1,	'Membantu pembimbing utama untuk koordinasi dengan muthowwif agar terjadi pelayanan maksimal kepada jamaah setiap saat.',	1,	'Y',	'Y',	2,	NULL,	'2022-08-06 21:06:15',	'2022-08-06 21:06:15'),
(536,	4,	58,	2,	'Ikut mengarhkan jamaah dalam pelaksanaan thawaf sunnah setiap hari.',	3,	'Y',	'Y',	2,	NULL,	'2022-08-06 21:06:52',	'2022-08-06 21:06:52'),
(537,	4,	58,	3,	'Pada hari H check out ikut membantu cek koper bagasi dan kelengkapan jamaah.',	1,	'Y',	'Y',	2,	NULL,	'2022-08-07 03:11:40',	'2022-08-07 10:11:40'),
(538,	4,	58,	4,	'Membuat video liputan selama di kota Mekkah.',	3,	'Y',	'Y',	2,	NULL,	'2022-08-06 21:07:40',	'2022-08-06 21:07:40'),
(539,	4,	59,	1,	'Mengarahkan jamaah menuju ke Bis city tour.',	1,	'Y',	'Y',	2,	NULL,	'2022-08-06 21:09:23',	'2022-08-06 21:09:23'),
(540,	4,	59,	2,	'Menghitung kelengkapan jamaah didalam bis sebelum berangkat.',	3,	'N',	'Y',	2,	NULL,	'2022-08-06 14:09:48',	'2022-08-06 21:09:48'),
(541,	4,	59,	3,	'Memimpin doa perjalanan.',	3,	'Y',	'Y',	2,	NULL,	'2022-08-06 21:10:13',	'2022-08-06 21:10:13'),
(542,	4,	59,	4,	'Apabila ada kesempatan memberikan informasi seputar perjalanan dan tempat-tempat yang dikunjungi saat city tour, baik saat di dalam bis maupun di saat dilokasi yang dikunjungi. Memberikan penjelasan berkaitan dengan tempat-tempat yang dikunjungi dari aspek historis, kondisi kekinian, dan ibrah (pelajaran) yang didapat dengan mengunjungi tempat-tempat yaitu : Jabal Tsur, Arafah, Muzdalifah, Mina, Jabal Nur (Goa Hira), Makbarah Ma\'la, dan Masjid Jin.',	3,	'Y',	'Y',	2,	NULL,	'2022-08-06 21:11:11',	'2022-08-06 21:11:11'),
(543,	4,	59,	5,	'Membantu penyebaran konsumsi ke jamaah',	1,	'Y',	'Y',	2,	NULL,	'2022-08-06 21:11:43',	'2022-08-06 21:11:43'),
(544,	4,	59,	6,	'Memberikan informasi seputar program berikutnya: thawaf sunnah, tour jabbal Nur, ziarah seputar masjidil haram, tawaf wada, dll.',	3,	'N',	'Y',	2,	NULL,	'2022-08-06 14:12:33',	'2022-08-06 21:12:33'),
(545,	4,	59,	7,	'Membantu Pembimbing utama mengarahkan jamaah selama perjalanan city tour Mekkah.',	3,	'Y',	'Y',	2,	NULL,	'2022-08-06 21:13:17',	'2022-08-06 21:13:17'),
(546,	4,	59,	8,	'Membantu mengarahkan jamaah menuju ke lift hotel (kamar) setibanya di hotel.',	1,	'N',	'Y',	2,	NULL,	'2022-08-06 14:14:00',	'2022-08-06 21:14:00'),
(547,	4,	59,	9,	'Membuat video liputan city tour Mekkah',	3,	'Y',	'Y',	2,	NULL,	'2022-08-06 21:14:53',	'2022-08-06 21:14:53'),
(548,	4,	60,	3,	'Memimpin doa perjalanan',	3,	'Y',	'Y',	2,	NULL,	'2022-08-07 03:12:36',	'2022-08-07 10:12:36'),
(549,	4,	60,	1,	'Mengarahkan jamaah menuju Bis',	1,	'Y',	'Y',	2,	NULL,	'2022-08-07 03:12:25',	'2022-08-07 10:12:25'),
(550,	4,	60,	2,	'Menghitung kelengkapan jamaah sebelum berangkat.',	3,	'N',	'Y',	2,	NULL,	'2022-08-07 03:14:13',	'2022-08-07 10:14:13'),
(551,	4,	60,	4,	'Apabila ada kesempatan menyampaikan tausyiah (kultum) kesan dan pesan seputar kota Mekkah yang akan ditinggalkan oleh jamaah.',	3,	'Y',	'Y',	2,	NULL,	'2022-08-07 10:14:08',	'2022-08-07 10:14:08'),
(552,	4,	60,	5,	'Membantu distribusi konsumsi, air minum ke semua jamaah.',	1,	'N',	'Y',	2,	NULL,	'2022-08-07 03:15:05',	'2022-08-07 10:15:05'),
(553,	4,	60,	6,	'Berkoordinasi dengan pembimbing utama dalam perjalanan menuju Madinah.',	2,	'N',	'Y',	2,	NULL,	'2022-08-07 03:15:44',	'2022-08-07 10:15:44'),
(554,	4,	60,	7,	'Membantu mengarahkan jamaah setibanya di hotel Madinah.',	3,	'Y',	'Y',	2,	NULL,	'2022-08-07 10:16:20',	'2022-08-07 10:16:20'),
(555,	4,	60,	8,	'Membantu tim dalam pembagian kunci kamar.',	1,	'Y',	'Y',	2,	NULL,	'2022-08-07 10:16:46',	'2022-08-07 10:16:46'),
(556,	4,	60,	9,	'Membuat video liputan kedatangan hotel Madinah.',	3,	'Y',	'Y',	2,	NULL,	'2022-08-07 10:17:10',	'2022-08-07 10:17:10'),
(557,	4,	61,	1,	'Membantu pembimbing utama dalam koordinasi pelayanan kepada jamaah selama berada di Madinah.',	3,	'Y',	'Y',	2,	NULL,	'2022-08-07 10:18:00',	'2022-08-07 10:18:00'),
(558,	4,	61,	2,	'Senantiasa menyapa, membuka obrolan, menghimpun informasi di setiap waktu makan di restoran hotel.',	3,	'Y',	'Y',	2,	NULL,	'2022-08-07 10:18:25',	'2022-08-07 10:18:25'),
(559,	4,	61,	3,	'Ikut terlibat dalam penyelesaian masalah apabila ditemukan kendala.',	3,	'Y',	'Y',	2,	NULL,	'2022-08-07 10:18:46',	'2022-08-07 10:18:46'),
(562,	4,	61,	4,	'Ikut membantu mengarahkan jamaah saat ziarah ke Raudhah dan Makam Rasulullah Saw',	3,	'Y',	'Y',	2,	NULL,	'2022-08-07 10:20:07',	'2022-08-07 10:20:07'),
(563,	4,	61,	5,	'Membantu dan mendampingi pembimbing utama mengarahkan jamaah dalam agenda ziarah dalam seoutar Masjid Nabawi.',	3,	'Y',	'Y',	2,	NULL,	'2022-08-07 10:20:27',	'2022-08-07 10:20:27'),
(564,	4,	61,	8,	'Melakukan liputan video selama program di Madinah.',	3,	'Y',	'Y',	2,	NULL,	'2022-08-07 03:46:24',	'2022-08-07 10:46:24'),
(565,	4,	61,	6,	'Pada hari H check out ikut membantu cek kelengkapan koper bagasi dan jamaah.',	1,	'N',	'Y',	2,	NULL,	'2022-08-07 03:48:57',	'2022-08-07 10:48:57'),
(566,	4,	61,	7,	'Membantu pengecekan dan penimbangan koper jamaah.',	1,	'Y',	'Y',	2,	NULL,	'2022-08-07 03:48:04',	'2022-08-07 10:48:04'),
(567,	4,	62,	1,	'Membantu pengecekan koper-koper jamaah sebelum check out.',	3,	'Y',	'Y',	2,	NULL,	'2022-08-07 10:50:01',	'2022-08-07 10:50:01'),
(568,	4,	62,	2,	'Menghitung kelengkapan jamaah didalam bis sebelum berangkat',	3,	'N',	'Y',	2,	NULL,	'2022-08-07 03:50:27',	'2022-08-07 10:50:27'),
(569,	4,	62,	3,	'Memimpin doa perjalanan.',	3,	'Y',	'Y',	2,	NULL,	'2022-08-07 10:50:45',	'2022-08-07 10:50:45'),
(570,	4,	62,	4,	'Apabila ada kesempatan mengisi ta’lim 5-10 menit saat meninggalkan kota Madinah. Materi ta’lim seputar: keutamaan Kota Haram Madinah, mengingatkan jama’ah untuk senantiasa bersyukur dan berdoa supaya diberikan kesempatan oleh Allah kembali ke Kota Madinah.',	3,	'Y',	'Y',	2,	NULL,	'2022-08-07 03:52:24',	'2022-08-07 10:52:24'),
(571,	4,	62,	5,	'Membantu distribusi konsumsi',	1,	'N',	'Y',	2,	NULL,	'2022-08-07 03:52:47',	'2022-08-07 10:52:47'),
(572,	4,	62,	6,	'embantu mengarahkan jamaah menuju ke dalam Bandara kepulangan.',	3,	'Y',	'Y',	2,	NULL,	'2022-08-07 10:53:07',	'2022-08-07 10:53:07'),
(573,	4,	62,	7,	'Berkoordinasi dengan pembimbing utama selama perjalanan kepulangan.',	3,	'N',	'Y',	2,	NULL,	'2022-08-07 03:53:38',	'2022-08-07 10:53:38'),
(574,	4,	62,	8,	'Membuat video liputan kepulangan',	3,	'Y',	'Y',	2,	NULL,	'2022-08-07 10:53:55',	'2022-08-07 10:53:55'),
(575,	4,	63,	1,	'Mengarahkan jamaah menuju imigrasi dan bagasi.',	3,	'Y',	'Y',	2,	NULL,	'2022-08-07 10:54:45',	'2022-08-07 10:54:45'),
(576,	4,	63,	2,	'Menginformasikan kepada jamaah agar membawa barang bagasi nya sendiri-sendiri.',	3,	'N',	'Y',	2,	NULL,	'2022-08-07 03:55:10',	'2022-08-07 10:55:10'),
(577,	4,	63,	3,	'Mengarahkan jamaah menuju ke titik kumpul di luar Bandara untuk kepulangan ke Bandung.',	3,	'Y',	'Y',	2,	NULL,	'2022-08-07 10:55:27',	'2022-08-07 10:55:27'),
(578,	4,	63,	4,	'Memberikan sambutan penutup saat bis berangkat,berisi ucapan terima kasih atas kepercayaan jamaah kepada percik tours dan permohonan maaf (pribadi dan mewakili management dan karyawan percik) apabila ada kesalahan dan kekurangan selama program berlangsung.',	3,	'Y',	'Y',	2,	NULL,	'2022-08-07 04:02:18',	'2022-08-07 11:02:18'),
(579,	4,	63,	5,	'Membuat video liputan ketibaan.',	3,	'Y',	'Y',	2,	NULL,	'2022-08-07 10:56:27',	'2022-08-07 10:56:27'),
(580,	3,	49,	5,	'Memberikan sambutan penutup saat bis berangkat, berisi ucapan terima kasih atas kepercayaan jamaah kepada percik tours dan permohonan maaf (pribadi dan mewakili management dan karyawan percik) apabila ada kesalahan dan kekurangan  selama program berlangsung.',	3,	'Y',	'Y',	2,	NULL,	'2022-08-07 11:00:29',	'2022-08-07 11:00:29'),
(581,	9,	64,	1,	'tes',	3,	'Y',	'Y',	2,	NULL,	'2022-08-08 13:36:40',	'2022-08-08 13:36:40'),
(582,	5,	65,	1,	'Menerima data dari admin Percik Tours berupa : Itinerary program umrah, daftar identitas jamaah, jadwal manasik dan keberangkatan.',	1,	'Y',	'Y',	2,	NULL,	'2022-08-10 15:48:02',	'2022-08-10 15:48:02'),
(583,	5,	65,	2,	'Mempelajari dan memahami tugas bimbingan Umrah : paket program, itinerary, jumlah jamaah.',	3,	'Y',	'Y',	2,	NULL,	'2022-08-10 15:48:14',	'2022-08-10 15:48:14'),
(584,	5,	65,	3,	'Mempelajari dan mengetahui daftar peserta/jamaah :sebaran usia, pekerjaan, pendidikan, dll',	3,	'N',	'Y',	2,	NULL,	'2022-08-11 01:43:44',	'2022-08-11 08:43:44'),
(585,	5,	65,	4,	'Mempelajari dan menyiapkan materi manasik',	3,	'Y',	'Y',	2,	NULL,	'2022-08-10 15:48:42',	'2022-08-10 15:48:42'),
(586,	5,	65,	5,	'Berkoordinasi dengan management untuk pelaksanaan manasik',	1,	'N',	'Y',	2,	NULL,	'2022-08-11 01:43:50',	'2022-08-11 08:43:50'),
(587,	5,	66,	1,	'Hadir di tempat manasik paling lambat 30 menit sebelum acara dimulai.',	3,	'Y',	'Y',	2,	NULL,	'2022-08-10 15:49:30',	'2022-08-10 15:49:30'),
(588,	5,	66,	2,	'Mengecek kesiapan pelaksanaan materi manasik',	1,	'Y',	'Y',	2,	NULL,	'2022-08-10 08:49:56',	'2022-08-10 15:49:56'),
(589,	5,	66,	3,	'Menyampaikan Materi : Cara Umrah Rasulullah Saw',	3,	'Y',	'Y',	2,	NULL,	'2022-08-10 15:50:03',	'2022-08-10 15:50:03'),
(590,	5,	66,	4,	'Menyampaikan Materi : Terknis Perjalanan Umrah',	3,	'Y',	'Y',	2,	NULL,	'2022-08-10 15:50:15',	'2022-08-10 15:50:15'),
(591,	5,	66,	6,	'Memastikan tim manasik dalam pembuatan video liputan manasik',	1,	'N',	'Y',	2,	NULL,	'2022-08-11 02:52:25',	'2022-08-11 09:52:25'),
(592,	5,	67,	1,	'Menyiapkan perlengkapan pribadi pembimbing',	1,	'Y',	'Y',	2,	NULL,	'2022-08-10 15:51:47',	'2022-08-10 15:51:47'),
(593,	5,	67,	2,	'Memastikan kelengkapan perlengkapan yang harus dibawa pembimbing pada H-1',	1,	'Y',	'Y',	2,	NULL,	'2022-08-10 15:52:01',	'2022-08-10 15:52:01'),
(594,	5,	67,	3,	'Mengingatkan jamaah untuk pengumpulan koper bagasi melalui komunikasi group : WAG/lainnya',	3,	'Y',	'Y',	2,	NULL,	'2022-08-10 15:52:15',	'2022-08-10 15:52:15'),
(595,	5,	67,	4,	'Memberikan pengarahan kepada semua jamaah melalui komunikasi group : WAG/lainnya tentang rundown acara keberangkatan',	3,	'Y',	'Y',	2,	NULL,	'2022-08-10 15:52:27',	'2022-08-10 15:52:27'),
(596,	5,	67,	5,	'Mengetahui dan memastikan jumlah koper bagasi dari bagian handling',	1,	'N',	'Y',	2,	NULL,	'2022-08-11 01:44:14',	'2022-08-11 08:44:14'),
(597,	5,	68,	1,	'Hadir paling lambat 30 menit sebelum waktu keberangakatan.',	3,	'Y',	'Y',	2,	NULL,	'2022-08-10 15:53:19',	'2022-08-10 15:53:19'),
(598,	5,	68,	2,	'Memberikan pengarahan (maksimal 10 menit) saat pelepasan sebelum berangkat.',	3,	'Y',	'Y',	2,	NULL,	'2022-08-10 15:53:33',	'2022-08-10 15:53:33'),
(599,	5,	68,	3,	'Cek kesiapan tim handling, kelengkapan peserta, bis, sebelum berangkat.',	1,	'N',	'Y',	2,	NULL,	'2022-08-11 01:44:26',	'2022-08-11 08:44:26'),
(600,	5,	68,	4,	'Memimpin do\'a perjalanan sesaat setelah bis berjalan.',	3,	'Y',	'Y',	2,	NULL,	'2022-08-10 15:54:03',	'2022-08-10 15:54:03'),
(601,	5,	68,	5,	'Menyampaikan makna do\'a safar serta menyampaikan informasi-informasi lainnya yang sekiranya diperlukan',	3,	'Y',	'Y',	2,	NULL,	'2022-08-10 15:54:20',	'2022-08-10 15:54:20'),
(602,	5,	68,	6,	'Koordinasi dengan tim handling selama perjalanan menuju bandara.',	1,	'N',	'Y',	2,	NULL,	'2022-08-11 01:44:35',	'2022-08-11 08:44:35'),
(603,	5,	68,	7,	'Memberikan pengarahan saat ada di hotel transit : (1). Pengarahan seputar pelaksanaan boarding, (2). Mengingatkan kembali secara singkat tahapan ibadah umrah, (3). Tausyiah (jika masih ada waktu)',	3,	'Y',	'Y',	2,	NULL,	'2022-08-10 15:55:18',	'2022-08-10 15:55:18'),
(604,	5,	68,	8,	'Memandu perkenalan antar jamaah',	3,	'Y',	'Y',	2,	NULL,	'2022-08-10 15:55:46',	'2022-08-10 15:55:46'),
(605,	5,	68,	9,	'Apabila Delay -> Memberikan informasi keterlambatan secara akurat dan memberikan motivasi kepada jama’ah untuk senantiasa sabar saat menunggu.',	3,	'Y',	'Y',	2,	NULL,	'2022-08-10 15:56:02',	'2022-08-10 15:56:02'),
(606,	5,	68,	10,	'Saat di bandara mengarahkan jama’ah saat boarding hingga tiba di gate penerbangan.',	1,	'Y',	'Y',	2,	NULL,	'2022-08-10 08:56:37',	'2022-08-10 15:56:37'),
(607,	5,	68,	11,	'Menyapa, dialog, berkomunikasi dengan jama’ah saat di gate sambil menunggu waktu take off.',	1,	'Y',	'Y',	2,	NULL,	'2022-08-10 15:58:30',	'2022-08-10 15:58:30'),
(608,	5,	68,	12,	'Cek laporan (jumlah) tas bagasi yang masuk ke pesawat dan membawa tag bagasi keseluruhan dari petugas check in.',	3,	'Y',	'Y',	2,	NULL,	'2022-08-10 15:58:55',	'2022-08-10 15:58:55'),
(609,	5,	68,	13,	'Mengarahkan jama’ah saat memasuki pesawat, jika diperlukan ikut membantu mengatur tempat duduk, dan penyimpanan tas cabin.',	3,	'Y',	'Y',	2,	NULL,	'2022-08-10 15:59:16',	'2022-08-10 15:59:16'),
(610,	5,	68,	14,	'Melakukan liputan video selama keberangkatan',	3,	'Y',	'Y',	2,	NULL,	'2022-08-10 15:59:29',	'2022-08-10 15:59:29'),
(611,	5,	69,	1,	'Mengarahkan jamaah keluar pintu pesawat menuju gate keberangkatan berikutnya.',	3,	'Y',	'Y',	2,	NULL,	'2022-08-10 09:04:46',	'2022-08-10 16:04:46'),
(612,	5,	69,	2,	'Melakukan briefing kepada seluruh jamaah untuk mengingatkan untuk menyiapkan doikumen (paspor,visa,boarding pass) dan memberikan arahan agenda dan program selama menunggu di bandara transit.',	3,	'Y',	'Y',	2,	NULL,	'2022-08-10 09:13:53',	'2022-08-10 16:13:53'),
(613,	5,	69,	3,	'Mengecek gate penerbangan berikutnya di papan informasi (display) bandara.',	3,	'Y',	'Y',	2,	NULL,	'2022-08-10 16:04:20',	'2022-08-10 16:04:20'),
(614,	5,	69,	4,	'Menentukan ruang tunggu tempat berkumpul jamaah menunggu waktu boarding penerbangan berikutnya.',	2,	'Y',	'Y',	2,	NULL,	'2022-08-10 16:05:50',	'2022-08-10 16:05:50'),
(615,	5,	69,	5,	'Mengingatkan kembali ke semua jamaah waktu boarding penerbangan berikutnya baik langsung maupun melalui WAG/lainnya. Pastikan semua jamaah mengetahui jam kumpul untuk boarding.',	3,	'Y',	'Y',	2,	NULL,	'2022-08-10 16:07:22',	'2022-08-10 16:07:22'),
(616,	5,	69,	6,	'Cek kelengkapan jamaah saat waktu boarding tiba. Pastikan semua jamaah tidak ada yang tertinggal.',	3,	'Y',	'Y',	2,	NULL,	'2022-08-10 16:08:00',	'2022-08-10 16:08:00'),
(617,	5,	69,	7,	'Setelah di dalam pesawat cek keadaan jamaah dan apabila diperlukan membantu posisi duduk dan manyimpan tas cabin.',	3,	'N',	'Y',	2,	NULL,	'2022-08-10 09:10:20',	'2022-08-10 16:10:20'),
(618,	5,	69,	8,	'Membuat video liputan selama di bandara transit.',	3,	'Y',	'Y',	2,	NULL,	'2022-08-10 09:15:00',	'2022-08-10 16:15:00'),
(619,	5,	70,	1,	'Koordinasi langsung dengan tim penjemputan bandara, handling saudi, dan muthowwif saat pesawat landing.',	3,	'N',	'Y',	2,	NULL,	'2022-08-11 01:45:06',	'2022-08-11 08:45:06'),
(620,	5,	70,	2,	'Memantau dan mengarahkan jama\'ah saat keluar dari pesawat hingga ke tempat imigrasi',	3,	'Y',	'Y',	2,	NULL,	'2022-08-10 16:16:08',	'2022-08-10 16:16:08'),
(621,	5,	70,	3,	'Memastikan semua jamaah tidak mengalami kendala saat pemeriksaan imigrasi saudi. (Apabila rombongan hanya 1 bis, pembimbing utama berada di belakang antrian terakhir jamaah percik. Apabila lebih dari 1 bis, pembimbing utama di antrian depan sehingga bisa lebih dahulu masuk ke comveyor bagasi dan asisten pembimbing dibagian terakhir dibelakang antrian jamaah percik).',	3,	'Y',	'Y',	2,	NULL,	'2022-08-10 16:16:25',	'2022-08-10 16:16:25'),
(622,	5,	70,	4,	'Koordinasi dengan petugas (porter) di dalam bandara untuk pengambilan dan penghantaran koper bagasi.',	3,	'Y',	'Y',	2,	NULL,	'2022-08-10 16:16:42',	'2022-08-10 16:16:42'),
(623,	5,	70,	5,	'Memastikan dan mengingatkan semua jamaah untuk mengecek kembali koper/barangnya masing-masing agar tidak ada yang tertinggal di dalam bandara.',	3,	'N',	'Y',	2,	NULL,	'2022-08-11 01:45:16',	'2022-08-11 08:45:16'),
(624,	5,	70,	6,	'Final cek kelengkapan koper jama\'ah di baggage claim, pastikan tidak ada yang tertinggal.',	3,	'Y',	'Y',	2,	NULL,	'2022-08-10 16:17:09',	'2022-08-10 16:17:09'),
(625,	5,	70,	7,	'Koordinasi dengan tim penjemputan seputar kelengkapan jama\'ah dan koper sebelum pembimbing keluar bandara.',	3,	'N',	'Y',	2,	NULL,	'2022-08-11 01:46:10',	'2022-08-11 08:46:10'),
(626,	5,	70,	8,	'Koordinasi dengan tim handling bandara untuk kelengkapan koper begitu tiba di Bis.',	3,	'N',	'Y',	2,	NULL,	'2022-08-11 01:46:12',	'2022-08-11 08:46:12'),
(627,	5,	70,	9,	'Mengumpulkan paspor jama\'ah di dalam bis.',	3,	'Y',	'Y',	2,	NULL,	'2022-08-10 16:17:53',	'2022-08-10 16:17:53'),
(628,	5,	70,	10,	'Cek kelengkapan jama\'ah sebelum bis berangkat.',	3,	'N',	'Y',	2,	NULL,	'2022-08-11 01:46:02',	'2022-08-11 08:46:02'),
(629,	5,	70,	11,	'Membuat video liputan kedatangan',	3,	'Y',	'Y',	2,	NULL,	'2022-08-10 16:18:24',	'2022-08-10 16:18:24'),
(630,	5,	71,	1,	'Menyapa, berkomunikasi seperlunya selama dalam penerbangan.',	1,	'N',	'Y',	2,	NULL,	'2022-08-11 01:44:45',	'2022-08-11 08:44:45'),
(631,	5,	71,	2,	'Memberikan pengarahan dan mengingatkan waktu sholat di pesawat.',	2,	'N',	'Y',	2,	NULL,	'2022-08-11 01:44:47',	'2022-08-11 08:44:47'),
(632,	5,	71,	3,	'Mengingatkan jamaah untuk cek kelengkapan dokumen jamaah sebelum pesawat landing (terutama paspor & visa).',	3,	'N',	'Y',	2,	NULL,	'2022-08-11 01:44:51',	'2022-08-11 08:44:51'),
(633,	5,	72,	1,	'Memimpin doa perjalanan',	3,	'Y',	'Y',	2,	NULL,	'2022-08-10 16:22:07',	'2022-08-10 16:22:07'),
(634,	5,	72,	2,	'Menyapa jamaah, ucapan selamat datang, info seputar acara, hotel, dll yang sekiranya harus disampaikan.',	3,	'Y',	'Y',	2,	NULL,	'2022-08-10 16:22:25',	'2022-08-10 16:22:25'),
(635,	5,	72,	3,	'Memperkenalkan muthowwif dan tim handling saudi.',	3,	'N',	'Y',	2,	NULL,	'2022-08-11 01:46:24',	'2022-08-11 08:46:24'),
(636,	5,	72,	4,	'Memberikan informasi seputar kota Madinah dan sejarah kota Madinah secara singkat begitu memasuki tanah haram kota Madinah.',	3,	'Y',	'Y',	2,	NULL,	'2022-08-10 16:22:52',	'2022-08-10 16:22:52'),
(637,	5,	72,	5,	'Berkoordinasi dengan tim handling, memastikan: kamar sesuai rooming list, kunci kamar dah ready, dan memastikan kesiapan semua hal sebelum jamaah tiba di hotel Madinah.',	3,	'Y',	'Y',	2,	NULL,	'2022-08-10 16:23:05',	'2022-08-10 16:23:05'),
(638,	5,	72,	6,	'Setibanya di hotel Madinah, mengarahkan jamaah menuju restoran/lobby hotel.',	1,	'Y',	'Y',	2,	NULL,	'2022-08-10 09:23:34',	'2022-08-10 16:23:34'),
(639,	5,	72,	7,	'Membantu muthawwif atau tim handling Madinah untuk membagikan kunci kamar kepada jama\'ah.',	1,	'Y',	'Y',	2,	NULL,	'2022-08-10 16:23:42',	'2022-08-10 16:23:42'),
(640,	5,	72,	8,	'Cek kembali koper jama\'ah. Pastikan pendistribusian koper dilakukan secara baik dan maksimal.',	3,	'Y',	'Y',	2,	NULL,	'2022-08-10 16:23:59',	'2022-08-10 16:23:59'),
(641,	5,	72,	9,	'Membimbing dan mengarahkan jamaah menuju Masjid Nabawi pada awal kedatangan.',	3,	'Y',	'Y',	2,	NULL,	'2022-08-10 16:24:14',	'2022-08-10 16:24:14'),
(642,	5,	72,	10,	'Membuat liputan video kedatangan di kota Madinah',	3,	'Y',	'Y',	2,	NULL,	'2022-08-10 16:24:28',	'2022-08-10 16:24:28'),
(643,	5,	73,	1,	'Mengkoordinir muthowwif dan handling untuk memastikan jama\'ah mendapatkan pelayanan yang baik dan maksimal selama berada di Madinah.',	3,	'Y',	'Y',	2,	NULL,	'2022-08-10 16:25:17',	'2022-08-10 16:25:17'),
(644,	5,	73,	2,	'Segera merespon dan menyelesaikan apabila ditemukan permasalahan di lapangan.',	3,	'Y',	'Y',	2,	NULL,	'2022-08-10 16:25:38',	'2022-08-10 16:25:38'),
(645,	5,	73,	3,	'Senantiasa menyapa, membuka obrolan, menghimpun informasi di setiap waktu makan di restoran hotel',	1,	'Y',	'Y',	2,	NULL,	'2022-08-10 09:26:10',	'2022-08-10 16:26:10'),
(646,	5,	73,	4,	'Memastikan muthowwif selalu stand by di restoran & lobby hotel melayani jamaah.',	1,	'Y',	'Y',	2,	NULL,	'2022-08-10 16:26:18',	'2022-08-10 16:26:18'),
(647,	5,	73,	5,	'Menginformasikan kepada jama\'ah berkaitan dengan proses check out hotel, pengumpulan koper, kumpul di lobby, dan program berikutnya : program ke Mekkah dan pelaksanaan umrah',	3,	'Y',	'Y',	2,	NULL,	'2022-08-10 16:26:34',	'2022-08-10 16:26:34'),
(648,	5,	73,	6,	'Berkoordinasi dengan muthowwif dan muthowwifah untuk pelaksanaan ziarah Raudhah dan Makam Rasulullah Saw.',	3,	'N',	'Y',	2,	NULL,	'2022-08-11 01:47:55',	'2022-08-11 08:47:55'),
(649,	5,	73,	7,	'Membimbing dan mengarahkan jama’ah saat ziarah ke Raudah dan Makam Rasulullah Saw.',	3,	'Y',	'Y',	2,	NULL,	'2022-08-10 16:27:13',	'2022-08-10 16:27:13'),
(650,	5,	73,	8,	'Cek kesiapan perlengkapan ziarah, bis, sopir, konsumsi untuk pelaksanaan ziarah kota Madinah.',	3,	'Y',	'Y',	2,	NULL,	'2022-08-10 16:27:34',	'2022-08-10 16:27:34'),
(651,	5,	73,	9,	'Memberikan informasi program/acara berikutnya terutama seputar pemantapan manasik dan kesiapan perjalanan menuju Makkah.',	3,	'Y',	'Y',	2,	NULL,	'2022-08-10 16:27:50',	'2022-08-10 16:27:50'),
(652,	5,	73,	10,	'Mengisi Ta’lim (di resto hotel / halaman Nabawi): manasik umrah, informasi seputar kota Makkah dan apa saja yang harus disiapkan untuk keberangkatan ke kota Makkah.',	3,	'Y',	'Y',	2,	NULL,	'2022-08-10 16:28:04',	'2022-08-10 16:28:04'),
(653,	5,	73,	11,	'Membimbing dan memberikan informasi kepada jamaah pada ziarah dalam seputar Masjid Nabawi, terutama berkaitan dengan sejarah Masjid Nabawi dan kota Madinah, Tsaqifah bani Sya\'idah, Kubah Hijau Nabawi, Masjid Ali, Masjid Abu Bakar, Masjid Ghamamah, dan Makbarah Baqi\'.',	3,	'Y',	'Y',	2,	NULL,	'2022-08-10 16:28:18',	'2022-08-10 16:28:18'),
(654,	5,	73,	12,	'Sehari sebelumnya koordinasi dengan team handling & muthawwif : kesiapan bis, sopir, muasasah, konsumsi untuk perjalanan ke Makkah.',	3,	'Y',	'Y',	2,	NULL,	'2022-08-10 16:28:33',	'2022-08-10 16:28:33'),
(655,	5,	73,	13,	'Berkoordinasi dengan Muthawwif tentang kesiapan check out dan pengangkutan koper.',	3,	'Y',	'Y',	2,	NULL,	'2022-08-10 16:28:50',	'2022-08-10 16:28:50'),
(656,	5,	73,	14,	'Sehari sebelumnya koordinasi dengan tim handling Makkah: kesiapan hotel Makkah, pelaksanaan umrah, pengaturan kamar dan proses check in hotel.',	3,	'Y',	'Y',	2,	NULL,	'2022-08-10 16:29:02',	'2022-08-10 16:29:02'),
(657,	5,	73,	15,	'Melakukan liputan video selama program di Madinah.',	3,	'Y',	'Y',	2,	NULL,	'2022-08-10 16:29:19',	'2022-08-10 16:29:19'),
(658,	5,	73,	16,	'Membagikan kuisioner Madinah',	3,	'Y',	'Y',	2,	NULL,	'2022-08-10 16:29:32',	'2022-08-10 16:29:32'),
(659,	5,	74,	1,	'Mengingatkan jamaah untuk pelaksanaan city tour seputar kota Madinah melalui komunikasi group : WAG/lainnya.',	3,	'Y',	'Y',	2,	NULL,	'2022-08-10 16:30:13',	'2022-08-10 16:30:13'),
(660,	5,	74,	2,	'Koordinasi (mengingatkan dan memastikan) paling lambat 1 (satu) hari sebelumnya dengan tim handling dan muthowwif tentang kesiapan pelaksanaan city tour : bis, sopir, atribut, dan konsumsi.',	3,	'Y',	'Y',	2,	NULL,	'2022-08-10 16:30:29',	'2022-08-10 16:30:29'),
(661,	5,	74,	3,	'Cek kelengkapan jamaah',	1,	'N',	'Y',	2,	NULL,	'2022-08-11 01:48:04',	'2022-08-11 08:48:04'),
(662,	5,	74,	4,	'Memastikan kelengkapan atribut dan ketersediaan konsumsi.',	1,	'Y',	'Y',	2,	NULL,	'2022-08-10 16:30:55',	'2022-08-10 16:30:55'),
(663,	5,	74,	5,	'Mengarahkan jamaah menuju bis yang akan berangkat city tour',	1,	'Y',	'Y',	2,	NULL,	'2022-08-10 16:31:37',	'2022-08-10 16:31:37'),
(664,	5,	74,	6,	'Memimpin doa perjalanan',	3,	'Y',	'Y',	2,	NULL,	'2022-08-10 16:31:49',	'2022-08-10 16:31:49'),
(665,	5,	74,	7,	'Memberikan informasi seputar perjalanan dan tempat-tempat yang dikunjungi saat city tour, baik saat di dalam bis maupun saat dilokasi yang dikunjungi. Memberikan penjelasan berkaitan dengan tempat-tempat yang dikunjungi dari aspek historis, kondisi kekinian, dan ibrah (pelajaran) yang bisa didapatkan dengan mengunjungi tempat-tempat yaitu : Maqbarah Baqi\', Masjid Quba, kebun kurma, Syuhada Uhud, Masjid Qiblatain, dan Masjid Khandaq.',	3,	'Y',	'Y',	2,	NULL,	'2022-08-10 16:32:14',	'2022-08-10 16:32:14'),
(666,	5,	74,	8,	'Memastikan konsumsi sudah dibagikan ke seluruh jamaah oleh muthowwif.',	1,	'Y',	'Y',	2,	NULL,	'2022-08-10 09:32:43',	'2022-08-10 16:32:43'),
(667,	5,	74,	9,	'Memberikan informasi seputar program berikutnya: Raudhah, ziarah seputar masjid Nabawi, tausyiah, dll.',	2,	'N',	'Y',	2,	NULL,	'2022-08-11 01:48:19',	'2022-08-11 08:48:19'),
(668,	5,	74,	10,	'Mengarahkan jamaah menuju lift hotel (kamar) setbanya di hotel.',	1,	'N',	'Y',	2,	NULL,	'2022-08-11 01:48:22',	'2022-08-11 08:48:22'),
(669,	5,	74,	11,	'Membuat video liputan acara city tour Madinah',	3,	'Y',	'Y',	2,	NULL,	'2022-08-10 16:33:26',	'2022-08-10 16:33:26'),
(670,	5,	75,	1,	'Cek & ricek kesiapan check out, bus, sopir, hotel di Makkah, muasasah, paspor jama’ah.',	3,	'Y',	'Y',	2,	NULL,	'2022-08-11 08:49:36',	'2022-08-11 08:49:36'),
(671,	5,	75,	2,	'Memastikan seluruh koper sudah masuk bus, dan tidak ada yang tertinggal di hotel.',	2,	'Y',	'Y',	2,	NULL,	'2022-08-11 08:49:59',	'2022-08-11 08:49:59'),
(672,	5,	75,	3,	'Memastikan seluruh jama’ah sudah berseragam ihram.',	2,	'Y',	'Y',	2,	NULL,	'2022-08-11 08:50:14',	'2022-08-11 08:50:14'),
(673,	5,	75,	4,	'Memastikan kelengkapan jama’ah sebelum berangkat',	2,	'Y',	'Y',	2,	NULL,	'2022-08-11 08:50:30',	'2022-08-11 08:50:30'),
(674,	5,	75,	5,	'Memimpin doa perjalanan.',	3,	'Y',	'Y',	2,	NULL,	'2022-08-11 08:50:44',	'2022-08-11 08:50:44'),
(675,	5,	75,	6,	'Ta’lim 5-10 menit saat meninggalkan kota Madinah. Materi ta’lim seputar: keutamaan Kota Haram Madinah, mengingatkan jama’ah untuk senantiasa bersyukur dan berdoa supaya diberikan kesempatan oleh Allah kembali ke Kota Madinah.',	3,	'Y',	'Y',	2,	NULL,	'2022-08-11 08:50:59',	'2022-08-11 08:50:59'),
(676,	5,	75,	7,	'Mengingatkan kembali kepada jama’ah tentang keutamaan dalam berihram (sunnah2 dalam berihram, larangan2 sedang berihram).',	3,	'Y',	'Y',	2,	NULL,	'2022-08-11 08:51:14',	'2022-08-11 08:51:14'),
(677,	5,	75,	8,	'Memberikan informasi apa saja yang bisa dilakukan oleh jama’ah selama berada di Masjid Bier Ali (shalat tahiyyatul masjid), dan mengingatkan jama’ah bahwa pengucapan Ihlal Ihram dilakukan bersama-sama di dalam bus sebelum berangkat ke Makkah.',	3,	'Y',	'Y',	2,	NULL,	'2022-08-11 08:51:26',	'2022-08-11 08:51:26'),
(678,	5,	75,	9,	'Mengarahkan jama’ah memasuki Masjid Bier Ali.',	2,	'Y',	'Y',	2,	NULL,	'2022-08-11 08:51:45',	'2022-08-11 08:51:45'),
(679,	5,	75,	10,	'Cek kelengkapan jama’ah saat berkumpul kembali di dalam bus.',	2,	'Y',	'Y',	2,	NULL,	'2022-08-11 01:52:49',	'2022-08-11 08:52:49'),
(681,	5,	75,	12,	'Pembimbing memimpin pengucapan ihlal ihram sesaat sebelum bus bergerak..',	3,	'Y',	'Y',	2,	NULL,	'2022-08-11 01:54:40',	'2022-08-11 08:54:40'),
(682,	5,	75,	11,	'Setelah jama’ah lengkap masuk ke bus dan sebelum bus berangkat, pembimbing mengecek kesiapan ihram seluruh jama’ah. Pastikan semua jama’ah berihram sesuai dengan ketentuan.',	3,	'Y',	'Y',	2,	NULL,	'2022-08-11 01:55:17',	'2022-08-11 08:55:17'),
(683,	5,	75,	13,	'Setelah bus melaju, pembimbing memimpin talbiyah sampai cukup waktu dan mempersilahkan jama’ah untuk istirahat dan menikmati perjalanan menuju Makkah.',	3,	'Y',	'Y',	2,	NULL,	'2022-08-11 08:55:36',	'2022-08-11 08:55:36'),
(684,	5,	75,	14,	'Mengarahkan jama’ah saat memasuki rest area.',	1,	'Y',	'Y',	2,	NULL,	'2022-08-11 08:56:23',	'2022-08-11 08:56:23'),
(685,	5,	75,	15,	'Cek kelengkapan jama’ah sebelum melanjutkan perjalanan',	1,	'Y',	'Y',	2,	NULL,	'2022-08-11 08:56:49',	'2022-08-11 08:56:49'),
(686,	5,	75,	16,	'erkoordinasi dengan team handling Makkah tentang kesiapan check in Hotel Makkah.',	3,	'Y',	'Y',	2,	NULL,	'2022-08-11 08:57:05',	'2022-08-11 08:57:05'),
(687,	5,	75,	17,	'Pastikan kesiapan hotel : kamar sudah sesuai rooming list, kunci hotel sudah ready, dan air mineral (jika tdk disediakan pihak hotel) sudah ada di dalam kamar.',	3,	'Y',	'Y',	2,	NULL,	'2022-08-11 08:57:22',	'2022-08-11 08:57:22'),
(688,	5,	75,	18,	'Membuat video liputan pelaksanaan ihlal ihram dan perjalanan ke Mekkah',	3,	'Y',	'Y',	2,	NULL,	'2022-08-11 08:57:37',	'2022-08-11 08:57:37'),
(689,	5,	76,	1,	'Mengarahkan jama’ah masuk hotel.',	1,	'Y',	'Y',	2,	NULL,	'2022-08-11 08:58:11',	'2022-08-11 08:58:11'),
(690,	5,	76,	2,	'Mengumpulkan seluruh jama’ah di lobby hotel atau di restoran dan memberikan pengarahan tentang persiapan pelaksanaan Umrah : waktu dan tempat kumpul, apa saja yang harus di bawa dan tidak boleh di bawa, dan informasi lainnya yang sekiranya perlu disampaikan',	3,	'Y',	'Y',	2,	NULL,	'2022-08-11 08:58:27',	'2022-08-11 08:58:27'),
(691,	5,	76,	3,	'Membantu muthawwif/team handling untuk membagikan kunci kamar kepada jama’ah.',	1,	'Y',	'Y',	2,	NULL,	'2022-08-11 08:58:51',	'2022-08-11 08:58:51'),
(692,	5,	76,	4,	'Koordinasi dengan tim handling dan muthawif untuk memastikan semua koper terkirim secara benar ke semua jama’ah.',	3,	'Y',	'Y',	2,	NULL,	'2022-08-11 08:59:09',	'2022-08-11 08:59:09'),
(693,	5,	76,	5,	'Mengkoordinir Muthawif dan tim handling untuk memastikan semua jamaah mendapatkan kelengkapan dan fasilitas kamar yang sesuai.',	3,	'N',	'Y',	2,	NULL,	'2022-08-11 02:01:02',	'2022-08-11 09:01:02'),
(694,	5,	76,	6,	'Membuat video liputan kedatangan di Kota Mekkah',	3,	'Y',	'Y',	2,	NULL,	'2022-08-11 09:01:21',	'2022-08-11 09:01:21'),
(695,	5,	77,	1,	'Mengingatkan jamaah melalui komunikasi group : WAG/lainnya tentang persiapan pelaksanaan ibadah umrah : waktu dan tempat kumpul, dan hal-hal lainnya yang perlu disiapkan jamaah.',	3,	'Y',	'Y',	2,	NULL,	'2022-08-11 09:04:54',	'2022-08-11 09:04:54'),
(696,	5,	77,	2,	'BRIEFING UMRAH TAHAP KE-1 : di lobby hotel/tempat lainnya yang kondusif. Materi briefing meliputi: memastikan seluruh jama’ah sudah punya wudhu, memastikan atribut group dipakai semua jama’ah, mengingatkan hal-hal yang berkaitan dengan larangan dan sunnah selama ber-ihram, menjelaskan secara singkat tahapan ibadah yang akan dilakukan, memberikan motivasi kepada jamaah untuk kekompakkan selama pelaksanaan umrah di Masjidil Haram.',	3,	'Y',	'Y',	2,	NULL,	'2022-08-11 09:05:09',	'2022-08-11 09:05:09'),
(697,	5,	77,	3,	'Memimpin dan mengarahkan jamaah menuju ke Masjidil Haram.',	2,	'Y',	'Y',	2,	NULL,	'2022-08-11 09:11:02',	'2022-08-11 09:11:02'),
(698,	5,	77,	4,	'BRIEFING UMRAH TAHAP KE-2 : di halaman Masjidil Haram. Materi briefing meliputi: penjelasan singkat keadaan umum disekitar halaman masjidil haram termasuk akses pintu masuk masjidil haram, arah/jalur menuju hotel jamaah, mengingatkan jama’ah tahapan ibadah yang akan dilakukan yaitu membaca doa saat masuk masjid, membaca doa saat melihat ka’bah ketika sudah berada di dalam masjid, dan info lain yang berkaitan disampaikan secara singkat.',	3,	'Y',	'Y',	2,	NULL,	'2022-08-11 09:11:20',	'2022-08-11 09:11:20'),
(699,	5,	77,	5,	'Memimpin dan mengarahkan jama’ah masuk ke Masjidil Haram.',	2,	'Y',	'Y',	2,	NULL,	'2022-08-11 09:11:47',	'2022-08-11 09:11:47'),
(700,	5,	77,	6,	'Mengarahkan jama’ah menuju tempat yang kondusif untuk membaca do’a melihat ka’bah.',	1,	'Y',	'Y',	2,	NULL,	'2022-08-11 09:12:18',	'2022-08-11 09:12:18'),
(701,	5,	77,	7,	'Memberikan kesempatan agak luang tetapi tidak terlalu lama kepada jama’ah untuk secara khusyu membaca do’a melihat ka’bah.',	1,	'Y',	'Y',	2,	NULL,	'2022-08-11 09:12:29',	'2022-08-11 09:12:29'),
(702,	5,	77,	8,	'BRIEFING UMRAH TAHAP KE-3. diarea thawaf sebelum memulai tahawaf. Mengingatkan kembali secara singkat tata cara ibadah thawaf, menunjukkan letak sudut hajar aswad tempat memulai dan mengakhiri thawaf, sudut ruknul yamani tempat membaca doa “Robbana atina…”, mengingatkan kembali untuk memperbanyak doa dan dzikir saat thawaf, mengakhiri thawaf dengan shalat sunah di Maqam Ibrahim.',	3,	'Y',	'Y',	2,	NULL,	'2022-08-11 09:12:53',	'2022-08-11 09:12:53'),
(703,	5,	77,	9,	'Mengatur barisan thawaf: yang sepuh2 didepan, muthawif mengontrol dari samping dan belakang.',	2,	'N',	'Y',	2,	NULL,	'2022-08-11 02:21:17',	'2022-08-11 09:21:17'),
(704,	5,	77,	10,	'Pembimbing memimpin thawaf di baris depan selama pelaksanaan ibadah thawaf.',	3,	'N',	'Y',	2,	NULL,	'2022-08-11 02:21:20',	'2022-08-11 09:21:20'),
(705,	5,	77,	11,	'Mengingatkan jamaah disetiap putaran : memulai thawaf, do\'a ruknul yamani, dan jumlah putaran.',	3,	'N',	'Y',	2,	NULL,	'2022-08-11 02:21:49',	'2022-08-11 09:21:49'),
(706,	5,	77,	12,	'Mengarahkan barisan jama’ah saat akan mengakhiri putaran thawaf dan mengarahkan ke tempat (yang kondusif) shalat sunnah maqam Ibrohim.',	3,	'N',	'Y',	2,	NULL,	'2022-08-11 02:21:57',	'2022-08-11 09:21:57'),
(707,	5,	77,	13,	'BRIEFING UMRAH TAHAP KE-4. di lokasi sekitar maqam ibrahim. Pembimbing melakukan review singkat tentang pelaksanaan thawaf dan mengingatkan kembali pelaksanaan ibadah setelah thawaf dan shalat di maqam Ibrahim adalah : meminum air zamzam dan pelaksanaan ibadah Sa’i.',	3,	'Y',	'Y',	2,	NULL,	'2022-08-11 09:15:58',	'2022-08-11 09:15:58'),
(708,	5,	77,	14,	'Membimbing dan mengarahkan jama’ah menuju tempat air zamzam untuk melaksanakan sunnah meminum air zamzam.',	3,	'Y',	'Y',	2,	NULL,	'2022-08-11 09:16:12',	'2022-08-11 09:16:12'),
(709,	5,	77,	15,	'BRIEFING UMRAH TAHAP KE-5. di lokasi sebelum masa\'i. Pembimbing mengingatkan kembali proses pelaksanaan ibadah Sa’i, bacaan memasuki dan saat di Shafa dan Marwah sampai pelaksanaan tahallul.',	3,	'Y',	'Y',	2,	NULL,	'2022-08-11 09:16:25',	'2022-08-11 09:16:25'),
(710,	5,	77,	16,	'Memimpin dan mengarahkan jama’ah menuju ke tempat sa’I, membaca saat masuk bukit Shafa.',	2,	'Y',	'Y',	2,	NULL,	'2022-08-11 02:17:47',	'2022-08-11 09:17:47'),
(711,	5,	77,	17,	'Membimbing dan mengarahkan jama’ah saat berdoa di shafa dan marwah.',	3,	'Y',	'Y',	2,	NULL,	'2022-08-11 09:17:34',	'2022-08-11 09:17:34'),
(712,	5,	77,	18,	'Membimbing jama’ah pria saat lari2 kecil di dua pilar lampu hijau',	3,	'N',	'Y',	2,	NULL,	'2022-08-11 02:21:37',	'2022-08-11 09:21:37'),
(713,	5,	77,	19,	'Membimbing dan megarahkan jama’ah saat pelaksanaan tahallul.',	3,	'Y',	'Y',	2,	NULL,	'2022-08-11 09:18:14',	'2022-08-11 09:18:14'),
(714,	5,	77,	20,	'BRIEFING UMRAH TAHAP KE-6. di lokasi Marwah setelah tahallul. Melakukan review singkat pelaksanaan umrah secara keseluruhan dan memberikan informasi seputar program/agenda berikutnya: thawaf sunnah bersama dan city tour dan atau informasi lainnya yang dirasakan perlu disampaikan kepada jamaah.',	3,	'Y',	'Y',	2,	NULL,	'2022-08-11 09:18:25',	'2022-08-11 09:18:25'),
(715,	5,	77,	21,	'Mengarahkan jama’ah ke pintu keluar masjidil haram menuju hotel untuk istirahat.',	2,	'Y',	'Y',	2,	NULL,	'2022-08-11 09:19:13',	'2022-08-11 09:19:13'),
(716,	5,	77,	22,	'embuat video liputan pelaksanaan ibadah umrah',	3,	'Y',	'Y',	2,	NULL,	'2022-08-11 09:19:29',	'2022-08-11 09:19:29'),
(717,	5,	78,	1,	'Berkoordinasi dengan muthowwif dan tim handling untuk pelayanan maksimal kepada jamaah di setiap saat.',	3,	'Y',	'Y',	2,	NULL,	'2022-08-11 09:20:36',	'2022-08-11 09:20:36'),
(718,	5,	78,	2,	'Memimpin thawaf sunnah bersama setiap hari.',	3,	'Y',	'Y',	2,	NULL,	'2022-08-11 09:20:51',	'2022-08-11 09:20:51'),
(719,	5,	78,	3,	'Segera merespon dan menyelesaikannya apabila ditemukan permasalahan di lapangan.',	3,	'Y',	'Y',	2,	NULL,	'2022-08-11 09:22:27',	'2022-08-11 09:22:27'),
(720,	5,	78,	4,	'Senantiasa menyapa, membuka obrolan, menghimpun informasi di setiap waktu makan di restoran hotel.',	1,	'Y',	'Y',	2,	NULL,	'2022-08-11 09:22:44',	'2022-08-11 09:22:44'),
(721,	5,	78,	5,	'Memastikan muthowwif selalu stand by di restoran & lobby hotel melayani jamaah.',	1,	'Y',	'Y',	2,	NULL,	'2022-08-11 09:22:58',	'2022-08-11 09:22:58'),
(722,	5,	78,	6,	'Berkoordinasi sehari sebelumnya dengan tim handling dan muthowwif untuk persiapan check out: Bis, Sopir, konsumsi, atribut, paspor, dll.',	3,	'Y',	'Y',	2,	NULL,	'2022-08-11 09:23:11',	'2022-08-11 09:23:11'),
(723,	5,	78,	7,	'Menginformasikan kepada jamaah berkaitan dengan proses check out hotel, pengumulan koper, kumpul di lobby, dan program berikutnya.',	3,	'Y',	'Y',	2,	NULL,	'2022-08-11 09:23:24',	'2022-08-11 09:23:24'),
(724,	5,	78,	8,	'Pada hari check out hotel, memastikan : kelengkapan jamaah, koper bagasi, paspor, dll. Pastikan tidak ada yang tertinggal.',	3,	'Y',	'Y',	2,	NULL,	'2022-08-11 09:23:37',	'2022-08-11 09:23:37'),
(725,	5,	78,	9,	'Membuat video liputan selama di kota Mekkah',	3,	'Y',	'Y',	2,	NULL,	'2022-08-11 09:23:53',	'2022-08-11 09:23:53'),
(726,	5,	79,	1,	'Mengingatkan jamaah untuk pelaksanaan City Tour seputar kota Mekkah melalui komunikasi group : WAG/lainnya.',	3,	'Y',	'Y',	2,	NULL,	'2022-08-11 09:24:50',	'2022-08-11 09:24:50'),
(727,	5,	79,	2,	'Koordinasi (mengingatkan dan memastikan) paling lambat 1 (satu) hari sebelumnya dengan tim handling dan muthawif tentang kesiapan pelaksanaan City Tour : bis (sopir), atribut, dan konsumsi.',	3,	'N',	'Y',	2,	NULL,	'2022-08-11 02:28:50',	'2022-08-11 09:28:50'),
(728,	5,	79,	3,	'Cek kelengkapan jamaah',	1,	'Y',	'Y',	2,	NULL,	'2022-08-11 09:25:36',	'2022-08-11 09:25:36'),
(729,	5,	79,	4,	'Memastikan kelengkapan atribut dan ketersediaan konsumsi.',	1,	'Y',	'Y',	2,	NULL,	'2022-08-11 09:26:08',	'2022-08-11 09:26:08'),
(730,	5,	79,	5,	'Mengarahkan jama’ah menuju bus yang akan berangkat city tour.',	1,	'Y',	'Y',	2,	NULL,	'2022-08-11 09:26:30',	'2022-08-11 09:26:30'),
(731,	5,	79,	6,	'Memimpin doa perjalanan',	3,	'Y',	'Y',	2,	NULL,	'2022-08-11 09:26:46',	'2022-08-11 09:26:46'),
(732,	5,	79,	7,	'Memberikan informasi seputar perjalanan dan tempat-tempat yang dikunjungi saat city tour, baik saat di dalam bis maupun di saat dilokasi yang dikunjungi. Memberikan penjelasan berkaitan dengan tempat-tempat yang dikunjungi dari aspek historis, kondisi kekinian, dan ibrah (pelajaran) yang didapat dengan mengunjungi tempat-tempat yaitu : Jabal Tsur, Arafah, Muzdalifah, Mina, Jabal Nur (Goa Hira), Makbarah Ma\'la, dan Masjid Jin.',	3,	'Y',	'Y',	2,	NULL,	'2022-08-11 09:27:08',	'2022-08-11 09:27:08'),
(733,	5,	79,	8,	'Memastikan konsumsi sudah dibagikan ke seluruh jama’ah oleh Muthawwif.',	1,	'Y',	'Y',	2,	NULL,	'2022-08-11 09:27:30',	'2022-08-11 09:27:30'),
(734,	5,	79,	9,	'Memberikan informasi seputar program berikutnya: thawaf sunnah, tour jabbal Nur, ziarah seputar masjidil haram, tawaf wada, dll.',	3,	'N',	'Y',	2,	NULL,	'2022-08-11 02:28:59',	'2022-08-11 09:28:59'),
(735,	5,	79,	10,	'Mengarahkan jamaah menuju ke lift hotel (kamar) setibanya di hotel.',	1,	'N',	'Y',	2,	NULL,	'2022-08-11 02:29:04',	'2022-08-11 09:29:04'),
(736,	5,	79,	11,	'Membuat video liputan acara city tour Mekkah',	3,	'Y',	'Y',	2,	NULL,	'2022-08-11 09:28:38',	'2022-08-11 09:28:38'),
(737,	5,	80,	1,	'Memberikan informasi program/acara berikutnya terutama seputar kesiapan check out dan kepulangan.',	3,	'Y',	'Y',	2,	NULL,	'2022-08-11 09:31:08',	'2022-08-11 09:31:08'),
(738,	5,	80,	2,	'Berkoordinasi sehari sebelumnya dengan muthawwif dan team handling tentang kesiapan bus, sopir, muasasah, dan handling airport.',	3,	'N',	'Y',	2,	NULL,	'2022-08-11 02:38:09',	'2022-08-11 09:38:09'),
(739,	5,	80,	3,	'Membagikan kuisioner Mekkah',	3,	'Y',	'Y',	2,	NULL,	'2022-08-11 09:31:33',	'2022-08-11 09:31:33'),
(740,	5,	80,	4,	'Memastikan seluruh koper terangkut ke dalam bis kepulangan bandara.',	3,	'Y',	'Y',	2,	NULL,	'2022-08-11 09:31:50',	'2022-08-11 09:31:50'),
(741,	5,	80,	5,	'Memastikan kelengkapan jamaah sebelum berangkat meninggalkan Mekkah',	3,	'Y',	'Y',	2,	NULL,	'2022-08-11 09:32:13',	'2022-08-11 09:32:13'),
(742,	5,	80,	6,	'Memimpin doa perjalanan',	3,	'Y',	'Y',	2,	NULL,	'2022-08-11 09:34:15',	'2022-08-11 09:34:15'),
(743,	5,	80,	7,	'Ta’lim 5-10 menit saat meninggalkan kota Makkah. Materi ta’lim seputar: keutamaan Kota Haram Makkah, mengingatkan jama’ah untuk senantiasa bersyukur dan berdoa supaya diberikan kesempatan oleh Allah kembali ke Kota Makkah.',	3,	'Y',	'Y',	2,	NULL,	'2022-08-11 09:34:38',	'2022-08-11 09:34:38'),
(744,	5,	80,	8,	'Memastikan konsumsi dibagikan ke seluruh jamaah oleh muthawwif.',	1,	'N',	'Y',	2,	NULL,	'2022-08-11 02:38:17',	'2022-08-11 09:38:17'),
(745,	5,	80,	9,	'Koordinasi dengan tim handling bandara kepulangan, memastikan kesiapan proses check in bandara.',	3,	'N',	'Y',	2,	NULL,	'2022-08-11 02:38:22',	'2022-08-11 09:38:22'),
(746,	5,	80,	10,	'Berkoordinasi dengan muthawwif dan tim handling bandara apabila ditemukan kendala/masalah.',	3,	'Y',	'Y',	2,	NULL,	'2022-08-11 09:35:53',	'2022-08-11 09:35:53'),
(747,	5,	80,	11,	'Berkoordinasi dengan tim bandara seputar waktu boarding dan kesiapan kepulangan secara keseluruhan',	3,	'Y',	'Y',	2,	NULL,	'2022-08-11 09:36:08',	'2022-08-11 09:36:08'),
(748,	5,	80,	12,	'Memimpin dan mengarahkan jama’ah saat kepulangan di bandara.',	12,	'Y',	'Y',	2,	NULL,	'2022-08-11 09:36:21',	'2022-08-11 09:36:21'),
(749,	5,	80,	13,	'Memastikan jumlah bagasi dan air zamzam yang masuk dengan menerima tag bagasi keseluruhan.',	3,	'Y',	'Y',	2,	NULL,	'2022-08-11 09:36:49',	'2022-08-11 09:36:49'),
(750,	5,	80,	14,	'Cek kondisi jama’ah selama menunggu penerbangan dan dalam penerbangan menuju Jakarta.',	2,	'N',	'Y',	2,	NULL,	'2022-08-11 02:38:33',	'2022-08-11 09:38:33'),
(751,	5,	80,	15,	'Mengingatkan waktu shalat di dalam pesawat',	2,	'N',	'Y',	2,	NULL,	'2022-08-11 02:47:14',	'2022-08-11 09:47:14'),
(752,	5,	81,	1,	'Berkoordinasi dengan tim handling kepulangan saat pesawat mendara di bandara Soetta.',	3,	'N',	'Y',	2,	NULL,	'2022-08-11 02:50:23',	'2022-08-11 09:50:23'),
(753,	5,	81,	2,	'Memastikan kembali kepada jamaah untuk membawa koper bagasinya masing-masing.',	3,	'Y',	'Y',	2,	NULL,	'2022-08-11 09:47:52',	'2022-08-11 09:47:52'),
(754,	5,	81,	3,	'Koordinasi dengan tim ground handling untuk pengkondisian jamaah saat pengambilan koper bagasi di comveyor belt.',	3,	'Y',	'Y',	2,	NULL,	'2022-08-11 09:48:19',	'2022-08-11 09:48:19'),
(755,	5,	81,	4,	'Memastikan semua jamaah telah mendapatkan bagasinya secara lengkap dan utuh.',	1,	'Y',	'Y',	2,	NULL,	'2022-08-11 02:48:58',	'2022-08-11 09:48:58'),
(756,	5,	81,	5,	'Memastikan kelengkapan koper jamaah, air zamzam sebelum meninggalkan bandara soetta.',	2,	'Y',	'Y',	2,	NULL,	'2022-08-11 09:48:49',	'2022-08-11 09:48:49'),
(757,	5,	81,	6,	'Cek kesiapan truk dan bis untuk kepulangan',	1,	'N',	'Y',	2,	NULL,	'2022-08-11 02:50:29',	'2022-08-11 09:50:29'),
(758,	5,	81,	7,	'Mengarahkan jamaah menuju titik kumpul kepulangan.',	1,	'Y',	'Y',	2,	NULL,	'2022-08-11 09:49:28',	'2022-08-11 09:49:28'),
(759,	5,	81,	8,	'Memberikan sambutan penutup saat bis berjalan keluar Bandara Setta yang berisi ucapan terima kasih dan permohonan maaf kepada seluruh jamaah.',	3,	'Y',	'Y',	2,	NULL,	'2022-08-11 09:49:52',	'2022-08-11 09:49:52'),
(760,	5,	81,	9,	'Membuat video liputan ketibaan.',	3,	'Y',	'Y',	2,	NULL,	'2022-08-11 09:50:10',	'2022-08-11 09:50:10'),
(761,	5,	66,	5,	'Menyampaikan Materi : Ibadah Praktis',	3,	'Y',	'Y',	2,	NULL,	'2022-08-11 02:52:18',	'2022-08-11 09:52:18'),
(762,	1,	3,	2,	'Memastikan kelengkapan perlengkapan yang harus dibawa pembimbing pada H-1',	3,	'Y',	'Y',	2,	NULL,	'2022-08-11 02:54:15',	'2022-08-11 09:54:15'),
(763,	6,	82,	1,	'Menerima data dari admin Percik Tours berupa : Itinerary program umrah, daftar identitas jamaah, pelaksanaan manasik, dan keberangkatan.',	1,	'Y',	'Y',	2,	NULL,	'2022-08-11 09:59:51',	'2022-08-11 09:59:51'),
(764,	6,	82,	2,	'Mempelajari dan memahami tugas bimbingan Umrah : paket program, itinerary, jumlah jamaah.',	3,	'Y',	'Y',	2,	NULL,	'2022-08-11 10:00:08',	'2022-08-11 10:00:08'),
(765,	6,	82,	3,	'Mempelajari dan mengetahui daftar peserta/jamaah :sebaran usia, pekerjaan, pendidikan, dll',	3,	'N',	'Y',	2,	NULL,	'2022-08-11 03:00:58',	'2022-08-11 10:00:58'),
(766,	6,	82,	4,	'Mempelajari dan menyiapkan materi manasik.',	3,	'Y',	'Y',	2,	NULL,	'2022-08-11 10:00:38',	'2022-08-11 10:00:38'),
(767,	6,	82,	5,	'Berkoordinasi dengan management untuk pelaksanaan manasik',	1,	'Y',	'Y',	2,	NULL,	'2022-08-11 10:00:53',	'2022-08-11 10:00:53'),
(768,	6,	83,	1,	'Hadir di tempat manasik paling lambat 30 menit sebelum acara dimulai',	3,	'Y',	'Y',	2,	NULL,	'2022-08-11 03:01:41',	'2022-08-11 10:01:41'),
(769,	6,	83,	2,	'Mengecek kesiapan pelaksanaan materi manasik',	1,	'Y',	'Y',	2,	NULL,	'2022-08-11 10:01:32',	'2022-08-11 10:01:32'),
(770,	6,	83,	3,	'Menyampaikan Materi : Cara Umrah Rasulullah Saw',	3,	'Y',	'Y',	2,	NULL,	'2022-08-11 10:01:55',	'2022-08-11 10:01:55'),
(771,	6,	83,	4,	'Menyampaikan Materi : Teknis Perjalanan Umrah',	3,	'Y',	'Y',	2,	NULL,	'2022-08-11 10:02:10',	'2022-08-11 10:02:10'),
(772,	6,	83,	5,	'Menyampaikan Materi : Ibadah Praktis',	3,	'Y',	'Y',	2,	NULL,	'2022-08-11 10:02:23',	'2022-08-11 10:02:23'),
(773,	6,	83,	6,	'Memastikan tim manasik dalam pembuatan video liputan manasik',	3,	'N',	'Y',	2,	NULL,	'2022-08-11 03:02:42',	'2022-08-11 10:02:42'),
(774,	6,	84,	1,	'Menyiapkan perlengkapan pribadi pembimbing',	1,	'Y',	'Y',	2,	NULL,	'2022-08-11 10:02:58',	'2022-08-11 10:02:58'),
(775,	6,	84,	2,	'Memastikan kelengkapan perlengkapan yang harus dibawa pembimbing pada H-1.',	1,	'Y',	'Y',	2,	NULL,	'2022-08-11 10:03:11',	'2022-08-11 10:03:11'),
(776,	6,	84,	3,	'Mengingatkan jamaah untuk pengumpulan koper bagasi melalui komunikasi group : WAG/lainnya',	3,	'Y',	'Y',	2,	NULL,	'2022-08-11 10:03:26',	'2022-08-11 10:03:26'),
(777,	6,	84,	4,	'Memberikan pengarahan kepada semua Jamaah melalui komunikasi group : WAG/lainnya tentang rundown acara keberangkatan',	3,	'Y',	'Y',	2,	NULL,	'2022-08-11 10:03:39',	'2022-08-11 10:03:39'),
(778,	6,	84,	5,	'Mengetahui dan memastikan jumlah koper bagasi dari bagian handling',	1,	'N',	'Y',	2,	NULL,	'2022-08-11 03:04:06',	'2022-08-11 10:04:06'),
(779,	6,	85,	1,	'Hadir paling lambat 30 menit sebelum waktu keberangkatan.',	3,	'Y',	'Y',	2,	NULL,	'2022-08-11 10:04:39',	'2022-08-11 10:04:39'),
(780,	6,	85,	2,	'Memberikan pengarahan (maksimal 10 menit) saat pelepasan sebelum berangkat.',	3,	'Y',	'Y',	2,	NULL,	'2022-08-11 10:05:02',	'2022-08-11 10:05:02'),
(781,	6,	85,	3,	'Cek kesiapan tim handling, kelengkapan peserta, bis, sebelum berangkat.',	1,	'N',	'Y',	2,	NULL,	'2022-08-11 03:09:14',	'2022-08-11 10:09:14'),
(782,	6,	85,	4,	'Memimpin doa perjalanan sesaat setelah bis berjalan.',	3,	'Y',	'Y',	2,	NULL,	'2022-08-11 10:05:39',	'2022-08-11 10:05:39'),
(783,	6,	85,	5,	'Menyampaikan makna dari do\'a safar serta menyampaikan informasi-informasi lainnya yang sekiranya diperlukan.',	3,	'Y',	'Y',	2,	NULL,	'2022-08-11 10:05:53',	'2022-08-11 10:05:53'),
(784,	6,	85,	6,	'Koordinasi dengan tim handling selama perjalanan menuju Bandara.',	1,	'N',	'Y',	2,	NULL,	'2022-08-11 03:09:19',	'2022-08-11 10:09:19'),
(785,	6,	85,	7,	'Memberikan pengarahan saat ada di hotel transit :(1). Pengarahan seputar pelaksanaan boarding, (2).Mengingatkan kembali secara singkat tahapan ibadah umrah, (3).Tausyiah (jika masih ada waktu).',	3,	'Y',	'Y',	2,	NULL,	'2022-08-11 10:06:28',	'2022-08-11 10:06:28'),
(786,	6,	85,	8,	'Memandu perkenalan antar jamaah',	3,	'Y',	'Y',	2,	NULL,	'2022-08-11 10:06:41',	'2022-08-11 10:06:41'),
(787,	6,	85,	9,	'Apabila Delay, Memberikan informasi keterlambatan secara akurat dan memberikan motivasi kepada jama’ah untuk senantiasa sabar saat menunggu.',	3,	'Y',	'Y',	2,	NULL,	'2022-08-11 10:07:03',	'2022-08-11 10:07:03'),
(788,	6,	85,	10,	'Saat di bandara : mengarahkan jama’ah saat boarding hingga tiba di gate penerbangan.',	1,	'Y',	'Y',	2,	NULL,	'2022-08-11 10:07:21',	'2022-08-11 10:07:21'),
(789,	6,	85,	11,	'Menyapa, dialog, berkomunikasi dengan jama’ah saat di gate sambil menunggu waktu take off.',	1,	'Y',	'Y',	2,	NULL,	'2022-08-11 10:07:40',	'2022-08-11 10:07:40'),
(790,	6,	85,	12,	'Cek laporan (jumlah) tas bagasi yang masuk ke pesawat dan membawa tag bagasi keseluruhan dari petugas check in.',	3,	'Y',	'Y',	2,	NULL,	'2022-08-11 10:08:02',	'2022-08-11 10:08:02'),
(791,	6,	85,	13,	'Mengarahkan jama’ah saat memasuki pesawat. Jika diperlukan ikut mengatur tempat duduk, dan penyimpanan tas cabin.',	3,	'N',	'Y',	2,	NULL,	'2022-08-11 03:08:59',	'2022-08-11 10:08:59'),
(792,	6,	85,	14,	'Melakukan liputan video selama keberangkatan',	3,	'Y',	'Y',	2,	NULL,	'2022-08-11 10:08:33',	'2022-08-11 10:08:33'),
(793,	6,	86,	1,	'Menyapa, berkomunikasi seperlunya selama dalam penerbangan.',	1,	'Y',	'Y',	2,	NULL,	'2022-08-11 10:10:05',	'2022-08-11 10:10:05'),
(794,	6,	86,	2,	'Memberikan pengarahan dan mengingatkan waktu sholat di pesawat.',	2,	'Y',	'Y',	2,	NULL,	'2022-08-11 03:12:36',	'2022-08-11 10:12:36'),
(795,	6,	86,	3,	'Mengingatkan jamaah untuk cek kelengkapan dokumen jamaah sebelum pesawat landing (terutama paspor & visa).',	3,	'Y',	'Y',	2,	NULL,	'2022-08-11 06:32:31',	'2022-08-11 13:32:31'),
(798,	5,	88,	1,	'Menyapa, berkomunikasi seperlunya selama dalam penerbangan.',	1,	'Y',	'Y',	2,	NULL,	'2022-08-11 10:17:45',	'2022-08-11 10:17:45'),
(799,	5,	88,	2,	'Memberikan pengarahan dan mengingatkan waktu sholat di pesawat.',	2,	'Y',	'Y',	2,	NULL,	'2022-08-11 10:18:07',	'2022-08-11 10:18:07'),
(800,	5,	88,	3,	'Mengingatkan jamaah untuk cek kelengkapan dokumen jamaah sebelum pesawat landing (terutama paspor)',	3,	'Y',	'Y',	2,	NULL,	'2022-08-11 10:18:40',	'2022-08-11 10:18:40'),
(801,	5,	89,	1,	'Mengarahkan jamaah keluar pintu pesawat menuju gate keberangkatan berikutnya.',	3,	'Y',	'Y',	2,	NULL,	'2022-08-11 10:28:55',	'2022-08-11 10:28:55'),
(802,	5,	89,	2,	'Melakukan briefing kepada seluruh jamaah untuk mengingatkan untuk menyiapkan doikumen (paspor dan boarding pass) dan memberikan arahan agenda dan program selama menunggu di bandara transit.',	3,	'Y',	'Y',	2,	NULL,	'2022-08-11 10:29:37',	'2022-08-11 10:29:37'),
(804,	5,	89,	3,	'Mengecek gate penerbangan berikutnya di papan informasi (display) bandara.',	3,	'Y',	'Y',	2,	NULL,	'2022-08-11 10:30:36',	'2022-08-11 10:30:36'),
(805,	5,	89,	4,	'Menentukan ruang tunggu tempat berkumpul jamaah menunggu waktu boarding penerbangan berikutnya.',	2,	'Y',	'Y',	2,	NULL,	'2022-08-11 10:30:55',	'2022-08-11 10:30:55'),
(806,	5,	89,	5,	'Mengingatkan kembali ke semua jamaah waktu boarding penerbangan berikutnya baik langsung maupun melalui WAG/lainnya. Pastikan semua jamaah mengetahui jam kumpul untuk boarding.',	3,	'Y',	'Y',	2,	NULL,	'2022-08-11 10:31:16',	'2022-08-11 10:31:16'),
(807,	5,	89,	6,	'Cek kelengkapan jamaah saat waktu boarding tiba. Pastikan semua jamaah tidak ada yang tertinggal.',	3,	'Y',	'Y',	2,	NULL,	'2022-08-11 10:31:36',	'2022-08-11 10:31:36'),
(808,	5,	89,	7,	'Setelah di dalam pesawat cek keadaan jamaah dan apabila diperlukan membantu posisi duduk dan manyimpan tas cabin.',	3,	'N',	'Y',	2,	NULL,	'2022-08-11 03:33:09',	'2022-08-11 10:33:09'),
(809,	5,	89,	8,	'Membuat video liputan selama di bandara transit.',	3,	'Y',	'Y',	2,	NULL,	'2022-08-11 10:32:08',	'2022-08-11 10:32:08'),
(810,	5,	91,	1,	'Menyapa, berkomunikasi seperlunya selama dalam penerbangan.',	1,	'N',	'Y',	2,	NULL,	'2022-08-11 03:34:40',	'2022-08-11 10:34:40'),
(811,	5,	91,	2,	'Memberikan pengarahan dan mengingatkan waktu sholat di pesawat.',	2,	'N',	'Y',	2,	NULL,	'2022-08-11 03:35:48',	'2022-08-11 10:35:48'),
(812,	5,	91,	3,	'Mengingatkan jamaah untuk cek kelengkapan dokumen jamaah sebelum pesawat landing (terutama paspor).',	3,	'N',	'Y',	2,	NULL,	'2022-08-11 03:35:53',	'2022-08-11 10:35:53'),
(813,	1,	12,	10,	'Menyapa, berkomunikasi seperlunya selama dalam penerbangan',	1,	'Y',	'Y',	2,	NULL,	'2022-08-11 10:41:50',	'2022-08-11 10:41:50'),
(814,	1,	92,	2,	'Memberikan pengarahan dan mengingatkan waktu sholat di pesawat.',	2,	'N',	'Y',	2,	NULL,	'2022-08-11 03:43:45',	'2022-08-11 10:43:45'),
(815,	1,	92,	1,	'Menyapa, berkomunikasi seperlunya selama dalam penerbangan.',	1,	'N',	'Y',	2,	NULL,	'2022-08-11 03:43:42',	'2022-08-11 10:43:42'),
(816,	1,	92,	3,	'Mengingatkan jamaah untuk cek kelengkapan dokumen jamaah sebelum pesawat landing (terutama paspor)',	3,	'N',	'Y',	2,	NULL,	'2022-08-11 03:44:10',	'2022-08-11 10:44:10'),
(817,	2,	93,	1,	'Menyapa, berkomunikasi seperlunya selama dalam penerbangan',	1,	'N',	'Y',	2,	NULL,	'2022-11-10 03:19:58',	'2022-11-10 10:19:58'),
(818,	2,	93,	2,	'Memberikan pengarahan dan mengingatkan waktu sholat di pesawat.',	2,	'N',	'Y',	2,	NULL,	'2022-11-10 03:20:03',	'2022-11-10 10:20:03'),
(819,	2,	93,	3,	'Mengingatkan jamaah untuk cek kelengkapan dokumen jamaah sebelum pesawat landing (terutama paspor )',	3,	'N',	'Y',	2,	NULL,	'2022-11-10 03:20:06',	'2022-11-10 10:20:06'),
(820,	3,	94,	1,	'Menyapa, berkomunikasi seperlunya selama dalam penerbangan.',	1,	'N',	'Y',	2,	NULL,	'2022-08-11 03:53:16',	'2022-08-11 10:53:16'),
(821,	3,	94,	2,	'Berkoordinasi dengan Pembimbing Utama selama penerbangan',	1,	'N',	'Y',	2,	NULL,	'2022-08-11 03:54:15',	'2022-08-11 10:54:15'),
(822,	6,	87,	1,	'Mengarahkan jamaah keluar pintu pesawat menuju gate keberangkatan berikutnya.',	3,	'Y',	'Y',	2,	NULL,	'2022-08-11 11:14:44',	'2022-08-11 11:14:44'),
(823,	6,	87,	2,	'Melakukan briefing kepada seluruh jamaah untuk mengingatkan untuk menyiapkan doikumen (paspor,visa,boarding pass) dan memberikan arahan agenda dan program selama menunggu di bandara transit.',	3,	'Y',	'Y',	2,	NULL,	'2022-08-11 11:16:44',	'2022-08-11 11:16:44'),
(824,	6,	87,	3,	'Mengecek gate penerbangan berikutnya di papan informasi (display) bandara.',	3,	'Y',	'Y',	2,	NULL,	'2022-08-11 11:17:06',	'2022-08-11 11:17:06'),
(825,	6,	87,	4,	'Menentukan ruang tunggu tempat berkumpul jamaah menunggu waktu boarding penerbangan berikutnya.',	2,	'Y',	'Y',	2,	NULL,	'2022-08-11 11:18:03',	'2022-08-11 11:18:03'),
(826,	6,	87,	5,	'Mengingatkan kembali ke semua jamaah waktu boarding penerbangan berikutnya baik langsung maupun melalui WAG/lainnya. Pastikan semua jamaah mengetahui jam kumpul untuk boarding.',	3,	'Y',	'Y',	2,	NULL,	'2022-08-11 11:20:05',	'2022-08-11 11:20:05'),
(827,	6,	87,	6,	'Cek kelengkapan jamaah saat waktu boarding tiba. Pastikan semua jamaah tidak ada yang tertinggal.',	3,	'Y',	'Y',	2,	NULL,	'2022-08-11 11:20:45',	'2022-08-11 11:20:45'),
(828,	6,	87,	7,	'Setelah di dalam pesawat cek keadaan jamaah dan apabila diperlukan membantu posisi duduk dan manyimpan tas cabin.',	3,	'Y',	'Y',	2,	NULL,	'2022-08-11 11:21:24',	'2022-08-11 11:21:24'),
(829,	6,	87,	8,	'Membuat video liputan selama di bandara transit.',	3,	'Y',	'Y',	2,	NULL,	'2022-08-11 11:21:47',	'2022-08-11 11:21:47'),
(830,	6,	95,	1,	'Menyapa, berkomunikasi seperlunya selama dalam penerbangan.',	1,	'Y',	'Y',	2,	NULL,	'2022-08-11 11:25:03',	'2022-08-11 11:25:03'),
(831,	6,	95,	2,	'Memberikan pengarahan dan mengingatkan waktu sholat di pesawat',	2,	'Y',	'Y',	2,	NULL,	'2022-08-11 11:25:25',	'2022-08-11 11:25:25'),
(832,	6,	95,	3,	'Cek kesiapan tempat ganti ihram untuk jamaah pria',	2,	'Y',	'Y',	2,	NULL,	'2022-08-11 11:25:38',	'2022-08-11 11:25:38'),
(833,	6,	95,	4,	'Mengarahkan, membantu, dan memantau jama’ah pria dalam memakai kain ihrom',	3,	'Y',	'Y',	2,	NULL,	'2022-08-11 11:25:53',	'2022-08-11 11:25:53'),
(834,	6,	95,	5,	'Cek kesiapan seluruh jama’ah untuk Ihlal Ihram (terutama berkaitan dengan hal-hal yang tidak diperbolehkan saat berihram)',	3,	'Y',	'Y',	2,	NULL,	'2022-08-11 11:26:13',	'2022-08-11 11:26:13'),
(835,	6,	95,	6,	'Memberikan pengarahan dan mengingatkan secara berulang-ulang saat akan memasuki zona miqat.',	3,	'Y',	'Y',	2,	NULL,	'2022-08-11 11:26:28',	'2022-08-11 11:26:28'),
(836,	6,	95,	7,	'Mengarahkan dan mengingatkan seluruh jama’ah untuk mengucapkan ihlal ihram saat melewati zona miqat.',	3,	'Y',	'Y',	2,	NULL,	'2022-08-11 11:27:27',	'2022-08-11 11:27:27'),
(837,	6,	95,	8,	'Mengingatkan jamaah untuk cek kelengkapan dokumen jamaah sebelum pesawat landing (terutama paspor dan visa).',	3,	'Y',	'Y',	2,	NULL,	'2022-08-11 11:28:49',	'2022-08-11 11:28:49'),
(838,	5,	90,	1,	'Menyapa, berkomunikasi seperlunya selama dalam penerbangan.',	1,	'Y',	'Y',	2,	NULL,	'2022-08-11 11:30:29',	'2022-08-11 11:30:29'),
(839,	5,	90,	2,	'Memberikan pengarahan dan mengingatkan waktu sholat di pesawat.',	2,	'Y',	'Y',	2,	NULL,	'2022-08-11 11:31:00',	'2022-08-11 11:31:00'),
(840,	5,	90,	3,	'Mengingatkan jamaah untuk cek kelengkapan dokumen jamaah sebelum pesawat landing (terutama paspor & visa).',	3,	'Y',	'Y',	2,	NULL,	'2022-08-11 11:31:20',	'2022-08-11 11:31:20'),
(841,	6,	96,	1,	'Koordinasi langsung dengan tim penjemputan bandara, handling saudi, dan muthawif saat pesawat landing.',	3,	'N',	'Y',	2,	NULL,	'2022-08-11 04:59:34',	'2022-08-11 11:59:34'),
(842,	6,	96,	2,	'Memantau dan mengarahkan jama’ah saat keluar dari pesawat hingga ke tempat imigrasi.',	3,	'Y',	'Y',	2,	NULL,	'2022-08-11 11:52:55',	'2022-08-11 11:52:55'),
(843,	6,	96,	3,	'Memastikan semua jamaah tidak mengalami kendala saat pemeriksaan imigrasi Saudi. (Apabila rombongan hanya 1 bus, pembimbing berada di belakang antrian terakhir jamaah percik. Apabila lebih dari 1 bis, Pembimbing utama diantrian depan sehingga bisa lebih dahulu masuk ke ruang comveyor bagasi dan asisten pembimbing dibagian terakhir dibelakang antrian jamaah percik).',	3,	'Y',	'Y',	2,	NULL,	'2022-08-11 11:53:14',	'2022-08-11 11:53:14'),
(844,	6,	96,	4,	'Koordinasi dengan petugas (porter) di dalam bandara untuk pengambilan dan panghantaran koper bagasi.',	3,	'Y',	'Y',	2,	NULL,	'2022-08-11 11:53:42',	'2022-08-11 11:53:42'),
(845,	6,	96,	5,	'Memastikan dan mengingatkan semua jamaah untuk mengecek kembali koper/barangnya masing-masing agar tidak ada yang tertinggal didalam bandara.',	3,	'N',	'Y',	2,	NULL,	'2022-08-11 04:59:42',	'2022-08-11 11:59:42'),
(846,	6,	96,	6,	'Final cek kelengkapan koper jama’ah di baggage claim, pastikan tidak ada yang tertinggal.',	3,	'Y',	'Y',	2,	NULL,	'2022-08-11 11:54:27',	'2022-08-11 11:54:27'),
(847,	6,	96,	7,	'Koordinasi dengan tim penjemputan seputar kelengkapan jama’ah dan koper sebelum pembimbing keluar bandara.',	3,	'N',	'Y',	2,	NULL,	'2022-08-11 04:59:50',	'2022-08-11 11:59:50'),
(848,	6,	96,	8,	'Koordinasi dengan tim handling bandara untuk kelengkapan koper begitu tiba di Bis.',	3,	'N',	'Y',	2,	NULL,	'2022-08-11 04:59:54',	'2022-08-11 11:59:54'),
(849,	6,	96,	9,	'Mengumpulkan paspor jama’ah di dalam bis',	3,	'Y',	'Y',	2,	NULL,	'2022-08-11 11:57:50',	'2022-08-11 11:57:50'),
(850,	6,	96,	10,	'Cek kelengkapan jama’ah sebelum bis berangkat.',	3,	'N',	'Y',	2,	NULL,	'2022-08-11 04:59:58',	'2022-08-11 11:59:58'),
(851,	6,	96,	11,	'Mengingatkan dan membimbing jama’ah dalam kondisi berihram.',	3,	'N',	'Y',	2,	NULL,	'2022-08-11 05:00:11',	'2022-08-11 12:00:11'),
(852,	6,	96,	12,	'Membuat liputan video kedatangan',	3,	'Y',	'Y',	2,	NULL,	'2022-08-11 11:59:17',	'2022-08-11 11:59:17'),
(853,	6,	97,	1,	'Memimpin doa perjalanan',	3,	'Y',	'Y',	2,	NULL,	'2022-08-11 13:16:44',	'2022-08-11 13:16:44'),
(854,	6,	97,	2,	'Memimpin Talbiyah',	3,	'Y',	'Y',	2,	NULL,	'2022-08-11 13:17:10',	'2022-08-11 13:17:10'),
(855,	6,	97,	3,	'Menyapa jama’ah, ucapan selamat datang, info seputar acara, hotel, dll yang sekiranya harus disampaikan.',	3,	'Y',	'Y',	2,	NULL,	'2022-08-11 13:17:30',	'2022-08-11 13:17:30'),
(856,	6,	97,	4,	'Memperkenalkan muthowwif dan handling saudi.',	3,	'N',	'Y',	2,	NULL,	'2022-08-11 06:18:06',	'2022-08-11 13:18:06'),
(857,	6,	97,	5,	'Koordinasi dengan team handling hotel dan muthawif untuk memastikan semua koper terkirim secara benar ke masing- masing kamar jama’ah.',	3,	'Y',	'Y',	2,	NULL,	'2022-08-11 13:18:24',	'2022-08-11 13:18:24'),
(858,	6,	97,	6,	'Koordinasi dengan tim handling hotel selama perjalanan.',	3,	'N',	'Y',	2,	NULL,	'2022-08-11 06:19:08',	'2022-08-11 13:19:08'),
(859,	6,	97,	7,	'Pastikan kesiapan hotel : pengaturan kamar sesuai dengan roomlist, kunci kamar sudah ready.',	3,	'Y',	'Y',	2,	NULL,	'2022-08-11 13:19:41',	'2022-08-11 13:19:41'),
(860,	6,	97,	8,	'Saat tiba di hotel, mengarahkan jama’ah masuk hotel.',	1,	'Y',	'Y',	2,	NULL,	'2022-08-11 13:20:02',	'2022-08-11 13:20:02'),
(861,	6,	97,	9,	'Membantu Muthawwif/tim handling hotel dalam pembagian kunci kamar jama’ah.',	2,	'Y',	'Y',	2,	NULL,	'2022-08-11 13:20:26',	'2022-08-11 13:20:26'),
(862,	6,	97,	10,	'Mengumpulkan seluruh jama’ah di lobby hotel/restoran hotel, atau di tempat yang cukup kondusif dan memberikan pengarahan tentang persiapan pelaksanaan Umrah : waktu dan tempat kumpul, apa saja yang harus di bawa dan tidak boleh di bawa, dan informasi lainnya yang sekiranya perlu disampaikan.',	3,	'Y',	'Y',	2,	NULL,	'2022-08-11 13:20:48',	'2022-08-11 13:20:48'),
(863,	6,	97,	11,	'Mengkoordinir Muthawif dan tim handling untuk memastikan semua jama’ah mendapatkan kelengkapan dan fasilitas kamar yang sesuai.',	3,	'N',	'Y',	2,	NULL,	'2022-08-11 06:22:33',	'2022-08-11 13:22:33'),
(864,	6,	98,	1,	'Mengingatkan jamaah melalui komunikasi group : WAG/lainnya tentang persiapan pelaksanaan ibadah umrah : waktu dan tempat kumpul, dan hal-hal lainnya yang perlu disiapkan jamaah.',	3,	'Y',	'Y',	2,	NULL,	'2022-08-11 13:23:28',	'2022-08-11 13:23:28'),
(865,	6,	98,	2,	'BRIEFING UMRAH TAHAP KE-1 : di lobby hotel/tempat lainnya yang kondusif. Materi briefing meliputi: memastikan seluruh jama’ah sudah punya wudhu, memastikan atribut group dipakai semua jama’ah, mengingatkan hal-hal yang berkaitan dengan larangan dan sunnah selama ber-ihram, menjelaskan secara singkat tahapan ibadah yang akan dilakukan, memberikan motivasi kepada jamaah untuk kekompakkan selama pelaksanaan umrah di Masjidil Haram.',	3,	'Y',	'Y',	2,	NULL,	'2022-08-11 13:24:13',	'2022-08-11 13:24:13'),
(866,	6,	98,	3,	'Memimpin dan mengarahkan jamaah menuju ke Masjidil Haram',	2,	'Y',	'Y',	2,	NULL,	'2022-08-11 13:24:28',	'2022-08-11 13:24:28'),
(867,	6,	98,	4,	'BRIEFING UMRAH TAHAP KE-2 : di halaman Masjidil Haram. Materi briefing meliputi: penjelasan singkat keadaan umum disekitar halaman masjidil haram termasuk akses pintu masuk masjidil haram, arah/jalur menuju hotel jamaah, mengingatkan jama’ah tahapan ibadah yang akan dilakukan yaitu membaca doa saat masuk masjid, membaca doa saat melihat ka’bah ketika sudah berada di dalam masjid, dan info lain yang berkaitan disampaikan secara singkat.',	3,	'Y',	'Y',	2,	NULL,	'2022-08-11 13:24:43',	'2022-08-11 13:24:43'),
(868,	6,	98,	5,	'Memimpin dan mengarahkan jama’ah masuk ke Masjidil Haram.',	2,	'Y',	'Y',	2,	NULL,	'2022-08-11 13:25:00',	'2022-08-11 13:25:00'),
(869,	6,	98,	6,	'Mengarahkan jama’ah menuju tempat yang kondusif untuk membaca do’a melihat ka’bah.',	1,	'Y',	'Y',	2,	NULL,	'2022-08-11 13:25:12',	'2022-08-11 13:25:12'),
(870,	6,	98,	7,	'Memberikan kesempatan agak luang tetapi tidak terlalu lama kepada jama’ah untuk secara khusyu membaca do’a melihat ka’bah.',	1,	'Y',	'Y',	2,	NULL,	'2022-08-11 13:25:24',	'2022-08-11 13:25:24'),
(871,	6,	98,	8,	'BRIEFING UMRAH TAHAP KE-3. diarea thawaf sebelum memulai tahawaf. Mengingatkan kembali secara singkat tata cara ibadah thawaf, menunjukkan letak sudut hajar aswad tempat memulai dan mengakhiri thawaf, sudut ruknul yamani tempat membaca doa “Robbana atina…”, mengingatkan kembali untuk memperbanyak doa dan dzikir saat thawaf, mengakhiri thawaf dengan shalat sunah di Maqam Ibrahim.',	3,	'Y',	'Y',	2,	NULL,	'2022-08-11 13:25:43',	'2022-08-11 13:25:43'),
(872,	6,	98,	9,	'Mengatur barisan thawaf: yang sepuh2 didepan, muthawif mengontrol dari samping dan belakang.',	2,	'N',	'Y',	2,	NULL,	'2022-08-11 06:30:35',	'2022-08-11 13:30:35'),
(873,	6,	98,	10,	'Pembimbing memimpin thawaf di baris depan selama pelaksanaan ibadah thawaf.',	3,	'N',	'Y',	2,	NULL,	'2022-08-11 06:30:38',	'2022-08-11 13:30:38'),
(874,	6,	98,	11,	'Mengingatkan jamaah disetiap putaran : memulai thawaf, do\'a ruknul yamani, dan jumlah putaran.',	1,	'N',	'Y',	2,	NULL,	'2022-08-11 06:31:03',	'2022-08-11 13:31:03'),
(875,	6,	98,	12,	'Mengarahkan barisan jama’ah saat akan mengakhiri putaran thawaf dan mengarahkan ke tempat (yang kondusif) shalat sunnah maqam Ibrohim.',	3,	'N',	'Y',	2,	NULL,	'2022-08-11 06:31:22',	'2022-08-11 13:31:22'),
(876,	6,	98,	13,	'BRIEFING UMRAH TAHAP KE-4. di lokasi sekitar maqam ibrahim. Pembimbing melakukan review singkat tentang pelaksanaan thawaf dan mengingatkan kembali pelaksanaan ibadah setelah thawaf dan shalat di maqam Ibrahim adalah : meminum air zamzam dan pelaksanaan ibadah Sa’i.',	3,	'Y',	'Y',	2,	NULL,	'2022-08-11 13:27:19',	'2022-08-11 13:27:19'),
(877,	6,	98,	14,	'Membimbing dan mengarahkan jama’ah menuju tempat air zamzam untuk melaksanakan sunnah meminum air zamzam.',	1,	'Y',	'Y',	2,	NULL,	'2022-08-11 13:27:46',	'2022-08-11 13:27:46'),
(878,	6,	98,	15,	'BRIEFING UMRAH TAHAP KE-5. di lokasi sebelum masa\'i. Pembimbing mengingatkan kembali proses pelaksanaan ibadah Sa’i, bacaan memasuki dan saat di Shafa dan Marwah sampai pelaksanaan tahallul.',	3,	'Y',	'Y',	2,	NULL,	'2022-08-11 13:28:00',	'2022-08-11 13:28:00'),
(879,	6,	98,	16,	'Memimpin dan mengarahkan jama’ah menuju ke tempat sa’I, membaca saat masuk bukit Shafa.',	2,	'Y',	'Y',	2,	NULL,	'2022-08-11 13:28:17',	'2022-08-11 13:28:17'),
(880,	6,	98,	17,	'Membimbing dan mengarahkan jama’ah saat berdoa di shafa dan marwah.',	3,	'Y',	'Y',	2,	NULL,	'2022-08-11 13:28:33',	'2022-08-11 13:28:33'),
(881,	6,	98,	18,	'Membimbing jama’ah pria saat lari2 kecil di dua pilar lampu hijau',	3,	'Y',	'Y',	2,	NULL,	'2022-08-11 13:28:46',	'2022-08-11 13:28:46'),
(882,	6,	98,	19,	'Membimbing dan megarahkan jama’ah saat pelaksanaan tahallul.',	3,	'Y',	'Y',	2,	NULL,	'2022-08-11 13:29:02',	'2022-08-11 13:29:02'),
(883,	6,	98,	20,	'BRIEFING UMRAH TAHAP KE-6. di lokasi Marwah setelah tahallul. Melakukan review singkat pelaksanaan umrah secara keseluruhan dan memberikan informasi seputar program/agenda berikutnya: thawaf sunnah bersama dan city tour dan atau informasi lainnya yang dirasakan perlu disampaikan kepada jamaah.',	3,	'Y',	'Y',	2,	NULL,	'2022-08-11 13:29:18',	'2022-08-11 13:29:18'),
(885,	6,	97,	13,	'Membuat liputan video pelaksanaan umrah',	3,	'Y',	'Y',	2,	NULL,	'2022-08-11 13:29:54',	'2022-08-11 13:29:54'),
(886,	6,	98,	21,	'Mengarahkan jama’ah ke pintu keluar masjidil haram menuju hotel untuk istirahat.',	2,	'Y',	'Y',	2,	NULL,	'2022-08-11 13:34:20',	'2022-08-11 13:34:20'),
(887,	6,	98,	22,	'Mebuat video liputan pelaksanaan Umrah',	3,	'Y',	'Y',	2,	NULL,	'2022-08-11 13:34:52',	'2022-08-11 13:34:52'),
(888,	6,	99,	1,	'Berkoordinasi dengan muthowwif dan tim handling untuk pelayanan maksimal kepada jamaah di setiap saat.',	3,	'Y',	'Y',	2,	NULL,	'2022-08-11 13:36:58',	'2022-08-11 13:36:58'),
(889,	6,	99,	2,	'Memimpin thawaf sunnah bersama setiap hari',	3,	'Y',	'Y',	2,	NULL,	'2022-08-11 13:37:10',	'2022-08-11 13:37:10'),
(890,	6,	99,	3,	'Segera merespon dan menyelesaikan apabila ditemukan permasalahan di lapangan.',	3,	'Y',	'Y',	2,	NULL,	'2022-08-11 13:37:28',	'2022-08-11 13:37:28'),
(891,	6,	99,	4,	'Senantiasa menyapa, membuka obrolan, menghimpun informasi di setiap waktu makan di restoran hotel.',	1,	'Y',	'Y',	2,	NULL,	'2022-08-11 13:37:45',	'2022-08-11 13:37:45'),
(892,	6,	99,	5,	'Memastikan muthowwif selalu stand by di restoran & lobby hotel melayani jamaah.',	1,	'Y',	'Y',	2,	NULL,	'2022-08-11 13:38:03',	'2022-08-11 13:38:03'),
(893,	6,	99,	6,	'Berkoordinasi sehari sebelumnya dengan tim handling dan muthowwif untuk persiapan check out: Bis, Sopir, konsumsi, atribut, paspor, dll',	3,	'Y',	'Y',	2,	NULL,	'2022-08-11 13:38:28',	'2022-08-11 13:38:28'),
(894,	6,	99,	7,	'Menginformasikan kepada jamaah berkaitan dengan proses check out hotel, pengumulan koper, kumpul di lobby, dan program berikutnya : perjalanan ke Kota Madinah.',	3,	'Y',	'Y',	2,	NULL,	'2022-08-11 13:38:47',	'2022-08-11 13:38:47'),
(895,	6,	99,	8,	'Pada hari check out hotel, memastikan : kelengkapan jamaah, koper bagasi, paspor, dll. Pastikan tidak ada yang tertinggal.',	3,	'Y',	'Y',	2,	NULL,	'2022-08-11 13:39:09',	'2022-08-11 13:39:09'),
(896,	6,	99,	9,	'Melakukan liputan video selama program Mekkah',	3,	'Y',	'Y',	2,	NULL,	'2022-08-11 13:39:36',	'2022-08-11 13:39:36'),
(897,	6,	99,	10,	'Membagikan kuesioner Mekkah',	3,	'Y',	'Y',	2,	NULL,	'2022-08-11 13:39:53',	'2022-08-11 13:39:53'),
(898,	6,	100,	1,	'Mengingatkan jamaah untuk pelaksanaan City Tour seputar kota Mekkah melalui komunikasi group : WAG/lainnya.',	3,	'Y',	'Y',	2,	NULL,	'2022-08-11 13:40:46',	'2022-08-11 13:40:46'),
(899,	6,	100,	2,	'Koordinasi (mengingatkan dan memastikan) paling lambat 1 (satu) hari sebelumnya dengan tim handling dan muthawif tentang kesiapan pelaksanaan City Tour : bis (sopir), atribut, dan konsumsi.',	3,	'Y',	'Y',	2,	NULL,	'2022-08-11 13:41:05',	'2022-08-11 13:41:05'),
(900,	6,	100,	3,	'Cek kelengkapan jamaah',	1,	'Y',	'Y',	2,	NULL,	'2022-08-11 13:41:24',	'2022-08-11 13:41:24'),
(901,	6,	100,	4,	'Memastikan kelengkapan atribut dan ketersediaan konsumsi',	1,	'Y',	'Y',	2,	NULL,	'2022-08-11 13:41:37',	'2022-08-11 13:41:37'),
(902,	6,	100,	5,	'Mengarahkan jama’ah menuju bus yang akan berangkat city tour.',	1,	'Y',	'Y',	2,	NULL,	'2022-08-11 13:41:56',	'2022-08-11 13:41:56'),
(903,	6,	100,	6,	'Memimpin doa perjalanan',	3,	'Y',	'Y',	2,	NULL,	'2022-08-11 13:42:07',	'2022-08-11 13:42:07'),
(904,	6,	100,	7,	'Memberikan informasi seputar perjalanan dan tempat-tempat yang dikunjungi saat city tour, baik saat di dalam bis maupun di saat dilokasi yang dikunjungi. Memberikan penjelasan berkaitan dengan tempat-tempat yang dikunjungi dari aspek historis, kondisi kekinian, dan ibrah (pelajaran) yang didapat dengan mengunjungi tempat-tempat yaitu : Jabal Tsur, Arafah, Muzdalifah, Mina, Jabal Nur (Goa Hira), Makbarah Ma\'la, dan Masjid Jin.',	3,	'Y',	'Y',	2,	NULL,	'2022-08-11 13:42:24',	'2022-08-11 13:42:24'),
(905,	6,	100,	8,	'Memastikan konsumsi sudah dibagikan ke seluruh jama’ah oleh Muthawwif.',	1,	'Y',	'Y',	2,	NULL,	'2022-08-11 13:42:42',	'2022-08-11 13:42:42'),
(906,	6,	100,	9,	'Memberikan informasi seputar program berikutnya: thawaf sunnah, tour jabbal Nur, ziarah seputar masjidil haram, tawaf wada, dll.',	2,	'Y',	'Y',	2,	NULL,	'2022-08-11 13:42:58',	'2022-08-11 13:42:58'),
(907,	6,	100,	10,	'Mengarahkan jamaah menuju ke lift hotel (kamar) setibanya di hotel.',	1,	'Y',	'Y',	2,	NULL,	'2022-08-11 13:43:12',	'2022-08-11 13:43:12'),
(908,	6,	100,	11,	'Membuat Video liputan City Tour Mekkah',	3,	'Y',	'Y',	2,	NULL,	'2022-08-11 13:43:37',	'2022-08-11 13:43:37'),
(909,	1,	1,	6,	'Menyetorkan file manasik ke Operasional Percik',	3,	'Y',	'Y',	2,	NULL,	'2022-08-18 10:47:39',	'2022-08-18 10:47:39'),
(910,	2,	13,	6,	'Menyetorkan file manasik ke Operasional Percik',	3,	'Y',	'Y',	2,	NULL,	'2022-08-18 10:52:11',	'2022-08-18 10:52:11'),
(911,	5,	65,	6,	'Menyetorkan file manasik ke Operasional Percik',	3,	'Y',	'Y',	2,	NULL,	'2022-08-18 10:53:58',	'2022-08-18 10:53:58'),
(912,	6,	82,	6,	'Menyetorkan file manasik ke Operasional Percik',	3,	'Y',	'Y',	2,	NULL,	'2022-08-18 10:54:23',	'2022-08-18 10:54:23'),
(1048,	7,	101,	1,	'Menerima data dari admin Percik Tours berupa : Itinerary program umrah, daftar identitas jamaah, pelaksanaan manasik, dan keberangkatan.',	1,	'Y',	'Y',	2,	NULL,	'2022-08-11 09:59:51',	'2022-08-11 09:59:51'),
(1049,	7,	101,	2,	'Mempelajari dan memahami tugas bimbingan Umrah : paket program, itinerary, jumlah jamaah.',	3,	'Y',	'Y',	2,	NULL,	'2022-08-11 10:00:08',	'2022-08-11 10:00:08'),
(1050,	7,	101,	3,	'Mempelajari dan mengetahui daftar peserta/jamaah :sebaran usia, pekerjaan, pendidikan, dll',	3,	'N',	'Y',	2,	NULL,	'2022-08-11 03:00:58',	'2022-08-11 10:00:58'),
(1051,	7,	101,	4,	'Mempelajari dan menyiapkan materi manasik.',	3,	'Y',	'Y',	2,	NULL,	'2022-08-11 10:00:38',	'2022-08-11 10:00:38'),
(1052,	7,	101,	5,	'Berkoordinasi dengan management untuk pelaksanaan manasik',	1,	'Y',	'Y',	2,	NULL,	'2022-08-11 10:00:53',	'2022-08-11 10:00:53'),
(1053,	7,	101,	6,	'Menyetorkan file manasik ke Operasional Percik',	3,	'Y',	'Y',	2,	NULL,	'2022-08-18 10:54:23',	'2022-08-18 10:54:23'),
(1055,	7,	102,	1,	'Hadir di tempat manasik paling lambat 30 menit sebelum acara dimulai',	3,	'Y',	'Y',	2,	NULL,	'2022-08-11 03:01:41',	'2022-08-11 10:01:41'),
(1056,	7,	102,	2,	'Mengecek kesiapan pelaksanaan materi manasik',	1,	'Y',	'Y',	2,	NULL,	'2022-08-11 10:01:32',	'2022-08-11 10:01:32'),
(1057,	7,	102,	3,	'Menyampaikan Materi : Cara Umrah Rasulullah Saw',	3,	'Y',	'Y',	2,	NULL,	'2022-08-11 10:01:55',	'2022-08-11 10:01:55'),
(1058,	7,	102,	4,	'Menyampaikan Materi : Teknis Perjalanan Umrah',	3,	'Y',	'Y',	2,	NULL,	'2022-08-11 10:02:10',	'2022-08-11 10:02:10'),
(1059,	7,	102,	5,	'Menyampaikan Materi : Ibadah Praktis',	3,	'Y',	'Y',	2,	NULL,	'2022-08-11 10:02:23',	'2022-08-11 10:02:23'),
(1060,	7,	102,	6,	'Memastikan tim manasik dalam pembuatan video liputan manasik',	3,	'N',	'Y',	2,	NULL,	'2022-08-11 03:02:42',	'2022-08-11 10:02:42'),
(1062,	7,	103,	1,	'Menyiapkan perlengkapan pribadi pembimbing',	1,	'Y',	'Y',	2,	NULL,	'2022-08-11 10:02:58',	'2022-08-11 10:02:58'),
(1063,	7,	103,	2,	'Memastikan kelengkapan perlengkapan yang harus dibawa pembimbing pada H-1.',	1,	'Y',	'Y',	2,	NULL,	'2022-08-11 10:03:11',	'2022-08-11 10:03:11'),
(1064,	7,	103,	3,	'Mengingatkan jamaah untuk pengumpulan koper bagasi melalui komunikasi group : WAG/lainnya',	3,	'Y',	'Y',	2,	NULL,	'2022-08-11 10:03:26',	'2022-08-11 10:03:26'),
(1065,	7,	103,	4,	'Memberikan pengarahan kepada semua Jamaah melalui komunikasi group : WAG/lainnya tentang rundown acara keberangkatan',	3,	'Y',	'Y',	2,	NULL,	'2022-08-11 10:03:39',	'2022-08-11 10:03:39'),
(1066,	7,	103,	5,	'Mengetahui dan memastikan jumlah koper bagasi dari bagian handling',	1,	'N',	'Y',	2,	NULL,	'2022-08-11 03:04:06',	'2022-08-11 10:04:06'),
(1069,	7,	104,	1,	'Hadir paling lambat 30 menit sebelum waktu keberangkatan.',	3,	'Y',	'Y',	2,	NULL,	'2022-08-11 10:04:39',	'2022-08-11 10:04:39'),
(1070,	7,	104,	2,	'Memberikan pengarahan (maksimal 10 menit) saat pelepasan sebelum berangkat.',	3,	'Y',	'Y',	2,	NULL,	'2022-08-11 10:05:02',	'2022-08-11 10:05:02'),
(1071,	7,	104,	3,	'Cek kesiapan tim handling, kelengkapan peserta, bis, sebelum berangkat.',	1,	'N',	'Y',	2,	NULL,	'2022-08-11 03:09:14',	'2022-08-11 10:09:14'),
(1072,	7,	104,	4,	'Memimpin doa perjalanan sesaat setelah bis berjalan.',	3,	'Y',	'Y',	2,	NULL,	'2022-08-11 10:05:39',	'2022-08-11 10:05:39'),
(1073,	7,	104,	5,	'Menyampaikan makna dari do\'a safar serta menyampaikan informasi-informasi lainnya yang sekiranya diperlukan.',	3,	'Y',	'Y',	2,	NULL,	'2022-08-11 10:05:53',	'2022-08-11 10:05:53'),
(1074,	7,	104,	6,	'Koordinasi dengan tim handling selama perjalanan menuju Bandara.',	1,	'N',	'Y',	2,	NULL,	'2022-08-11 03:09:19',	'2022-08-11 10:09:19'),
(1075,	7,	104,	7,	'Memberikan pengarahan saat ada di hotel transit :(1). Pengarahan seputar pelaksanaan boarding, (2).Mengingatkan kembali secara singkat tahapan ibadah umrah, (3).Tausyiah (jika masih ada waktu).',	3,	'Y',	'Y',	2,	NULL,	'2022-08-11 10:06:28',	'2022-08-11 10:06:28'),
(1076,	7,	104,	8,	'Memandu perkenalan antar jamaah',	3,	'Y',	'Y',	2,	NULL,	'2022-08-11 10:06:41',	'2022-08-11 10:06:41'),
(1077,	7,	104,	9,	'Apabila Delay, Memberikan informasi keterlambatan secara akurat dan memberikan motivasi kepada jama’ah untuk senantiasa sabar saat menunggu.',	3,	'Y',	'Y',	2,	NULL,	'2022-08-11 10:07:03',	'2022-08-11 10:07:03'),
(1078,	7,	104,	10,	'Saat di bandara : mengarahkan jama’ah saat boarding hingga tiba di gate penerbangan.',	1,	'Y',	'Y',	2,	NULL,	'2022-08-11 10:07:21',	'2022-08-11 10:07:21'),
(1079,	7,	104,	11,	'Menyapa, dialog, berkomunikasi dengan jama’ah saat di gate sambil menunggu waktu take off.',	1,	'Y',	'Y',	2,	NULL,	'2022-08-11 10:07:40',	'2022-08-11 10:07:40'),
(1080,	7,	104,	12,	'Cek laporan (jumlah) tas bagasi yang masuk ke pesawat dan membawa tag bagasi keseluruhan dari petugas check in.',	3,	'Y',	'Y',	2,	NULL,	'2022-08-11 10:08:02',	'2022-08-11 10:08:02'),
(1081,	7,	104,	13,	'Mengarahkan jama’ah saat memasuki pesawat. Jika diperlukan ikut mengatur tempat duduk, dan penyimpanan tas cabin.',	3,	'N',	'Y',	2,	NULL,	'2022-08-11 03:08:59',	'2022-08-11 10:08:59'),
(1082,	7,	104,	14,	'Melakukan liputan video selama keberangkatan',	3,	'Y',	'Y',	2,	NULL,	'2022-08-11 10:08:33',	'2022-08-11 10:08:33'),
(1084,	7,	105,	1,	'Menyapa, berkomunikasi seperlunya selama dalam penerbangan.',	1,	'Y',	'Y',	2,	NULL,	'2022-08-11 10:10:05',	'2022-08-11 10:10:05'),
(1085,	7,	105,	2,	'Memberikan pengarahan dan mengingatkan waktu sholat di pesawat.',	2,	'Y',	'Y',	2,	NULL,	'2022-08-11 03:12:36',	'2022-08-11 10:12:36'),
(1086,	7,	105,	3,	'Mengingatkan jamaah untuk cek kelengkapan dokumen jamaah sebelum pesawat landing (terutama paspor & visa).',	3,	'Y',	'Y',	2,	NULL,	'2022-08-11 06:32:31',	'2022-08-11 13:32:31'),
(1087,	7,	106,	1,	'Mengarahkan jamaah keluar pintu pesawat menuju gate keberangkatan berikutnya.',	3,	'Y',	'Y',	2,	NULL,	'2022-08-11 11:14:44',	'2022-08-11 11:14:44'),
(1088,	7,	106,	2,	'Melakukan briefing kepada seluruh jamaah untuk mengingatkan untuk menyiapkan doikumen (paspor,visa,boarding pass) dan memberikan arahan agenda dan program selama menunggu di bandara transit.',	3,	'Y',	'Y',	2,	NULL,	'2022-08-11 11:16:44',	'2022-08-11 11:16:44'),
(1089,	7,	106,	3,	'Mengecek gate penerbangan berikutnya di papan informasi (display) bandara.',	3,	'Y',	'Y',	2,	NULL,	'2022-08-11 11:17:06',	'2022-08-11 11:17:06'),
(1090,	7,	106,	4,	'Menentukan ruang tunggu tempat berkumpul jamaah menunggu waktu boarding penerbangan berikutnya.',	2,	'Y',	'Y',	2,	NULL,	'2022-08-11 11:18:03',	'2022-08-11 11:18:03'),
(1091,	7,	106,	5,	'Mengingatkan kembali ke semua jamaah waktu boarding penerbangan berikutnya baik langsung maupun melalui WAG/lainnya. Pastikan semua jamaah mengetahui jam kumpul untuk boarding.',	3,	'Y',	'Y',	2,	NULL,	'2022-08-11 11:20:05',	'2022-08-11 11:20:05'),
(1092,	7,	106,	6,	'Cek kelengkapan jamaah saat waktu boarding tiba. Pastikan semua jamaah tidak ada yang tertinggal.',	3,	'Y',	'Y',	2,	NULL,	'2022-08-11 11:20:45',	'2022-08-11 11:20:45'),
(1093,	7,	106,	7,	'Setelah di dalam pesawat cek keadaan jamaah dan apabila diperlukan membantu posisi duduk dan manyimpan tas cabin.',	3,	'Y',	'Y',	2,	NULL,	'2022-08-11 11:21:24',	'2022-08-11 11:21:24'),
(1094,	7,	106,	8,	'Membuat video liputan selama di bandara transit.',	3,	'Y',	'Y',	2,	NULL,	'2022-08-11 11:21:47',	'2022-08-11 11:21:47'),
(1102,	7,	107,	1,	'Menyapa, berkomunikasi seperlunya selama dalam penerbangan.',	1,	'Y',	'Y',	2,	NULL,	'2022-08-11 11:25:03',	'2022-08-11 11:25:03'),
(1103,	7,	107,	2,	'Memberikan pengarahan dan mengingatkan waktu sholat di pesawat',	2,	'Y',	'Y',	2,	NULL,	'2022-08-11 11:25:25',	'2022-08-11 11:25:25'),
(1104,	7,	107,	3,	'Cek kesiapan tempat ganti ihram untuk jamaah pria',	2,	'Y',	'Y',	2,	NULL,	'2022-08-11 11:25:38',	'2022-08-11 11:25:38'),
(1105,	7,	107,	4,	'Mengarahkan, membantu, dan memantau jama’ah pria dalam memakai kain ihrom',	3,	'Y',	'Y',	2,	NULL,	'2022-08-11 11:25:53',	'2022-08-11 11:25:53'),
(1106,	7,	107,	5,	'Cek kesiapan seluruh jama’ah untuk Ihlal Ihram (terutama berkaitan dengan hal-hal yang tidak diperbolehkan saat berihram)',	3,	'Y',	'Y',	2,	NULL,	'2022-08-11 11:26:13',	'2022-08-11 11:26:13'),
(1107,	7,	107,	6,	'Memberikan pengarahan dan mengingatkan secara berulang-ulang saat akan memasuki zona miqat.',	3,	'Y',	'Y',	2,	NULL,	'2022-08-11 11:26:28',	'2022-08-11 11:26:28'),
(1108,	7,	107,	7,	'Mengarahkan dan mengingatkan seluruh jama’ah untuk mengucapkan ihlal ihram saat melewati zona miqat.',	3,	'Y',	'Y',	2,	NULL,	'2022-08-11 11:27:27',	'2022-08-11 11:27:27'),
(1109,	7,	107,	8,	'Mengingatkan jamaah untuk cek kelengkapan dokumen jamaah sebelum pesawat landing (terutama paspor dan visa).',	3,	'Y',	'Y',	2,	NULL,	'2022-08-11 11:28:49',	'2022-08-11 11:28:49'),
(1117,	7,	108,	1,	'Koordinasi langsung dengan tim penjemputan bandara, handling saudi, dan muthawif saat pesawat landing.',	3,	'N',	'Y',	2,	NULL,	'2022-08-11 04:59:34',	'2022-08-11 11:59:34'),
(1118,	7,	108,	2,	'Memantau dan mengarahkan jama’ah saat keluar dari pesawat hingga ke tempat imigrasi.',	3,	'Y',	'Y',	2,	NULL,	'2022-08-11 11:52:55',	'2022-08-11 11:52:55'),
(1119,	7,	108,	3,	'Memastikan semua jamaah tidak mengalami kendala saat pemeriksaan imigrasi Saudi. (Apabila rombongan hanya 1 bus, pembimbing berada di belakang antrian terakhir jamaah percik. Apabila lebih dari 1 bis, Pembimbing utama diantrian depan sehingga bisa lebih dahulu masuk ke ruang comveyor bagasi dan asisten pembimbing dibagian terakhir dibelakang antrian jamaah percik).',	3,	'Y',	'Y',	2,	NULL,	'2022-08-11 11:53:14',	'2022-08-11 11:53:14'),
(1120,	7,	108,	4,	'Koordinasi dengan petugas (porter) di dalam bandara untuk pengambilan dan panghantaran koper bagasi.',	3,	'Y',	'Y',	2,	NULL,	'2022-08-11 11:53:42',	'2022-08-11 11:53:42'),
(1121,	7,	108,	5,	'Memastikan dan mengingatkan semua jamaah untuk mengecek kembali koper/barangnya masing-masing agar tidak ada yang tertinggal didalam bandara.',	3,	'N',	'Y',	2,	NULL,	'2022-08-11 04:59:42',	'2022-08-11 11:59:42'),
(1122,	7,	108,	6,	'Final cek kelengkapan koper jama’ah di baggage claim, pastikan tidak ada yang tertinggal.',	3,	'Y',	'Y',	2,	NULL,	'2022-08-11 11:54:27',	'2022-08-11 11:54:27'),
(1123,	7,	108,	7,	'Koordinasi dengan tim penjemputan seputar kelengkapan jama’ah dan koper sebelum pembimbing keluar bandara.',	3,	'N',	'Y',	2,	NULL,	'2022-08-11 04:59:50',	'2022-08-11 11:59:50'),
(1124,	7,	108,	8,	'Koordinasi dengan tim handling bandara untuk kelengkapan koper begitu tiba di Bis.',	3,	'N',	'Y',	2,	NULL,	'2022-08-11 04:59:54',	'2022-08-11 11:59:54'),
(1125,	7,	108,	9,	'Mengumpulkan paspor jama’ah di dalam bis',	3,	'Y',	'Y',	2,	NULL,	'2022-08-11 11:57:50',	'2022-08-11 11:57:50'),
(1126,	7,	108,	10,	'Cek kelengkapan jama’ah sebelum bis berangkat.',	3,	'N',	'Y',	2,	NULL,	'2022-08-11 04:59:58',	'2022-08-11 11:59:58'),
(1127,	7,	108,	11,	'Mengingatkan dan membimbing jama’ah dalam kondisi berihram.',	3,	'N',	'Y',	2,	NULL,	'2022-08-11 05:00:11',	'2022-08-11 12:00:11'),
(1128,	7,	108,	12,	'Membuat liputan video kedatangan',	3,	'Y',	'Y',	2,	NULL,	'2022-08-11 11:59:17',	'2022-08-11 11:59:17'),
(1132,	7,	109,	1,	'Memimpin doa perjalanan',	3,	'Y',	'Y',	2,	NULL,	'2022-08-11 13:16:44',	'2022-08-11 13:16:44'),
(1133,	7,	109,	2,	'Memimpin Talbiyah',	3,	'Y',	'Y',	2,	NULL,	'2022-08-11 13:17:10',	'2022-08-11 13:17:10'),
(1134,	7,	109,	3,	'Menyapa jama’ah, ucapan selamat datang, info seputar acara, hotel, dll yang sekiranya harus disampaikan.',	3,	'Y',	'Y',	2,	NULL,	'2022-08-11 13:17:30',	'2022-08-11 13:17:30'),
(1135,	7,	109,	4,	'Memperkenalkan muthowwif dan handling saudi.',	3,	'N',	'Y',	2,	NULL,	'2022-08-11 06:18:06',	'2022-08-11 13:18:06'),
(1136,	7,	109,	5,	'Koordinasi dengan team handling hotel dan muthawif untuk memastikan semua koper terkirim secara benar ke masing- masing kamar jama’ah.',	3,	'Y',	'Y',	2,	NULL,	'2022-08-11 13:18:24',	'2022-08-11 13:18:24'),
(1137,	7,	109,	6,	'Koordinasi dengan tim handling hotel selama perjalanan.',	3,	'N',	'Y',	2,	NULL,	'2022-08-11 06:19:08',	'2022-08-11 13:19:08'),
(1138,	7,	109,	7,	'Pastikan kesiapan hotel : pengaturan kamar sesuai dengan roomlist, kunci kamar sudah ready.',	3,	'Y',	'Y',	2,	NULL,	'2022-08-11 13:19:41',	'2022-08-11 13:19:41'),
(1139,	7,	109,	8,	'Saat tiba di hotel, mengarahkan jama’ah masuk hotel.',	1,	'Y',	'Y',	2,	NULL,	'2022-08-11 13:20:02',	'2022-08-11 13:20:02'),
(1140,	7,	109,	9,	'Membantu Muthawwif/tim handling hotel dalam pembagian kunci kamar jama’ah.',	2,	'Y',	'Y',	2,	NULL,	'2022-08-11 13:20:26',	'2022-08-11 13:20:26'),
(1141,	7,	109,	10,	'Mengumpulkan seluruh jama’ah di lobby hotel/restoran hotel, atau di tempat yang cukup kondusif dan memberikan pengarahan tentang persiapan pelaksanaan Umrah : waktu dan tempat kumpul, apa saja yang harus di bawa dan tidak boleh di bawa, dan informasi lainnya yang sekiranya perlu disampaikan.',	3,	'Y',	'Y',	2,	NULL,	'2022-08-11 13:20:48',	'2022-08-11 13:20:48'),
(1142,	7,	109,	11,	'Mengkoordinir Muthawif dan tim handling untuk memastikan semua jama’ah mendapatkan kelengkapan dan fasilitas kamar yang sesuai.',	3,	'N',	'Y',	2,	NULL,	'2022-08-11 06:22:33',	'2022-08-11 13:22:33'),
(1143,	7,	109,	13,	'Membuat liputan video pelaksanaan umrah',	3,	'Y',	'Y',	2,	NULL,	'2022-08-11 13:29:54',	'2022-08-11 13:29:54'),
(1147,	7,	110,	1,	'Mengingatkan jamaah melalui komunikasi group : WAG/lainnya tentang persiapan pelaksanaan ibadah umrah : waktu dan tempat kumpul, dan hal-hal lainnya yang perlu disiapkan jamaah.',	3,	'Y',	'Y',	2,	NULL,	'2022-08-11 13:23:28',	'2022-08-11 13:23:28'),
(1148,	7,	110,	2,	'BRIEFING UMRAH TAHAP KE-1 : di lobby hotel/tempat lainnya yang kondusif. Materi briefing meliputi: memastikan seluruh jama’ah sudah punya wudhu, memastikan atribut group dipakai semua jama’ah, mengingatkan hal-hal yang berkaitan dengan larangan dan sunnah selama ber-ihram, menjelaskan secara singkat tahapan ibadah yang akan dilakukan, memberikan motivasi kepada jamaah untuk kekompakkan selama pelaksanaan umrah di Masjidil Haram.',	3,	'Y',	'Y',	2,	NULL,	'2022-08-11 13:24:13',	'2022-08-11 13:24:13'),
(1149,	7,	110,	3,	'Memimpin dan mengarahkan jamaah menuju ke Masjidil Haram',	2,	'Y',	'Y',	2,	NULL,	'2022-08-11 13:24:28',	'2022-08-11 13:24:28'),
(1150,	7,	110,	4,	'BRIEFING UMRAH TAHAP KE-2 : di halaman Masjidil Haram. Materi briefing meliputi: penjelasan singkat keadaan umum disekitar halaman masjidil haram termasuk akses pintu masuk masjidil haram, arah/jalur menuju hotel jamaah, mengingatkan jama’ah tahapan ibadah yang akan dilakukan yaitu membaca doa saat masuk masjid, membaca doa saat melihat ka’bah ketika sudah berada di dalam masjid, dan info lain yang berkaitan disampaikan secara singkat.',	3,	'Y',	'Y',	2,	NULL,	'2022-08-11 13:24:43',	'2022-08-11 13:24:43'),
(1151,	7,	110,	5,	'Memimpin dan mengarahkan jama’ah masuk ke Masjidil Haram.',	2,	'Y',	'Y',	2,	NULL,	'2022-08-11 13:25:00',	'2022-08-11 13:25:00'),
(1152,	7,	110,	6,	'Mengarahkan jama’ah menuju tempat yang kondusif untuk membaca do’a melihat ka’bah.',	1,	'Y',	'Y',	2,	NULL,	'2022-08-11 13:25:12',	'2022-08-11 13:25:12'),
(1153,	7,	110,	7,	'Memberikan kesempatan agak luang tetapi tidak terlalu lama kepada jama’ah untuk secara khusyu membaca do’a melihat ka’bah.',	1,	'Y',	'Y',	2,	NULL,	'2022-08-11 13:25:24',	'2022-08-11 13:25:24'),
(1154,	7,	110,	8,	'BRIEFING UMRAH TAHAP KE-3. diarea thawaf sebelum memulai tahawaf. Mengingatkan kembali secara singkat tata cara ibadah thawaf, menunjukkan letak sudut hajar aswad tempat memulai dan mengakhiri thawaf, sudut ruknul yamani tempat membaca doa “Robbana atina…”, mengingatkan kembali untuk memperbanyak doa dan dzikir saat thawaf, mengakhiri thawaf dengan shalat sunah di Maqam Ibrahim.',	3,	'Y',	'Y',	2,	NULL,	'2022-08-11 13:25:43',	'2022-08-11 13:25:43'),
(1155,	7,	110,	9,	'Mengatur barisan thawaf: yang sepuh2 didepan, muthawif mengontrol dari samping dan belakang.',	2,	'N',	'Y',	2,	NULL,	'2022-08-11 06:30:35',	'2022-08-11 13:30:35'),
(1156,	7,	110,	10,	'Pembimbing memimpin thawaf di baris depan selama pelaksanaan ibadah thawaf.',	3,	'N',	'Y',	2,	NULL,	'2022-08-11 06:30:38',	'2022-08-11 13:30:38'),
(1157,	7,	110,	11,	'Mengingatkan jamaah disetiap putaran : memulai thawaf, do\'a ruknul yamani, dan jumlah putaran.',	1,	'N',	'Y',	2,	NULL,	'2022-08-11 06:31:03',	'2022-08-11 13:31:03'),
(1158,	7,	110,	12,	'Mengarahkan barisan jama’ah saat akan mengakhiri putaran thawaf dan mengarahkan ke tempat (yang kondusif) shalat sunnah maqam Ibrohim.',	3,	'N',	'Y',	2,	NULL,	'2022-08-11 06:31:22',	'2022-08-11 13:31:22'),
(1159,	7,	110,	13,	'BRIEFING UMRAH TAHAP KE-4. di lokasi sekitar maqam ibrahim. Pembimbing melakukan review singkat tentang pelaksanaan thawaf dan mengingatkan kembali pelaksanaan ibadah setelah thawaf dan shalat di maqam Ibrahim adalah : meminum air zamzam dan pelaksanaan ibadah Sa’i.',	3,	'Y',	'Y',	2,	NULL,	'2022-08-11 13:27:19',	'2022-08-11 13:27:19'),
(1160,	7,	110,	14,	'Membimbing dan mengarahkan jama’ah menuju tempat air zamzam untuk melaksanakan sunnah meminum air zamzam.',	1,	'Y',	'Y',	2,	NULL,	'2022-08-11 13:27:46',	'2022-08-11 13:27:46'),
(1161,	7,	110,	15,	'BRIEFING UMRAH TAHAP KE-5. di lokasi sebelum masa\'i. Pembimbing mengingatkan kembali proses pelaksanaan ibadah Sa’i, bacaan memasuki dan saat di Shafa dan Marwah sampai pelaksanaan tahallul.',	3,	'Y',	'Y',	2,	NULL,	'2022-08-11 13:28:00',	'2022-08-11 13:28:00'),
(1162,	7,	110,	16,	'Memimpin dan mengarahkan jama’ah menuju ke tempat sa’I, membaca saat masuk bukit Shafa.',	2,	'Y',	'Y',	2,	NULL,	'2022-08-11 13:28:17',	'2022-08-11 13:28:17'),
(1163,	7,	110,	17,	'Membimbing dan mengarahkan jama’ah saat berdoa di shafa dan marwah.',	3,	'Y',	'Y',	2,	NULL,	'2022-08-11 13:28:33',	'2022-08-11 13:28:33'),
(1164,	7,	110,	18,	'Membimbing jama’ah pria saat lari2 kecil di dua pilar lampu hijau',	3,	'Y',	'Y',	2,	NULL,	'2022-08-11 13:28:46',	'2022-08-11 13:28:46'),
(1165,	7,	110,	19,	'Membimbing dan megarahkan jama’ah saat pelaksanaan tahallul.',	3,	'Y',	'Y',	2,	NULL,	'2022-08-11 13:29:02',	'2022-08-11 13:29:02'),
(1166,	7,	110,	20,	'BRIEFING UMRAH TAHAP KE-6. di lokasi Marwah setelah tahallul. Melakukan review singkat pelaksanaan umrah secara keseluruhan dan memberikan informasi seputar program/agenda berikutnya: thawaf sunnah bersama dan city tour dan atau informasi lainnya yang dirasakan perlu disampaikan kepada jamaah.',	3,	'Y',	'Y',	2,	NULL,	'2022-08-11 13:29:18',	'2022-08-11 13:29:18'),
(1167,	7,	110,	21,	'Mengarahkan jama’ah ke pintu keluar masjidil haram menuju hotel untuk istirahat.',	2,	'Y',	'Y',	2,	NULL,	'2022-08-11 13:34:20',	'2022-08-11 13:34:20'),
(1168,	7,	110,	22,	'Mebuat video liputan pelaksanaan Umrah',	3,	'Y',	'Y',	2,	NULL,	'2022-08-11 13:34:52',	'2022-08-11 13:34:52'),
(1178,	7,	111,	1,	'Berkoordinasi dengan muthowwif dan tim handling untuk pelayanan maksimal kepada jamaah di setiap saat.',	3,	'Y',	'Y',	2,	NULL,	'2022-08-11 13:36:58',	'2022-08-11 13:36:58'),
(1179,	7,	111,	2,	'Memimpin thawaf sunnah bersama setiap hari',	3,	'Y',	'Y',	2,	NULL,	'2022-08-11 13:37:10',	'2022-08-11 13:37:10'),
(1180,	7,	111,	3,	'Segera merespon dan menyelesaikan apabila ditemukan permasalahan di lapangan.',	3,	'Y',	'Y',	2,	NULL,	'2022-08-11 13:37:28',	'2022-08-11 13:37:28'),
(1181,	7,	111,	4,	'Senantiasa menyapa, membuka obrolan, menghimpun informasi di setiap waktu makan di restoran hotel.',	1,	'Y',	'Y',	2,	NULL,	'2022-08-11 13:37:45',	'2022-08-11 13:37:45'),
(1182,	7,	111,	5,	'Memastikan muthowwif selalu stand by di restoran & lobby hotel melayani jamaah.',	1,	'Y',	'Y',	2,	NULL,	'2022-08-11 13:38:03',	'2022-08-11 13:38:03'),
(1183,	7,	111,	6,	'Berkoordinasi sehari sebelumnya dengan tim handling dan muthowwif untuk persiapan check out: Bis, Sopir, konsumsi, atribut, paspor, dll',	3,	'Y',	'Y',	2,	NULL,	'2022-08-11 13:38:28',	'2022-08-11 13:38:28'),
(1184,	7,	111,	7,	'Menginformasikan kepada jamaah berkaitan dengan proses check out hotel, pengumulan koper, kumpul di lobby, dan program berikutnya : perjalanan ke Kota Madinah.',	3,	'Y',	'Y',	2,	NULL,	'2022-08-11 13:38:47',	'2022-08-11 13:38:47'),
(1185,	7,	111,	8,	'Pada hari check out hotel, memastikan : kelengkapan jamaah, koper bagasi, paspor, dll. Pastikan tidak ada yang tertinggal.',	3,	'Y',	'Y',	2,	NULL,	'2022-08-11 13:39:09',	'2022-08-11 13:39:09'),
(1186,	7,	111,	9,	'Melakukan liputan video selama program Mekkah',	3,	'Y',	'Y',	2,	NULL,	'2022-08-11 13:39:36',	'2022-08-11 13:39:36'),
(1187,	7,	111,	10,	'Membagikan kuesioner Mekkah',	3,	'Y',	'Y',	2,	NULL,	'2022-08-11 13:39:53',	'2022-08-11 13:39:53'),
(1193,	7,	112,	1,	'Mengingatkan jamaah untuk pelaksanaan City Tour seputar kota Mekkah melalui komunikasi group : WAG/lainnya.',	3,	'Y',	'Y',	2,	NULL,	'2022-08-11 13:40:46',	'2022-08-11 13:40:46'),
(1194,	7,	112,	2,	'Koordinasi (mengingatkan dan memastikan) paling lambat 1 (satu) hari sebelumnya dengan tim handling dan muthawif tentang kesiapan pelaksanaan City Tour : bis (sopir), atribut, dan konsumsi.',	3,	'Y',	'Y',	2,	NULL,	'2022-08-11 13:41:05',	'2022-08-11 13:41:05'),
(1195,	7,	112,	3,	'Cek kelengkapan jamaah',	1,	'Y',	'Y',	2,	NULL,	'2022-08-11 13:41:24',	'2022-08-11 13:41:24'),
(1196,	7,	112,	4,	'Memastikan kelengkapan atribut dan ketersediaan konsumsi',	1,	'Y',	'Y',	2,	NULL,	'2022-08-11 13:41:37',	'2022-08-11 13:41:37'),
(1197,	7,	112,	5,	'Mengarahkan jama’ah menuju bus yang akan berangkat city tour.',	1,	'Y',	'Y',	2,	NULL,	'2022-08-11 13:41:56',	'2022-08-11 13:41:56'),
(1198,	7,	112,	6,	'Memimpin doa perjalanan',	3,	'Y',	'Y',	2,	NULL,	'2022-08-11 13:42:07',	'2022-08-11 13:42:07'),
(1199,	7,	112,	7,	'Memberikan informasi seputar perjalanan dan tempat-tempat yang dikunjungi saat city tour, baik saat di dalam bis maupun di saat dilokasi yang dikunjungi. Memberikan penjelasan berkaitan dengan tempat-tempat yang dikunjungi dari aspek historis, kondisi kekinian, dan ibrah (pelajaran) yang didapat dengan mengunjungi tempat-tempat yaitu : Jabal Tsur, Arafah, Muzdalifah, Mina, Jabal Nur (Goa Hira), Makbarah Ma\'la, dan Masjid Jin.',	3,	'Y',	'Y',	2,	NULL,	'2022-08-11 13:42:24',	'2022-08-11 13:42:24'),
(1200,	7,	112,	8,	'Memastikan konsumsi sudah dibagikan ke seluruh jama’ah oleh Muthawwif.',	1,	'Y',	'Y',	2,	NULL,	'2022-08-11 13:42:42',	'2022-08-11 13:42:42'),
(1201,	7,	112,	9,	'Memberikan informasi seputar program berikutnya: thawaf sunnah, tour jabbal Nur, ziarah seputar masjidil haram, tawaf wada, dll.',	2,	'Y',	'Y',	2,	NULL,	'2022-08-11 13:42:58',	'2022-08-11 13:42:58'),
(1202,	7,	112,	10,	'Mengarahkan jamaah menuju ke lift hotel (kamar) setibanya di hotel.',	1,	'Y',	'Y',	2,	NULL,	'2022-08-11 13:43:12',	'2022-08-11 13:43:12'),
(1203,	7,	112,	11,	'Membuat Video liputan City Tour Mekkah',	3,	'Y',	'Y',	2,	NULL,	'2022-08-11 13:43:37',	'2022-08-11 13:43:37'),
(1208,	8,	116,	1,	'Menerima data dari admin Percik Tours berupa : Itinerary program umrah, daftar identitas jamaah, pelaksanaan manasik, dan keberangkatan.',	1,	'Y',	'Y',	2,	NULL,	'2022-11-10 03:48:16',	'2022-11-10 10:48:16'),
(1209,	8,	116,	2,	'Mempelajari dan memahami tugas bimbingan Umrah : paket program, itinerary, jumlah jamaah.',	3,	'Y',	'Y',	2,	NULL,	'2022-08-11 10:00:08',	'2022-08-11 10:00:08'),
(1210,	8,	116,	3,	'Mempelajari dan mengetahui daftar peserta/jamaah :sebaran usia, pekerjaan, pendidikan, dll',	3,	'N',	'Y',	2,	NULL,	'2022-08-11 03:00:58',	'2022-08-11 10:00:58'),
(1211,	8,	116,	4,	'Mempelajari dan menyiapkan materi manasik.',	3,	'Y',	'Y',	2,	NULL,	'2022-08-11 10:00:38',	'2022-08-11 10:00:38'),
(1212,	8,	116,	5,	'Berkoordinasi dengan management untuk pelaksanaan manasik',	1,	'Y',	'Y',	2,	NULL,	'2022-08-11 10:00:53',	'2022-08-11 10:00:53'),
(1213,	8,	116,	6,	'Menyetorkan file manasik ke Operasional Percik',	3,	'Y',	'Y',	2,	NULL,	'2022-08-18 10:54:23',	'2022-08-18 10:54:23'),
(1215,	8,	117,	1,	'Hadir di tempat manasik paling lambat 30 menit sebelum acara dimulai',	3,	'Y',	'Y',	2,	NULL,	'2022-08-11 03:01:41',	'2022-08-11 10:01:41'),
(1216,	8,	117,	2,	'Mengecek kesiapan pelaksanaan materi manasik',	1,	'Y',	'Y',	2,	NULL,	'2022-08-11 10:01:32',	'2022-08-11 10:01:32'),
(1217,	8,	117,	3,	'Menyampaikan Materi : Cara Umrah Rasulullah Saw',	3,	'Y',	'Y',	2,	NULL,	'2022-08-11 10:01:55',	'2022-08-11 10:01:55'),
(1218,	8,	117,	4,	'Menyampaikan Materi : Teknis Perjalanan Umrah',	3,	'Y',	'Y',	2,	NULL,	'2022-08-11 10:02:10',	'2022-08-11 10:02:10'),
(1219,	8,	117,	5,	'Menyampaikan Materi : Ibadah Praktis',	3,	'Y',	'Y',	2,	NULL,	'2022-08-11 10:02:23',	'2022-08-11 10:02:23'),
(1220,	8,	117,	6,	'Memastikan tim manasik dalam pembuatan video liputan manasik',	3,	'N',	'Y',	2,	NULL,	'2022-08-11 03:02:42',	'2022-08-11 10:02:42'),
(1222,	8,	118,	1,	'Menyiapkan perlengkapan pribadi pembimbing',	1,	'Y',	'Y',	2,	NULL,	'2022-08-11 10:02:58',	'2022-08-11 10:02:58'),
(1223,	8,	118,	2,	'Memastikan kelengkapan perlengkapan yang harus dibawa pembimbing pada H-1.',	1,	'Y',	'Y',	2,	NULL,	'2022-08-11 10:03:11',	'2022-08-11 10:03:11'),
(1224,	8,	118,	3,	'Mengingatkan jamaah untuk pengumpulan koper bagasi melalui komunikasi group : WAG/lainnya',	3,	'Y',	'Y',	2,	NULL,	'2022-08-11 10:03:26',	'2022-08-11 10:03:26'),
(1225,	8,	118,	4,	'Memberikan pengarahan kepada semua Jamaah melalui komunikasi group : WAG/lainnya tentang rundown acara keberangkatan',	3,	'Y',	'Y',	2,	NULL,	'2022-08-11 10:03:39',	'2022-08-11 10:03:39'),
(1226,	8,	118,	5,	'Mengetahui dan memastikan jumlah koper bagasi dari bagian handling',	1,	'N',	'Y',	2,	NULL,	'2022-08-11 03:04:06',	'2022-08-11 10:04:06'),
(1229,	8,	119,	1,	'Hadir paling lambat 30 menit sebelum waktu keberangkatan.',	3,	'Y',	'Y',	2,	NULL,	'2022-08-11 10:04:39',	'2022-08-11 10:04:39'),
(1230,	8,	119,	2,	'Memberikan pengarahan (maksimal 10 menit) saat pelepasan sebelum berangkat.',	3,	'Y',	'Y',	2,	NULL,	'2022-08-11 10:05:02',	'2022-08-11 10:05:02'),
(1231,	8,	119,	3,	'Cek kesiapan tim handling, kelengkapan peserta, bis, sebelum berangkat.',	1,	'N',	'Y',	2,	NULL,	'2022-08-11 03:09:14',	'2022-08-11 10:09:14'),
(1232,	8,	119,	4,	'Memimpin doa perjalanan sesaat setelah bis berjalan.',	3,	'Y',	'Y',	2,	NULL,	'2022-08-11 10:05:39',	'2022-08-11 10:05:39'),
(1233,	8,	119,	5,	'Menyampaikan makna dari do\'a safar serta menyampaikan informasi-informasi lainnya yang sekiranya diperlukan.',	3,	'Y',	'Y',	2,	NULL,	'2022-08-11 10:05:53',	'2022-08-11 10:05:53'),
(1234,	8,	119,	6,	'Koordinasi dengan tim handling selama perjalanan menuju Bandara.',	1,	'N',	'Y',	2,	NULL,	'2022-08-11 03:09:19',	'2022-08-11 10:09:19'),
(1235,	8,	119,	7,	'Memberikan pengarahan saat ada di hotel transit :(1). Pengarahan seputar pelaksanaan boarding, (2).Mengingatkan kembali secara singkat tahapan ibadah umrah, (3).Tausyiah (jika masih ada waktu).',	3,	'Y',	'Y',	2,	NULL,	'2022-08-11 10:06:28',	'2022-08-11 10:06:28'),
(1236,	8,	119,	8,	'Memandu perkenalan antar jamaah',	3,	'Y',	'Y',	2,	NULL,	'2022-08-11 10:06:41',	'2022-08-11 10:06:41'),
(1237,	8,	119,	9,	'Apabila Delay, Memberikan informasi keterlambatan secara akurat dan memberikan motivasi kepada jama’ah untuk senantiasa sabar saat menunggu.',	3,	'Y',	'Y',	2,	NULL,	'2022-08-11 10:07:03',	'2022-08-11 10:07:03'),
(1238,	8,	119,	10,	'Saat di bandara : mengarahkan jama’ah saat boarding hingga tiba di gate penerbangan.',	1,	'Y',	'Y',	2,	NULL,	'2022-08-11 10:07:21',	'2022-08-11 10:07:21'),
(1239,	8,	119,	11,	'Menyapa, dialog, berkomunikasi dengan jama’ah saat di gate sambil menunggu waktu take off.',	1,	'Y',	'Y',	2,	NULL,	'2022-08-11 10:07:40',	'2022-08-11 10:07:40'),
(1240,	8,	119,	12,	'Cek laporan (jumlah) tas bagasi yang masuk ke pesawat dan membawa tag bagasi keseluruhan dari petugas check in.',	3,	'Y',	'Y',	2,	NULL,	'2022-08-11 10:08:02',	'2022-08-11 10:08:02'),
(1241,	8,	119,	13,	'Mengarahkan jama’ah saat memasuki pesawat. Jika diperlukan ikut mengatur tempat duduk, dan penyimpanan tas cabin.',	3,	'N',	'Y',	2,	NULL,	'2022-08-11 03:08:59',	'2022-08-11 10:08:59'),
(1242,	8,	119,	14,	'Melakukan liputan video selama keberangkatan',	3,	'Y',	'Y',	2,	NULL,	'2022-08-11 10:08:33',	'2022-08-11 10:08:33'),
(1244,	8,	120,	1,	'Menyapa, berkomunikasi seperlunya selama dalam penerbangan.',	1,	'Y',	'Y',	2,	NULL,	'2022-08-11 10:10:05',	'2022-08-11 10:10:05'),
(1245,	8,	120,	2,	'Memberikan pengarahan dan mengingatkan waktu sholat di pesawat.',	2,	'Y',	'Y',	2,	NULL,	'2022-08-11 03:12:36',	'2022-08-11 10:12:36'),
(1246,	8,	120,	3,	'Mengingatkan jamaah untuk cek kelengkapan dokumen jamaah sebelum pesawat landing (terutama paspor & visa).',	3,	'Y',	'Y',	2,	NULL,	'2022-08-11 06:32:31',	'2022-08-11 13:32:31'),
(1247,	8,	121,	1,	'Mengarahkan jamaah keluar pintu pesawat menuju gate keberangkatan berikutnya.',	3,	'Y',	'Y',	2,	NULL,	'2022-08-11 11:14:44',	'2022-08-11 11:14:44'),
(1248,	8,	121,	2,	'Melakukan briefing kepada seluruh jamaah untuk mengingatkan untuk menyiapkan doikumen (paspor,visa,boarding pass) dan memberikan arahan agenda dan program selama menunggu di bandara transit.',	3,	'Y',	'Y',	2,	NULL,	'2022-08-11 11:16:44',	'2022-08-11 11:16:44'),
(1249,	8,	121,	3,	'Mengecek gate penerbangan berikutnya di papan informasi (display) bandara.',	3,	'Y',	'Y',	2,	NULL,	'2022-08-11 11:17:06',	'2022-08-11 11:17:06'),
(1250,	8,	121,	4,	'Menentukan ruang tunggu tempat berkumpul jamaah menunggu waktu boarding penerbangan berikutnya.',	2,	'Y',	'Y',	2,	NULL,	'2022-08-11 11:18:03',	'2022-08-11 11:18:03'),
(1251,	8,	121,	5,	'Mengingatkan kembali ke semua jamaah waktu boarding penerbangan berikutnya baik langsung maupun melalui WAG/lainnya. Pastikan semua jamaah mengetahui jam kumpul untuk boarding.',	3,	'Y',	'Y',	2,	NULL,	'2022-08-11 11:20:05',	'2022-08-11 11:20:05'),
(1252,	8,	121,	6,	'Cek kelengkapan jamaah saat waktu boarding tiba. Pastikan semua jamaah tidak ada yang tertinggal.',	3,	'Y',	'Y',	2,	NULL,	'2022-08-11 11:20:45',	'2022-08-11 11:20:45'),
(1253,	8,	121,	7,	'Setelah di dalam pesawat cek keadaan jamaah dan apabila diperlukan membantu posisi duduk dan manyimpan tas cabin.',	3,	'Y',	'Y',	2,	NULL,	'2022-08-11 11:21:24',	'2022-08-11 11:21:24'),
(1254,	8,	121,	8,	'Membuat video liputan selama di bandara transit.',	3,	'Y',	'Y',	2,	NULL,	'2022-08-11 11:21:47',	'2022-08-11 11:21:47'),
(1262,	8,	122,	1,	'Menyapa, berkomunikasi seperlunya selama dalam penerbangan.',	1,	'Y',	'Y',	2,	NULL,	'2022-08-11 11:25:03',	'2022-08-11 11:25:03'),
(1263,	8,	122,	2,	'Memberikan pengarahan dan mengingatkan waktu sholat di pesawat',	2,	'Y',	'Y',	2,	NULL,	'2022-08-11 11:25:25',	'2022-08-11 11:25:25'),
(1264,	8,	122,	3,	'Cek kesiapan tempat ganti ihram untuk jamaah pria',	2,	'Y',	'Y',	2,	NULL,	'2022-08-11 11:25:38',	'2022-08-11 11:25:38'),
(1265,	8,	122,	4,	'Mengarahkan, membantu, dan memantau jama’ah pria dalam memakai kain ihrom',	3,	'Y',	'Y',	2,	NULL,	'2022-08-11 11:25:53',	'2022-08-11 11:25:53'),
(1266,	8,	122,	5,	'Cek kesiapan seluruh jama’ah untuk Ihlal Ihram (terutama berkaitan dengan hal-hal yang tidak diperbolehkan saat berihram)',	3,	'Y',	'Y',	2,	NULL,	'2022-08-11 11:26:13',	'2022-08-11 11:26:13'),
(1267,	8,	122,	6,	'Memberikan pengarahan dan mengingatkan secara berulang-ulang saat akan memasuki zona miqat.',	3,	'Y',	'Y',	2,	NULL,	'2022-08-11 11:26:28',	'2022-08-11 11:26:28'),
(1268,	8,	122,	7,	'Mengarahkan dan mengingatkan seluruh jama’ah untuk mengucapkan ihlal ihram saat melewati zona miqat.',	3,	'Y',	'Y',	2,	NULL,	'2022-08-11 11:27:27',	'2022-08-11 11:27:27'),
(1269,	8,	122,	8,	'Mengingatkan jamaah untuk cek kelengkapan dokumen jamaah sebelum pesawat landing (terutama paspor dan visa).',	3,	'Y',	'Y',	2,	NULL,	'2022-08-11 11:28:49',	'2022-08-11 11:28:49'),
(1277,	8,	123,	1,	'Koordinasi langsung dengan tim penjemputan bandara, handling saudi, dan muthawif saat pesawat landing.',	3,	'N',	'Y',	2,	NULL,	'2022-08-11 04:59:34',	'2022-08-11 11:59:34'),
(1278,	8,	123,	2,	'Memantau dan mengarahkan jama’ah saat keluar dari pesawat hingga ke tempat imigrasi.',	3,	'Y',	'Y',	2,	NULL,	'2022-08-11 11:52:55',	'2022-08-11 11:52:55'),
(1279,	8,	123,	3,	'Memastikan semua jamaah tidak mengalami kendala saat pemeriksaan imigrasi Saudi. (Apabila rombongan hanya 1 bus, pembimbing berada di belakang antrian terakhir jamaah percik. Apabila lebih dari 1 bis, Pembimbing utama diantrian depan sehingga bisa lebih dahulu masuk ke ruang comveyor bagasi dan asisten pembimbing dibagian terakhir dibelakang antrian jamaah percik).',	3,	'Y',	'Y',	2,	NULL,	'2022-08-11 11:53:14',	'2022-08-11 11:53:14'),
(1280,	8,	123,	4,	'Koordinasi dengan petugas (porter) di dalam bandara untuk pengambilan dan panghantaran koper bagasi.',	3,	'Y',	'Y',	2,	NULL,	'2022-08-11 11:53:42',	'2022-08-11 11:53:42'),
(1281,	8,	123,	5,	'Memastikan dan mengingatkan semua jamaah untuk mengecek kembali koper/barangnya masing-masing agar tidak ada yang tertinggal didalam bandara.',	3,	'N',	'Y',	2,	NULL,	'2022-08-11 04:59:42',	'2022-08-11 11:59:42'),
(1282,	8,	123,	6,	'Final cek kelengkapan koper jama’ah di baggage claim, pastikan tidak ada yang tertinggal.',	3,	'Y',	'Y',	2,	NULL,	'2022-08-11 11:54:27',	'2022-08-11 11:54:27'),
(1283,	8,	123,	7,	'Koordinasi dengan tim penjemputan seputar kelengkapan jama’ah dan koper sebelum pembimbing keluar bandara.',	3,	'N',	'Y',	2,	NULL,	'2022-08-11 04:59:50',	'2022-08-11 11:59:50'),
(1284,	8,	123,	8,	'Koordinasi dengan tim handling bandara untuk kelengkapan koper begitu tiba di Bis.',	3,	'N',	'Y',	2,	NULL,	'2022-08-11 04:59:54',	'2022-08-11 11:59:54'),
(1285,	8,	123,	9,	'Mengumpulkan paspor jama’ah di dalam bis',	3,	'Y',	'Y',	2,	NULL,	'2022-08-11 11:57:50',	'2022-08-11 11:57:50'),
(1286,	8,	123,	10,	'Cek kelengkapan jama’ah sebelum bis berangkat.',	3,	'N',	'Y',	2,	NULL,	'2022-08-11 04:59:58',	'2022-08-11 11:59:58'),
(1287,	8,	123,	11,	'Mengingatkan dan membimbing jama’ah dalam kondisi berihram.',	3,	'N',	'Y',	2,	NULL,	'2022-08-11 05:00:11',	'2022-08-11 12:00:11'),
(1288,	8,	123,	12,	'Membuat liputan video kedatangan',	3,	'Y',	'Y',	2,	NULL,	'2022-08-11 11:59:17',	'2022-08-11 11:59:17'),
(1292,	8,	124,	1,	'Memimpin doa perjalanan',	3,	'Y',	'Y',	2,	NULL,	'2022-08-11 13:16:44',	'2022-08-11 13:16:44'),
(1293,	8,	124,	2,	'Memimpin Talbiyah',	3,	'Y',	'Y',	2,	NULL,	'2022-08-11 13:17:10',	'2022-08-11 13:17:10'),
(1294,	8,	124,	3,	'Menyapa jama’ah, ucapan selamat datang, info seputar acara, hotel, dll yang sekiranya harus disampaikan.',	3,	'Y',	'Y',	2,	NULL,	'2022-08-11 13:17:30',	'2022-08-11 13:17:30'),
(1295,	8,	124,	4,	'Memperkenalkan muthowwif dan handling saudi.',	3,	'N',	'Y',	2,	NULL,	'2022-08-11 06:18:06',	'2022-08-11 13:18:06'),
(1296,	8,	124,	5,	'Koordinasi dengan team handling hotel dan muthawif untuk memastikan semua koper terkirim secara benar ke masing- masing kamar jama’ah.',	3,	'Y',	'Y',	2,	NULL,	'2022-08-11 13:18:24',	'2022-08-11 13:18:24'),
(1297,	8,	124,	6,	'Koordinasi dengan tim handling hotel selama perjalanan.',	3,	'N',	'Y',	2,	NULL,	'2022-08-11 06:19:08',	'2022-08-11 13:19:08'),
(1298,	8,	124,	7,	'Pastikan kesiapan hotel : pengaturan kamar sesuai dengan roomlist, kunci kamar sudah ready.',	3,	'Y',	'Y',	2,	NULL,	'2022-08-11 13:19:41',	'2022-08-11 13:19:41'),
(1299,	8,	124,	8,	'Saat tiba di hotel, mengarahkan jama’ah masuk hotel.',	1,	'Y',	'Y',	2,	NULL,	'2022-08-11 13:20:02',	'2022-08-11 13:20:02'),
(1300,	8,	124,	9,	'Membantu Muthawwif/tim handling hotel dalam pembagian kunci kamar jama’ah.',	2,	'Y',	'Y',	2,	NULL,	'2022-08-11 13:20:26',	'2022-08-11 13:20:26'),
(1301,	8,	124,	10,	'Mengumpulkan seluruh jama’ah di lobby hotel/restoran hotel, atau di tempat yang cukup kondusif dan memberikan pengarahan tentang persiapan pelaksanaan Umrah : waktu dan tempat kumpul, apa saja yang harus di bawa dan tidak boleh di bawa, dan informasi lainnya yang sekiranya perlu disampaikan.',	3,	'Y',	'Y',	2,	NULL,	'2022-08-11 13:20:48',	'2022-08-11 13:20:48'),
(1302,	8,	124,	11,	'Mengkoordinir Muthawif dan tim handling untuk memastikan semua jama’ah mendapatkan kelengkapan dan fasilitas kamar yang sesuai.',	3,	'N',	'Y',	2,	NULL,	'2022-08-11 06:22:33',	'2022-08-11 13:22:33'),
(1303,	8,	124,	13,	'Membuat liputan video pelaksanaan umrah',	3,	'Y',	'Y',	2,	NULL,	'2022-08-11 13:29:54',	'2022-08-11 13:29:54'),
(1307,	8,	125,	1,	'Mengingatkan jamaah melalui komunikasi group : WAG/lainnya tentang persiapan pelaksanaan ibadah umrah : waktu dan tempat kumpul, dan hal-hal lainnya yang perlu disiapkan jamaah.',	3,	'Y',	'Y',	2,	NULL,	'2022-08-11 13:23:28',	'2022-08-11 13:23:28'),
(1308,	8,	125,	2,	'BRIEFING UMRAH TAHAP KE-1 : di lobby hotel/tempat lainnya yang kondusif. Materi briefing meliputi: memastikan seluruh jama’ah sudah punya wudhu, memastikan atribut group dipakai semua jama’ah, mengingatkan hal-hal yang berkaitan dengan larangan dan sunnah selama ber-ihram, menjelaskan secara singkat tahapan ibadah yang akan dilakukan, memberikan motivasi kepada jamaah untuk kekompakkan selama pelaksanaan umrah di Masjidil Haram.',	3,	'Y',	'Y',	2,	NULL,	'2022-08-11 13:24:13',	'2022-08-11 13:24:13'),
(1309,	8,	125,	3,	'Memimpin dan mengarahkan jamaah menuju ke Masjidil Haram',	2,	'Y',	'Y',	2,	NULL,	'2022-08-11 13:24:28',	'2022-08-11 13:24:28'),
(1310,	8,	125,	4,	'BRIEFING UMRAH TAHAP KE-2 : di halaman Masjidil Haram. Materi briefing meliputi: penjelasan singkat keadaan umum disekitar halaman masjidil haram termasuk akses pintu masuk masjidil haram, arah/jalur menuju hotel jamaah, mengingatkan jama’ah tahapan ibadah yang akan dilakukan yaitu membaca doa saat masuk masjid, membaca doa saat melihat ka’bah ketika sudah berada di dalam masjid, dan info lain yang berkaitan disampaikan secara singkat.',	3,	'Y',	'Y',	2,	NULL,	'2022-08-11 13:24:43',	'2022-08-11 13:24:43'),
(1311,	8,	125,	5,	'Memimpin dan mengarahkan jama’ah masuk ke Masjidil Haram.',	2,	'Y',	'Y',	2,	NULL,	'2022-08-11 13:25:00',	'2022-08-11 13:25:00'),
(1312,	8,	125,	6,	'Mengarahkan jama’ah menuju tempat yang kondusif untuk membaca do’a melihat ka’bah.',	1,	'Y',	'Y',	2,	NULL,	'2022-08-11 13:25:12',	'2022-08-11 13:25:12'),
(1313,	8,	125,	7,	'Memberikan kesempatan agak luang tetapi tidak terlalu lama kepada jama’ah untuk secara khusyu membaca do’a melihat ka’bah.',	1,	'Y',	'Y',	2,	NULL,	'2022-08-11 13:25:24',	'2022-08-11 13:25:24'),
(1314,	8,	125,	8,	'BRIEFING UMRAH TAHAP KE-3. diarea thawaf sebelum memulai tahawaf. Mengingatkan kembali secara singkat tata cara ibadah thawaf, menunjukkan letak sudut hajar aswad tempat memulai dan mengakhiri thawaf, sudut ruknul yamani tempat membaca doa “Robbana atina…”, mengingatkan kembali untuk memperbanyak doa dan dzikir saat thawaf, mengakhiri thawaf dengan shalat sunah di Maqam Ibrahim.',	3,	'Y',	'Y',	2,	NULL,	'2022-08-11 13:25:43',	'2022-08-11 13:25:43'),
(1315,	8,	125,	9,	'Mengatur barisan thawaf: yang sepuh2 didepan, muthawif mengontrol dari samping dan belakang.',	2,	'N',	'Y',	2,	NULL,	'2022-08-11 06:30:35',	'2022-08-11 13:30:35'),
(1316,	8,	125,	10,	'Pembimbing memimpin thawaf di baris depan selama pelaksanaan ibadah thawaf.',	3,	'N',	'Y',	2,	NULL,	'2022-08-11 06:30:38',	'2022-08-11 13:30:38'),
(1317,	8,	125,	11,	'Mengingatkan jamaah disetiap putaran : memulai thawaf, do\'a ruknul yamani, dan jumlah putaran.',	1,	'N',	'Y',	2,	NULL,	'2022-08-11 06:31:03',	'2022-08-11 13:31:03'),
(1318,	8,	125,	12,	'Mengarahkan barisan jama’ah saat akan mengakhiri putaran thawaf dan mengarahkan ke tempat (yang kondusif) shalat sunnah maqam Ibrohim.',	3,	'N',	'Y',	2,	NULL,	'2022-08-11 06:31:22',	'2022-08-11 13:31:22'),
(1319,	8,	125,	13,	'BRIEFING UMRAH TAHAP KE-4. di lokasi sekitar maqam ibrahim. Pembimbing melakukan review singkat tentang pelaksanaan thawaf dan mengingatkan kembali pelaksanaan ibadah setelah thawaf dan shalat di maqam Ibrahim adalah : meminum air zamzam dan pelaksanaan ibadah Sa’i.',	3,	'Y',	'Y',	2,	NULL,	'2022-08-11 13:27:19',	'2022-08-11 13:27:19'),
(1320,	8,	125,	14,	'Membimbing dan mengarahkan jama’ah menuju tempat air zamzam untuk melaksanakan sunnah meminum air zamzam.',	1,	'Y',	'Y',	2,	NULL,	'2022-08-11 13:27:46',	'2022-08-11 13:27:46'),
(1321,	8,	125,	15,	'BRIEFING UMRAH TAHAP KE-5. di lokasi sebelum masa\'i. Pembimbing mengingatkan kembali proses pelaksanaan ibadah Sa’i, bacaan memasuki dan saat di Shafa dan Marwah sampai pelaksanaan tahallul.',	3,	'Y',	'Y',	2,	NULL,	'2022-08-11 13:28:00',	'2022-08-11 13:28:00'),
(1322,	8,	125,	16,	'Memimpin dan mengarahkan jama’ah menuju ke tempat sa’I, membaca saat masuk bukit Shafa.',	2,	'Y',	'Y',	2,	NULL,	'2022-08-11 13:28:17',	'2022-08-11 13:28:17'),
(1323,	8,	125,	17,	'Membimbing dan mengarahkan jama’ah saat berdoa di shafa dan marwah.',	3,	'Y',	'Y',	2,	NULL,	'2022-08-11 13:28:33',	'2022-08-11 13:28:33'),
(1324,	8,	125,	18,	'Membimbing jama’ah pria saat lari2 kecil di dua pilar lampu hijau',	3,	'Y',	'Y',	2,	NULL,	'2022-08-11 13:28:46',	'2022-08-11 13:28:46'),
(1325,	8,	125,	19,	'Membimbing dan megarahkan jama’ah saat pelaksanaan tahallul.',	3,	'Y',	'Y',	2,	NULL,	'2022-08-11 13:29:02',	'2022-08-11 13:29:02'),
(1326,	8,	125,	20,	'BRIEFING UMRAH TAHAP KE-6. di lokasi Marwah setelah tahallul. Melakukan review singkat pelaksanaan umrah secara keseluruhan dan memberikan informasi seputar program/agenda berikutnya: thawaf sunnah bersama dan city tour dan atau informasi lainnya yang dirasakan perlu disampaikan kepada jamaah.',	3,	'Y',	'Y',	2,	NULL,	'2022-08-11 13:29:18',	'2022-08-11 13:29:18'),
(1327,	8,	125,	21,	'Mengarahkan jama’ah ke pintu keluar masjidil haram menuju hotel untuk istirahat.',	2,	'Y',	'Y',	2,	NULL,	'2022-08-11 13:34:20',	'2022-08-11 13:34:20'),
(1328,	8,	125,	22,	'Mebuat video liputan pelaksanaan Umrah',	3,	'Y',	'Y',	2,	NULL,	'2022-08-11 13:34:52',	'2022-08-11 13:34:52'),
(1338,	8,	126,	1,	'Berkoordinasi dengan muthowwif dan tim handling untuk pelayanan maksimal kepada jamaah di setiap saat.',	3,	'Y',	'Y',	2,	NULL,	'2022-08-11 13:36:58',	'2022-08-11 13:36:58'),
(1339,	8,	126,	2,	'Memimpin thawaf sunnah bersama setiap hari',	3,	'Y',	'Y',	2,	NULL,	'2022-08-11 13:37:10',	'2022-08-11 13:37:10'),
(1340,	8,	126,	3,	'Segera merespon dan menyelesaikan apabila ditemukan permasalahan di lapangan.',	3,	'Y',	'Y',	2,	NULL,	'2022-08-11 13:37:28',	'2022-08-11 13:37:28'),
(1341,	8,	126,	4,	'Senantiasa menyapa, membuka obrolan, menghimpun informasi di setiap waktu makan di restoran hotel.',	1,	'Y',	'Y',	2,	NULL,	'2022-08-11 13:37:45',	'2022-08-11 13:37:45'),
(1342,	8,	126,	5,	'Memastikan muthowwif selalu stand by di restoran & lobby hotel melayani jamaah.',	1,	'Y',	'Y',	2,	NULL,	'2022-08-11 13:38:03',	'2022-08-11 13:38:03'),
(1343,	8,	126,	6,	'Berkoordinasi sehari sebelumnya dengan tim handling dan muthowwif untuk persiapan check out: Bis, Sopir, konsumsi, atribut, paspor, dll',	3,	'Y',	'Y',	2,	NULL,	'2022-08-11 13:38:28',	'2022-08-11 13:38:28'),
(1344,	8,	126,	7,	'Menginformasikan kepada jamaah berkaitan dengan proses check out hotel, pengumulan koper, kumpul di lobby, dan program berikutnya : perjalanan ke Kota Madinah.',	3,	'Y',	'Y',	2,	NULL,	'2022-08-11 13:38:47',	'2022-08-11 13:38:47'),
(1345,	8,	126,	8,	'Pada hari check out hotel, memastikan : kelengkapan jamaah, koper bagasi, paspor, dll. Pastikan tidak ada yang tertinggal.',	3,	'Y',	'Y',	2,	NULL,	'2022-08-11 13:39:09',	'2022-08-11 13:39:09'),
(1346,	8,	126,	9,	'Melakukan liputan video selama program Mekkah',	3,	'Y',	'Y',	2,	NULL,	'2022-08-11 13:39:36',	'2022-08-11 13:39:36'),
(1347,	8,	126,	10,	'Membagikan kuesioner Mekkah',	3,	'Y',	'Y',	2,	NULL,	'2022-08-11 13:39:53',	'2022-08-11 13:39:53'),
(1353,	8,	127,	1,	'Mengingatkan jamaah untuk pelaksanaan City Tour seputar kota Mekkah melalui komunikasi group : WAG/lainnya.',	3,	'Y',	'Y',	2,	NULL,	'2022-08-11 13:40:46',	'2022-08-11 13:40:46'),
(1354,	8,	127,	2,	'Koordinasi (mengingatkan dan memastikan) paling lambat 1 (satu) hari sebelumnya dengan tim handling dan muthawif tentang kesiapan pelaksanaan City Tour : bis (sopir), atribut, dan konsumsi.',	3,	'Y',	'Y',	2,	NULL,	'2022-08-11 13:41:05',	'2022-08-11 13:41:05'),
(1355,	8,	127,	3,	'Cek kelengkapan jamaah',	1,	'Y',	'Y',	2,	NULL,	'2022-08-11 13:41:24',	'2022-08-11 13:41:24'),
(1356,	8,	127,	4,	'Memastikan kelengkapan atribut dan ketersediaan konsumsi',	1,	'Y',	'Y',	2,	NULL,	'2022-08-11 13:41:37',	'2022-08-11 13:41:37'),
(1357,	8,	127,	5,	'Mengarahkan jama’ah menuju bus yang akan berangkat city tour.',	1,	'Y',	'Y',	2,	NULL,	'2022-08-11 13:41:56',	'2022-08-11 13:41:56'),
(1358,	8,	127,	6,	'Memimpin doa perjalanan',	3,	'Y',	'Y',	2,	NULL,	'2022-08-11 13:42:07',	'2022-08-11 13:42:07'),
(1359,	8,	127,	7,	'Memberikan informasi seputar perjalanan dan tempat-tempat yang dikunjungi saat city tour, baik saat di dalam bis maupun di saat dilokasi yang dikunjungi. Memberikan penjelasan berkaitan dengan tempat-tempat yang dikunjungi dari aspek historis, kondisi kekinian, dan ibrah (pelajaran) yang didapat dengan mengunjungi tempat-tempat yaitu : Jabal Tsur, Arafah, Muzdalifah, Mina, Jabal Nur (Goa Hira), Makbarah Ma\'la, dan Masjid Jin.',	3,	'Y',	'Y',	2,	NULL,	'2022-08-11 13:42:24',	'2022-08-11 13:42:24'),
(1360,	8,	127,	8,	'Memastikan konsumsi sudah dibagikan ke seluruh jama’ah oleh Muthawwif.',	1,	'Y',	'Y',	2,	NULL,	'2022-08-11 13:42:42',	'2022-08-11 13:42:42'),
(1361,	8,	127,	9,	'Memberikan informasi seputar program berikutnya: thawaf sunnah, tour jabbal Nur, ziarah seputar masjidil haram, tawaf wada, dll.',	2,	'Y',	'Y',	2,	NULL,	'2022-08-11 13:42:58',	'2022-08-11 13:42:58'),
(1362,	8,	127,	10,	'Mengarahkan jamaah menuju ke lift hotel (kamar) setibanya di hotel.',	1,	'Y',	'Y',	2,	NULL,	'2022-08-11 13:43:12',	'2022-08-11 13:43:12'),
(1363,	8,	127,	11,	'Membuat Video liputan City Tour Mekkah',	3,	'Y',	'Y',	2,	NULL,	'2022-08-11 13:43:37',	'2022-08-11 13:43:37'),
(1368,	6,	131,	1,	'Memimpin doa perjalanan.',	3,	'Y',	'Y',	2,	NULL,	'2022-11-10 09:37:41',	'2022-11-10 09:37:41'),
(1369,	6,	131,	2,	'Tausyiah (kultum) kesan dan pesan seputar kota Mekkah yang akan ditinggalkan oleh jamaah.',	3,	'Y',	'Y',	2,	NULL,	'2022-11-10 09:38:06',	'2022-11-10 09:38:06'),
(1370,	6,	131,	3,	'Berkoordinasi dengan tim handling Madinah, memastikan : kamar sesuai rooming list, kunci kamar dah ready, dan memastikan kesiapan semua hal sebelum jamaah tiba di hotel Madinah.',	3,	'Y',	'Y',	2,	NULL,	'2022-11-10 09:38:21',	'2022-11-10 09:38:21'),
(1371,	6,	131,	4,	'Memberikan informasi seputar kota Madinah dan sejarah kota Madinah secara singkat begitu memasuki tanah haram kota Madinah.',	3,	'Y',	'Y',	2,	NULL,	'2022-11-10 09:38:38',	'2022-11-10 09:38:38'),
(1372,	6,	131,	5,	'Setibanya di hotel Madinah, mengarahkan jama’ah menuju ke restoran/lobby hotel.',	1,	'Y',	'Y',	2,	NULL,	'2022-11-10 02:39:36',	'2022-11-10 09:39:36'),
(1373,	6,	131,	6,	'Membantu muthawif atau team handling madinah untuk membagikan kunci kamar kepada jama’ah.',	1,	'Y',	'Y',	2,	NULL,	'2022-11-10 09:39:28',	'2022-11-10 09:39:28'),
(1374,	6,	131,	7,	'Cek kembali koper jamaah. Pastikan pendistribusian koper dilakukan secara baik dan maksimal.',	3,	'Y',	'Y',	2,	NULL,	'2022-11-10 09:39:50',	'2022-11-10 09:39:50'),
(1375,	6,	131,	8,	'Membimbing dan mengarahkan jamaah menuju ke Masjid Nabawi pada awal kedatangan',	3,	'Y',	'Y',	2,	NULL,	'2022-11-10 09:40:05',	'2022-11-10 09:40:05'),
(1376,	6,	131,	9,	'Membuat liputan video kedatangan di Kota Madinah.',	3,	'Y',	'Y',	2,	NULL,	'2022-11-10 09:40:19',	'2022-11-10 09:40:19'),
(1377,	6,	132,	1,	'Mengkoordinir muthowwif dan handling untuk memastikan jamaah mendapatkan pelayanan yang baik dan maksimal selama berada di Madinah.',	3,	'Y',	'Y',	2,	NULL,	'2022-11-10 09:40:47',	'2022-11-10 09:40:47'),
(1378,	6,	132,	2,	'Segera merespon dan menyelesaikannya apabila ditemukan permasalahan di lapangan.',	3,	'Y',	'Y',	2,	NULL,	'2022-11-10 09:41:04',	'2022-11-10 09:41:04'),
(1379,	6,	132,	3,	'Senantiasa menyapa, membuka obrolan, menghimpun informasi, disetiap waktu makan di restoran hotel.',	1,	'Y',	'Y',	2,	NULL,	'2022-11-10 02:41:36',	'2022-11-10 09:41:36'),
(1380,	6,	132,	4,	'Memastikan muthowwif selalu stand by di restoran dan lobby hotel melayani jamaah.',	1,	'Y',	'Y',	2,	NULL,	'2022-11-10 09:41:29',	'2022-11-10 09:41:29'),
(1381,	6,	132,	5,	'Menginformasikan kepada jamaah berkaitan dengan proses check out hotel, pengumpulan koper, kumpul di lobby, dan program selanjutnya.',	3,	'Y',	'Y',	2,	NULL,	'2022-11-10 09:41:49',	'2022-11-10 09:41:49'),
(1382,	6,	132,	6,	'Berkoordinasi dengan muthowwif dan muthowwifah untuk pelaksanaan ziarah Raudah dan makam Rasulullah Saw.',	3,	'N',	'Y',	2,	NULL,	'2022-11-10 02:44:31',	'2022-11-10 09:44:31'),
(1383,	6,	132,	7,	'Membimbing dan mengarahkan jamaah saat ziarah Raudah dan makam Rasulullah Saw.',	3,	'Y',	'Y',	2,	NULL,	'2022-11-10 09:42:15',	'2022-11-10 09:42:15'),
(1384,	6,	132,	8,	'Cek kesiapan perlengkapan ziarah, bus, sopir, konsumsi untuk pelaksanaan ziarah kota Madinah.',	3,	'Y',	'Y',	2,	NULL,	'2022-11-10 09:42:26',	'2022-11-10 09:42:26'),
(1385,	6,	132,	9,	'Memberikan informasi program/acara berikutnya terutama seputar persiapan kepulangan: proses check out, penimbangan koper bagasi, batasan bagasi yang diperbolehkan, dan apa-apa saja yang dilarang masuk bagasi saat kepulangan.',	3,	'Y',	'Y',	2,	NULL,	'2022-11-10 09:42:39',	'2022-11-10 09:42:39'),
(1386,	6,	132,	10,	'Mengisi ta\'lim (di resto hotel /halaman Nabawi).',	3,	'Y',	'Y',	2,	NULL,	'2022-11-10 09:42:51',	'2022-11-10 09:42:51'),
(1387,	6,	133,	1,	'Mengingatkan jamaah untuk pelaksanaan City Tour seputar Kota Madinah melalui komunikasi group : WAG/lainnya.',	3,	'Y',	'Y',	2,	NULL,	'2022-11-10 09:43:57',	'2022-11-10 09:43:57'),
(1388,	6,	133,	2,	'Koordinasi (mengingatkan dan memastikan) paling lambat 1 (satu) hari sebelumnya dengan tim handling dan muthawif tentang kesiapan pelaksanaan City Tour : bis (sopir), atribut, dan konsumsi.',	3,	'Y',	'Y',	2,	NULL,	'2022-11-10 09:44:14',	'2022-11-10 09:44:14'),
(1389,	6,	133,	3,	'Cek kelengkapan jamaah',	1,	'N',	'Y',	2,	NULL,	'2022-11-10 02:45:25',	'2022-11-10 09:45:25'),
(1390,	6,	133,	4,	'Memastikan kelengkapan atribut dan ketersediaan konsumsi',	1,	'Y',	'Y',	2,	NULL,	'2022-11-10 02:45:59',	'2022-11-10 09:45:59'),
(1391,	6,	133,	5,	'Mengarahkan jama’ah menuju bus yang akan berangkat city tour.',	1,	'Y',	'Y',	2,	NULL,	'2022-11-10 09:45:52',	'2022-11-10 09:45:52'),
(1392,	6,	133,	6,	'Memimpin doa perjalanan',	3,	'Y',	'Y',	2,	NULL,	'2022-11-10 09:46:14',	'2022-11-10 09:46:14'),
(1393,	6,	133,	7,	'Memberikan informasi seputar perjalanan dan tempat-tempat yang dikunjungi saat city tour, baik saat di dalam bis maupun saat dilokasi yang dikunjungi. Memberikan penjelasan berkaitan dengan tempat-tempat yang dikunjungi dari aspek historis, kondisi kekinian, dan ibrah (pelajaran) yang bisa didapat dengan mengunjungi tempat-tempat yaitu : Maqbarah Baqi\', Masjid Quba, kebun kurma, Syuhada Uhud, Masjid Qiblatain, dan Masjid Khandaq,.',	3,	'Y',	'Y',	2,	NULL,	'2022-11-10 09:46:53',	'2022-11-10 09:46:53'),
(1394,	6,	133,	8,	'Memastikan konsumsi sudah dibagikan ke seluruh jama’ah oleh Muthawwif.',	1,	'Y',	'Y',	2,	NULL,	'2022-11-10 02:47:59',	'2022-11-10 09:47:59'),
(1395,	6,	133,	9,	'Memberikan informasi seputar program berikutnya: Raudhah, ziarah seputar masjid nabawi, tausyiah, dll.',	2,	'Y',	'Y',	2,	NULL,	'2022-11-10 02:48:04',	'2022-11-10 09:48:04'),
(1396,	6,	133,	10,	'Mengarahkan jamaah menuju ke lift hotel (kamar) setibanya di hotel.',	1,	'Y',	'Y',	2,	NULL,	'2022-11-10 09:47:42',	'2022-11-10 09:47:42'),
(1397,	6,	134,	1,	'Memberikan informasi program/acara berikutnya terutama seputar kesiapan check out dan kepulangan.',	3,	'Y',	'Y',	2,	NULL,	'2022-11-10 09:48:46',	'2022-11-10 09:48:46'),
(1398,	6,	134,	2,	'Berkoordinasi sehari sebelumnya dengan muthawwif dan team handling tentang kesiapan bus, sopir, muasasah, dan handling airport.',	3,	'N',	'Y',	2,	NULL,	'2022-11-10 02:49:06',	'2022-11-10 09:49:06'),
(1399,	6,	134,	3,	'Membagikan kuisioner Madinah.',	3,	'Y',	'Y',	2,	NULL,	'2022-11-10 09:53:11',	'2022-11-10 09:53:11'),
(1400,	6,	134,	4,	'Memastikan seluruh koper terangkut ke dalam bus kepulangan.',	3,	'Y',	'Y',	2,	NULL,	'2022-11-10 03:00:45',	'2022-11-10 10:00:45'),
(1401,	6,	134,	5,	'Memastikan kelengkapan jama’ah sebelum berangkat meninggalkan kota Madinah.',	3,	'N',	'Y',	2,	NULL,	'2022-11-10 03:00:48',	'2022-11-10 10:00:48'),
(1402,	6,	134,	6,	'Memimpin do’a perjalanan.',	3,	'Y',	'Y',	2,	NULL,	'2022-11-10 10:01:00',	'2022-11-10 10:01:00'),
(1403,	6,	134,	7,	'Tausyiah 5-10 menit saat meninggalkan kota Madinah. Seputar: keutamaan Kota Haram Madinah, mengingatkan jama’ah untuk senantiasa bersyukur dan berdoa supaya diberikan kesempatan oleh Allah kembali ke Kota Madinah.',	3,	'Y',	'Y',	2,	NULL,	'2022-11-10 10:01:13',	'2022-11-10 10:01:13'),
(1404,	6,	134,	8,	'Memastikan konsumsi dibagikan ke seluruh jama’ah oleh Muthawwif.',	1,	'N',	'Y',	2,	NULL,	'2022-11-10 03:01:33',	'2022-11-10 10:01:33'),
(1405,	6,	134,	9,	'Koordinasi dengan team handling Bandara kepulangan, memastikan kesiapan proses check in Bandara.',	3,	'N',	'Y',	2,	NULL,	'2022-11-10 03:01:51',	'2022-11-10 10:01:51'),
(1406,	6,	134,	10,	'Berkoordinasi dengan muthawwif dan team handling Bandara apabila ditemukan kendala/masalah.',	3,	'Y',	'Y',	2,	NULL,	'2022-11-10 10:02:06',	'2022-11-10 10:02:06'),
(1407,	6,	134,	11,	'Berkoordinasi dengan team bandara seputar waktu boarding, dan kesiapan kepulangan secara keseluruhan.',	3,	'Y',	'Y',	2,	NULL,	'2022-11-10 10:02:45',	'2022-11-10 10:02:45'),
(1408,	6,	134,	12,	'Memimpin dan mengarahkan jamaah saat kepulangan di bandara.',	3,	'N',	'Y',	2,	NULL,	'2022-11-10 03:03:10',	'2022-11-10 10:03:10'),
(1409,	6,	134,	13,	'Memastikan jumlah bagasi dan air zamzam dengan menerima tag bagasi keseluruhan.',	3,	'Y',	'Y',	2,	NULL,	'2022-11-10 10:03:21',	'2022-11-10 10:03:21'),
(1410,	6,	134,	14,	'Cek kondisi jamaah selama menunggu penerbangan dan dalam penerbangan menuju Jakarta',	1,	'N',	'Y',	2,	NULL,	'2022-11-10 03:03:53',	'2022-11-10 10:03:53'),
(1411,	6,	134,	15,	'Mengingatkan waktu shalat di dalam pesawat',	2,	'N',	'Y',	2,	NULL,	'2022-11-10 03:04:03',	'2022-11-10 10:04:03'),
(1412,	6,	135,	1,	'Menyapa, berkomunikasi seperlunya selama dalam penerbangan',	1,	'N',	'Y',	2,	NULL,	'2022-11-10 03:20:11',	'2022-11-10 10:20:11'),
(1413,	6,	135,	2,	'Memberikan pengarahan dan mengingatkan waktu sholat di pesawat.',	2,	'N',	'Y',	2,	NULL,	'2022-11-10 03:20:15',	'2022-11-10 10:20:15'),
(1414,	6,	135,	3,	'Mengingatkan jamaah untuk cek kelengkapan dokumen jamaah sebelum pesawat landing (terutama paspor )',	3,	'N',	'Y',	2,	NULL,	'2022-11-10 03:20:18',	'2022-11-10 10:20:18'),
(1415,	6,	136,	1,	'Berkoordinasi dengan tim handling kepulangan saat pesawat mendarat di bandara Soetta',	3,	'N',	'Y',	2,	NULL,	'2022-11-10 03:23:02',	'2022-11-10 10:23:02'),
(1416,	6,	136,	2,	'Memastikan kembali kepada jamaah untuk membawa koper bagasinya masing-masing.',	3,	'Y',	'Y',	2,	NULL,	'2022-11-10 10:23:12',	'2022-11-10 10:23:12'),
(1417,	6,	136,	3,	'Koordinasi dengan tim ground handling untuk pengkondisian jamaah saat pengambilan koper bagasi di comveyor belt.',	3,	'Y',	'Y',	2,	NULL,	'2022-11-10 10:23:28',	'2022-11-10 10:23:28'),
(1418,	6,	136,	4,	'Memastikan semua jamaah telah mendapatkan bagasinya secara lengkap dan utuh.',	1,	'Y',	'Y',	2,	NULL,	'2022-11-10 10:23:39',	'2022-11-10 10:23:39'),
(1419,	6,	136,	5,	'Memastikan kelengkapan seluruh koper jama’ah, air zam-zam sebelum meninggalkan bandara soetta.',	2,	'Y',	'Y',	2,	NULL,	'2022-11-10 10:23:49',	'2022-11-10 10:23:49'),
(1420,	6,	136,	6,	'Cek kesiapan truck & Bus untuk kepulangan.',	1,	'N',	'Y',	2,	NULL,	'2022-11-10 03:24:08',	'2022-11-10 10:24:08'),
(1421,	6,	136,	7,	'Mengarahkan jamaah menuju titik kumpul kepulangan.',	1,	'Y',	'Y',	2,	NULL,	'2022-11-10 10:24:18',	'2022-11-10 10:24:18'),
(1422,	6,	136,	8,	'Memberikan sambutan penutup saat bus berjalan keluar Bandara Soetta yang berisi ucapan terima kasih dan permohonan maaf kepada seluruh Jamaah.',	3,	'Y',	'Y',	2,	NULL,	'2022-11-10 10:24:27',	'2022-11-10 10:24:27'),
(1423,	6,	136,	9,	'Membuat video liputan ketibaan.',	3,	'Y',	'Y',	2,	NULL,	'2022-11-10 10:24:59',	'2022-11-10 10:24:59'),
(1424,	6,	137,	1,	'Mengarahkan jamaah keluar pintu pesawat menuju gate keberangkatan berikutnya.',	3,	'Y',	'Y',	2,	NULL,	'2022-11-10 10:39:05',	'2022-11-10 10:39:05'),
(1425,	6,	137,	2,	'Melakukan briefing kepada seluruh jamaah untuk mengingatkan untuk menyiapkan doikumen (paspor dan boarding pass) dan memberikan arahan agenda dan program selama menunggu di bandara transit.',	3,	'Y',	'Y',	2,	NULL,	'2022-11-10 10:39:29',	'2022-11-10 10:39:29'),
(1426,	6,	137,	3,	'Mengecek gate penerbangan berikutnya di papan informasi (display) bandara.',	3,	'Y',	'Y',	2,	NULL,	'2022-11-10 10:39:44',	'2022-11-10 10:39:44'),
(1427,	6,	137,	4,	'Menentukan ruang tunggu tempat berkumpul jamaah menunggu waktu boarding penerbangan berikutnya.',	3,	'Y',	'Y',	2,	NULL,	'2022-11-10 10:39:59',	'2022-11-10 10:39:59'),
(1428,	6,	137,	5,	'Mengingatkan kembali ke semua jamaah waktu boarding penerbangan berikutnya baik langsung maupun melalui WAG/lainnya. Pastikan semua jamaah mengetahui jam kumpul untuk boarding.',	3,	'Y',	'Y',	2,	NULL,	'2022-11-10 10:40:11',	'2022-11-10 10:40:11'),
(1429,	6,	137,	6,	'Cek kelengkapan jamaah saat waktu boarding tiba. Pastikan semua jamaah tidak ada yang tertinggal.',	3,	'Y',	'Y',	2,	NULL,	'2022-11-10 10:40:23',	'2022-11-10 10:40:23'),
(1430,	6,	137,	7,	'Setelah di dalam pesawat cek keadaan jamaah dan apabila diperlukan membantu posisi duduk dan manyimpan tas cabin.',	3,	'N',	'Y',	2,	NULL,	'2022-11-10 03:40:42',	'2022-11-10 10:40:42'),
(1431,	6,	137,	8,	'Membuat video liputan selama di bandara transit.',	3,	'Y',	'Y',	2,	NULL,	'2022-11-10 10:40:54',	'2022-11-10 10:40:54'),
(1432,	6,	138,	1,	'Menyapa, berkomunikasi seperlunya selama dalam penerbangan.',	1,	'N',	'Y',	2,	NULL,	'2022-11-10 03:42:46',	'2022-11-10 10:42:46'),
(1433,	6,	138,	2,	'Memberikan pengarahan dan mengingatkan waktu sholat di pesawat.',	2,	'N',	'Y',	2,	NULL,	'2022-11-10 03:42:49',	'2022-11-10 10:42:49'),
(1434,	6,	138,	3,	'Mengingatkan jamaah untuk cek kelengkapan dokumen jamaah sebelum pesawat landing (terutama paspor).',	3,	'N',	'Y',	2,	NULL,	'2022-11-10 03:43:05',	'2022-11-10 10:43:05');

DELIMITER ;;

CREATE TRIGGER `update_tugas_pembimbing_by_master_tugas` BEFORE UPDATE ON `master_tugas` FOR EACH ROW
update detail_aktivitas_umrah set nama_tugas = new.nama, require_image = new.require_image,
nilai_point = new.nilai_point 
where master_tugas_id = new.id;;

DELIMITER ;

DROP TABLE IF EXISTS `master_tugas_petugas`;
CREATE TABLE `master_tugas_petugas` (
  `id` int NOT NULL AUTO_INCREMENT,
  `master_sop_petugas_id` int DEFAULT NULL,
  `master_judul_tugas_id` int DEFAULT NULL,
  `nomor` int DEFAULT NULL,
  `nama` longtext NOT NULL,
  `nilai_point` int DEFAULT '0',
  `require_image` enum('Y','N') CHARACTER SET utf8mb4 COLLATE utf8mb4_0900_ai_ci DEFAULT 'N',
  `require_doc` enum('Y','N') CHARACTER SET utf8mb4 COLLATE utf8mb4_0900_ai_ci DEFAULT 'N',
  `create_by` int DEFAULT NULL,
  `updated_by` int DEFAULT NULL,
  `created_at` timestamp NOT NULL DEFAULT CURRENT_TIMESTAMP ON UPDATE CURRENT_TIMESTAMP,
  `updated_at` timestamp NOT NULL DEFAULT CURRENT_TIMESTAMP,
  PRIMARY KEY (`id`)
) ENGINE=InnoDB AUTO_INCREMENT=28 DEFAULT CHARSET=utf8mb4 COLLATE=utf8mb4_0900_ai_ci;

INSERT INTO `master_tugas_petugas` (`id`, `master_sop_petugas_id`, `master_judul_tugas_id`, `nomor`, `nama`, `nilai_point`, `require_image`, `require_doc`, `create_by`, `updated_by`, `created_at`, `updated_at`) VALUES
(5,	1,	1,	1,	'Tim Handling Melakukan Konfirmasi Supir Bus dan Supir Mobil Box',	0,	'N',	'Y',	2,	NULL,	'2022-10-11 08:31:47',	'2022-10-06 03:48:50'),
(6,	1,	1,	2,	'Tim Handling Melakukan Konfirmasi Kesiapan Hotel Transit (Ruang Pertemuan & Tempat Makan > 70 Pax Di Resto)',	0,	'N',	'Y',	2,	NULL,	'2022-10-11 08:31:47',	'2022-10-06 03:48:54'),
(7,	1,	1,	3,	'Tim Handling Melakukan Konfirmasi Tim Handling Bandara (45 Pax 2 Orang, Lebih dari 45 Pax 4 Orang)',	0,	'N',	'Y',	2,	NULL,	'2022-10-11 08:31:47',	'2022-10-06 03:48:56'),
(8,	1,	1,	4,	'Tim Handling Melakukan Konfirmasi Jadwal Pengiriman Snack Box',	0,	'N',	'Y',	2,	NULL,	'2022-10-11 08:31:47',	'2022-10-06 03:49:00'),
(9,	1,	1,	5,	'Tim Handling Melakukan Konfirmasi Jadwal Stand By Mobil Box dan Bus',	0,	'N',	'N',	2,	NULL,	'2022-10-11 08:31:47',	'2022-10-06 03:48:46'),
(10,	1,	1,	6,	'Tim Handling Melakukan Konfirmasi Jadwal Jam Stand By dan Jam Keberangkatan Panitia Handling Keberangkatan',	0,	'N',	'N',	2,	NULL,	'2022-10-11 08:31:47',	'2022-10-06 03:49:11'),
(11,	1,	1,	7,	'Tim Handling Menyiapkan Perlengkapan Jamaah (PIN dan ID Card)',	0,	'N',	'N',	2,	NULL,	'2022-10-11 08:31:47',	'2022-10-06 03:49:19'),
(12,	1,	1,	8,	'Tim Handling Melakukan Proses Registrasi Jamaah',	0,	'N',	'N',	2,	NULL,	'2022-10-11 08:31:47',	'2022-10-06 03:49:26'),
(13,	1,	1,	9,	'Tim Handling Melakukan Dokumentasi Keberangkatan',	0,	'N',	'N',	2,	NULL,	'2022-10-11 08:31:47',	'2022-10-06 03:49:34'),
(14,	1,	1,	10,	'Tim Handling Melakukan Laporan Perjalanan Keberangkatan',	0,	'N',	'N',	2,	NULL,	'2022-10-11 08:31:47',	'2022-10-06 03:49:44'),
(15,	1,	1,	11,	'Tim Handling Melakukan Proses Check In Paspor dan Koper Jamaah',	0,	'N',	'N',	2,	NULL,	'2022-10-11 08:31:47',	'2022-10-06 03:49:53'),
(16,	1,	1,	12,	'Tim Handling Melakukan Konfirmasi Total Barang Bawaan Jamaah',	0,	'N',	'N',	2,	NULL,	'2022-10-11 08:31:47',	'2022-10-06 03:49:59'),
(17,	1,	1,	13,	'Tim Handling Mengarahkan Jamaah Menuju Bandara',	0,	'N',	'N',	2,	NULL,	'2022-10-11 08:31:47',	'2022-10-06 03:50:06'),
(18,	1,	2,	1,	'Tim Handling Melakukan Konfirmasi Supir Bus dan Supir Mobil Box',	0,	'N',	'N',	2,	NULL,	'2022-10-11 08:31:47',	'2022-10-06 03:50:21'),
(19,	1,	2,	2,	'Tim Handling Melakukan Konfirmasi Jadwal Jam Stand By dan Jam Keberangkatan Panitia Handling Kepulangan',	0,	'N',	'N',	2,	NULL,	'2022-10-11 08:31:47',	'2022-10-06 03:50:29'),
(20,	1,	2,	3,	'Tim Handling Melakukan Konfirmasi Jadwal Pengiriman Konsumsi Kepulangan',	0,	'N',	'N',	2,	NULL,	'2022-10-11 08:31:47',	'2022-10-06 03:50:35'),
(21,	1,	2,	4,	'Tim Handling Melakukan Konfirmasi Tim Handling Bandara (45 Pax 2 Orang, Lebih dari 45 Pax 4 Orang)',	0,	'N',	'N',	2,	NULL,	'2022-10-11 08:31:47',	'2022-10-06 03:50:42'),
(22,	1,	2,	5,	'Tim Handling Melakukan Penentuan Tempat Jamaah Berkumpul',	0,	'N',	'N',	2,	NULL,	'2022-10-11 08:31:47',	'2022-10-06 03:50:50'),
(23,	1,	2,	6,	'Tim Handling Melakukan Persiapan Penyambutan Jamaah',	0,	'N',	'N',	2,	NULL,	'2022-10-11 08:31:47',	'2022-10-06 03:50:56'),
(24,	1,	2,	7,	'Tim Handling Melakukan Proses Penghitungan Barang Bawaan Sesuai Dengan Laporan Handling Saudi',	0,	'N',	'N',	2,	NULL,	'2022-10-11 08:31:47',	'2022-10-06 03:51:06'),
(25,	1,	2,	8,	'Tim Handling Melakukan Dokumentasi Kepulangan',	0,	'N',	'N',	2,	NULL,	'2022-10-11 08:31:47',	'2022-10-06 03:51:14'),
(26,	1,	2,	9,	'Tim Handling Mengarahkan Jamaah Untuk Naik Ke Bus Jika Proses Penghitungan Barang Bawaan Sudah Sesuai',	0,	'N',	'N',	2,	NULL,	'2022-10-11 08:31:47',	'2022-10-06 03:51:21'),
(27,	1,	2,	10,	'Tim Handling Melakukan Laporan Perjalanan Kepulangan',	0,	'N',	'N',	2,	NULL,	'2022-10-11 08:31:47',	'2022-10-06 03:51:27');

DROP TABLE IF EXISTS `migrations`;
CREATE TABLE `migrations` (
  `id` int unsigned NOT NULL AUTO_INCREMENT,
  `migration` varchar(255) CHARACTER SET utf8mb4 COLLATE utf8mb4_unicode_ci NOT NULL,
  `batch` int NOT NULL,
  PRIMARY KEY (`id`)
) ENGINE=InnoDB AUTO_INCREMENT=6 DEFAULT CHARSET=utf8mb4 COLLATE=utf8mb4_unicode_ci;


DROP TABLE IF EXISTS `panduan`;
CREATE TABLE `panduan` (
  `id` bigint unsigned NOT NULL AUTO_INCREMENT,
  `judul` varchar(255) CHARACTER SET utf8mb4 COLLATE utf8mb4_unicode_ci NOT NULL,
  `slug` varchar(255) CHARACTER SET utf8mb4 COLLATE utf8mb4_unicode_ci NOT NULL,
  `desc` longtext CHARACTER SET utf8mb4 COLLATE utf8mb4_unicode_ci NOT NULL,
  `created_at` timestamp NULL DEFAULT NULL,
  `updated_at` timestamp NULL DEFAULT NULL,
  PRIMARY KEY (`id`)
) ENGINE=InnoDB AUTO_INCREMENT=5 DEFAULT CHARSET=utf8mb4 COLLATE=utf8mb4_unicode_ci;


DROP TABLE IF EXISTS `password_resets`;
CREATE TABLE `password_resets` (
  `email` varchar(255) CHARACTER SET utf8mb4 COLLATE utf8mb4_unicode_ci NOT NULL,
  `token` varchar(255) CHARACTER SET utf8mb4 COLLATE utf8mb4_unicode_ci NOT NULL,
  `created_at` timestamp NULL DEFAULT NULL,
  KEY `password_resets_email_index` (`email`)
) ENGINE=InnoDB DEFAULT CHARSET=utf8mb4 COLLATE=utf8mb4_unicode_ci;


DROP TABLE IF EXISTS `pembimbing`;
CREATE TABLE `pembimbing` (
  `id` int NOT NULL AUTO_INCREMENT,
  `user_id` bigint DEFAULT NULL,
  `nama` varchar(100) NOT NULL,
  `expired_passport` date DEFAULT NULL,
  `create_by` int DEFAULT NULL,
  `isdelete` int DEFAULT '0',
  `updated_by` int DEFAULT NULL,
  `created_at` timestamp NOT NULL DEFAULT CURRENT_TIMESTAMP ON UPDATE CURRENT_TIMESTAMP,
  `updated_at` timestamp NOT NULL DEFAULT CURRENT_TIMESTAMP,
  PRIMARY KEY (`id`)
) ENGINE=InnoDB AUTO_INCREMENT=20 DEFAULT CHARSET=utf8mb4 COLLATE=utf8mb4_0900_ai_ci;

INSERT INTO `pembimbing` (`id`, `user_id`, `nama`, `expired_passport`, `create_by`, `isdelete`, `updated_by`, `created_at`, `updated_at`) VALUES
(1,	16,	'Yogi Prabudhi Sugiar',	'2020-06-20',	NULL,	0,	NULL,	'2022-06-27 06:43:18',	'2022-06-27 17:43:18'),
(5,	20,	'Aam Amiruddin Nurdin',	'2027-06-20',	2,	0,	NULL,	'2022-06-27 06:43:30',	'2022-06-27 17:43:30'),
(6,	21,	'Priyatna Muhlis Nurdin',	'2022-06-27',	2,	0,	NULL,	'2022-06-27 17:44:06',	'2022-06-27 17:44:06'),
(7,	22,	'Ihsan Kamil Komarudin',	'2022-06-27',	2,	0,	NULL,	'2022-06-27 17:44:26',	'2022-06-27 17:44:26'),
(8,	23,	'Dudi Nasrudin',	'2022-06-27',	2,	0,	NULL,	'2022-06-27 17:44:50',	'2022-06-27 17:44:50'),
(9,	24,	'Dadang Khaerudin',	'2022-06-27',	2,	0,	NULL,	'2022-06-27 17:45:06',	'2022-06-27 17:45:06'),
(11,	26,	'Didik Suryadi',	'2022-06-27',	2,	0,	NULL,	'2022-06-27 17:45:41',	'2022-06-27 17:45:41'),
(13,	28,	'Irfan Abdurrahman',	'2022-08-15',	2,	0,	NULL,	'2022-08-15 08:55:18',	'2022-08-15 08:55:18'),
(14,	29,	'Wahyu Gunawan',	'2022-08-15',	2,	0,	NULL,	'2022-08-15 03:07:13',	'2022-08-15 10:07:13'),
(15,	30,	'Kamaludin',	'2022-08-15',	2,	0,	NULL,	'2022-08-15 08:56:40',	'2022-08-15 08:56:40'),
(16,	31,	'Ismail Nugroho',	'2022-08-15',	2,	0,	NULL,	'2022-08-15 08:57:19',	'2022-08-15 08:57:19'),
(19,	36,	'Yusuf Sofian',	'2022-12-11',	2,	0,	NULL,	'2022-12-11 17:32:21',	'2022-12-11 17:32:21');

DROP TABLE IF EXISTS `pertanyaan_kuisioner`;
CREATE TABLE `pertanyaan_kuisioner` (
  `id` int NOT NULL AUTO_INCREMENT,
  `kategori_id` int DEFAULT NULL,
  `kuisioner_id` int DEFAULT NULL,
  `nomor` int DEFAULT NULL,
  `isi` varchar(200) DEFAULT NULL,
  `required` varchar(1) DEFAULT 'N',
  `created_at` timestamp NOT NULL DEFAULT CURRENT_TIMESTAMP ON UPDATE CURRENT_TIMESTAMP,
  `updated_at` timestamp NULL DEFAULT CURRENT_TIMESTAMP,
  PRIMARY KEY (`id`),
  KEY `kuisioner_id` (`kuisioner_id`),
  CONSTRAINT `pertanyaan_kuisioner_ibfk_2` FOREIGN KEY (`kuisioner_id`) REFERENCES `kuisioner` (`id`) ON DELETE CASCADE ON UPDATE CASCADE
) ENGINE=InnoDB AUTO_INCREMENT=121 DEFAULT CHARSET=utf8mb4 COLLATE=utf8mb4_0900_ai_ci;

INSERT INTO `pertanyaan_kuisioner` (`id`, `kategori_id`, `kuisioner_id`, `nomor`, `isi`, `required`, `created_at`, `updated_at`) VALUES
(3,	9,	1,	1,	'Bagaimana peranan Pembimbing Ibadah saat perjalanan hingga tiba di kota Madinah ?',	'Y',	'2023-02-04 04:15:15',	'2022-08-07 11:05:13'),
(4,	10,	1,	3,	'Bagaimana peranan Muthowwif/Guide dalam perjalanan hingga tiba di kota Madinah ?',	'Y',	'2023-02-04 04:21:53',	'2022-08-07 13:48:56'),
(5,	19,	1,	4,	'Bagaimana kondisi bis yang anda tumpangi dalam perjalanan menuju Madinah ?',	'Y',	'2023-02-04 04:21:55',	'2022-08-07 13:49:23'),
(6,	11,	1,	5,	'Bagaimana peranan team handling saat pengaturan kamar, pembagian kunci dan distribusi koper begitu tiba di Hotel Madinah ?',	'Y',	'2023-02-04 04:21:59',	'2022-08-07 13:49:30'),
(7,	16,	1,	6,	'Bagaimana kondisi hotel selama menginap di kota Madinah ?',	'Y',	'2023-02-04 04:21:59',	'2022-08-07 13:49:35'),
(8,	18,	1,	7,	'Bagaimana menu makanan yang disajikan di Hotel Madinah ?',	'Y',	'2023-02-04 04:21:59',	'2022-08-07 13:49:41'),
(9,	11,	1,	8,	'Bagaimana respon dan penanganan masalah dari Tim Percik selama berada di kota Madinah ?',	'Y',	'2023-02-04 04:21:59',	'2022-08-07 13:49:48'),
(10,	19,	1,	9,	'Bagaimana kondisi bus yang anda tumpangi selama program di Madinah ?',	'Y',	'2023-02-04 04:22:00',	'2022-08-07 13:49:53'),
(11,	9,	1,	10,	'Bagaimana peranan Pembimbing Ibadah selama berada di kota Madinah ?',	'Y',	'2023-02-04 04:22:00',	'2022-08-07 13:49:59'),
(13,	22,	1,	14,	'Apakah keinginan dan harapan anda selama berada di Madinah sudah terpenuhi ?',	'Y',	'2023-02-04 04:22:00',	'2022-08-07 14:02:42'),
(14,	10,	1,	13,	'Bagaimana peranan Muthawwif Perempuan saat mengarahkan jamaah menuju ke Raudah ? (Khusus dijawab oleh jama’ah perempuan) ?',	'Y',	'2023-02-04 04:22:00',	'2022-08-07 14:02:33'),
(15,	NULL,	1,	NULL,	'Silahkan tulis di bawah ini apabila ada saran/ide/kritik yang positif:',	'N',	'2022-05-11 07:28:33',	'2022-05-11 07:28:33'),
(16,	NULL,	1,	NULL,	'Saya Merekomendasikan Saudara/Teman/Relasi saya di bawah ini untuk Umrah bersama Percikan Iman (tuliskan nama dan nomor telpon yang direkomendasikan) :',	'N',	'2022-05-11 07:28:34',	'2022-05-11 07:28:34'),
(48,	14,	5,	1,	'Bagaimana pelayanan karyawan Percik Tours kepada anda sejak pendaftaran hingga keberangkatan ?',	'Y',	'2023-02-04 04:26:02',	'2022-05-19 03:04:30'),
(49,	11,	5,	2,	'Bagaimana pelayanan panitia dan handling keberangkatan dari Bandung hingga di Bandara Soekarno Hatta Jakarta?',	'Y',	'2023-02-04 04:26:02',	'2022-05-19 03:05:13'),
(50,	20,	5,	3,	'Bagaimana kondisi Pesawat yang anda tumpangi saat perjalanan Jakarta-Jeddah ?',	'Y',	'2023-02-04 04:26:03',	'2022-05-19 03:05:46'),
(51,	9,	5,	4,	'Bagaimana peranan Pembimbing Ibadah dalam perjalanan hingga tiba di kota Makkah?',	'Y',	'2023-02-04 04:26:03',	'2022-08-07 13:55:58'),
(52,	11,	5,	6,	'Bagaimana peranan team handling Saudi saat pengaturan kamar, pembagian kunci dan distribusi koper begitu tiba di Hotel Makkah?',	'Y',	'2023-02-04 04:26:03',	'2022-08-07 13:56:06'),
(53,	19,	5,	7,	'Bagaimana kondisi bus yang anda tumpangi selama di kota Mekkah?',	'Y',	'2023-02-04 04:26:03',	'2022-08-07 13:56:11'),
(54,	21,	5,	8,	'Apakah perjalanan program sampai saat ini sudah sesuai dengan yang disampaikan saat manasik?',	'Y',	'2023-02-04 04:26:04',	'2022-08-07 13:56:17'),
(55,	15,	5,	9,	'Bagaimana kondisi hotel kota Mekkah ?',	'Y',	'2023-02-04 04:26:04',	'2022-08-07 13:56:24'),
(56,	17,	5,	10,	'Bagaimana menu makanan di hotel Makkah ?',	'Y',	'2023-02-04 04:26:04',	'2022-08-07 13:56:38'),
(57,	12,	5,	11,	'Pendapat anda tentang respon dan penanganan masalah oleh team PERCIK selama di kota Mekkah?',	'Y',	'2023-02-04 04:26:04',	'2022-08-07 13:56:45'),
(58,	9,	5,	12,	'Bagaimana peranan Pembimbing Ibadah selama berada di kota Mekkah?',	'Y',	'2023-02-04 04:26:04',	'2022-08-07 13:56:53'),
(59,	10,	5,	14,	'Bagaimana peranan Muthawwif/Guide lokal selama berada di Makkah?',	'Y',	'2023-02-04 04:26:05',	'2022-08-07 13:57:11'),
(60,	9,	5,	15,	'Apakah Pembimbing Ibadah benar-benar telah membimbing dan mengarahkan anda saat pelaksanaan Ibadah Umrah (saat ihlal ihram, thawaf, sa’i, & tahallul?',	'Y',	'2023-02-04 04:26:05',	'2022-08-07 13:57:20'),
(61,	22,	5,	16,	'Sejauh ini apakah keinginan dan harapan anda selama berada di kota Makkah sudah terpenuhi?',	'Y',	'2023-02-04 04:26:05',	'2022-08-07 13:59:06'),
(64,	NULL,	5,	NULL,	'Silahkan tulis di bawah ini apabila ada saran/ide/kritik yang positif:',	'N',	'2022-05-19 05:03:35',	'2022-05-19 05:03:35'),
(65,	23,	1,	2,	'Bagaimana peranan Asisten Pembimbing (jika ada) saat perjalanan hingga tiba di kota Madinah ?',	NULL,	'2023-02-04 04:22:00',	'2022-08-07 13:49:08'),
(66,	NULL,	5,	5,	'Bagaimana peranan Asisten Pembimbing (jika ada) dalam perjalanan hingga tiba di kota Makkah?',	NULL,	'2022-08-07 06:55:34',	'2022-08-07 13:55:34'),
(67,	23,	5,	13,	'Bagaimana peranan Asisten Pembimbing (jika ada) selama berada di kota Mekkah?',	NULL,	'2023-02-04 04:26:05',	'2022-08-07 13:58:45'),
(68,	23,	1,	11,	'Bagaimana peranan Asisten Pembimbing (jika ada) selama berada di kota Madinah?',	NULL,	'2023-02-04 04:22:01',	'2022-08-07 14:00:46'),
(69,	10,	1,	12,	'Bagaimana peranan Muthowwif/guide selama berada di kota Madinah?',	'Y',	'2023-02-04 04:22:01',	'2022-08-07 14:01:41'),
(104,	14,	8,	1,	'Bagaimana pelayanan karyawan Percik Tours kepada anda sejak pendaftaran hingga keberangkatan ?',	'Y',	'2023-02-04 04:28:26',	'2022-11-15 13:42:10'),
(105,	11,	8,	2,	'Bagaimana pelayanan panitia dan handling keberangkatan dari Bandung hingga di Bandara Soekarno Hatta Jakarta?',	'Y',	'2023-02-04 04:28:26',	'2022-11-15 13:42:10'),
(106,	20,	8,	3,	'Bagaimana kondisi Pesawat yang anda tumpangi saat perjalanan Jakarta-Jeddah ?',	'Y',	'2023-02-04 04:28:26',	'2022-11-15 13:42:10'),
(107,	9,	8,	4,	'Bagaimana peranan Pembimbing Ibadah dalam perjalanan hingga tiba di kota Makkah?',	'Y',	'2023-02-04 04:28:27',	'2022-11-15 13:42:10'),
(108,	11,	8,	6,	'Bagaimana peranan team handling Saudi saat pengaturan kamar, pembagian kunci dan distribusi koper begitu tiba di Hotel Makkah?',	'Y',	'2023-02-04 04:28:27',	'2022-11-15 13:42:10'),
(109,	19,	8,	7,	'Bagaimana kondisi bus yang anda tumpangi selama di kota Mekkah?',	'Y',	'2023-02-04 04:28:27',	'2022-11-15 13:42:10'),
(110,	21,	8,	8,	'Apakah perjalanan program sampai saat ini sudah sesuai dengan yang disampaikan saat manasik?',	'Y',	'2023-02-04 04:28:27',	'2022-11-15 13:42:10'),
(111,	15,	8,	9,	'Bagaimana kondisi hotel kota Mekkah ?',	'Y',	'2023-02-04 04:28:29',	'2022-11-15 13:42:10'),
(112,	17,	8,	10,	'Bagaimana menu makanan di hotel Makkah ?',	'Y',	'2023-02-04 04:28:29',	'2022-11-15 13:42:10'),
(113,	12,	8,	11,	'Pendapat anda tentang respon dan penanganan masalah oleh team PERCIK selama di kota Mekkah?',	'Y',	'2023-02-04 04:28:30',	'2022-11-15 13:42:10'),
(114,	9,	8,	12,	'Bagaimana peranan Pembimbing Ibadah selama berada di kota Mekkah?',	'Y',	'2023-02-04 04:28:30',	'2022-11-15 13:42:10'),
(115,	10,	8,	14,	'Bagaimana peranan Muthawwif/Guide lokal selama berada di Makkah?',	'Y',	'2023-02-04 04:28:30',	'2022-11-15 13:42:11'),
(116,	9,	8,	15,	'Apakah Pembimbing Ibadah benar-benar telah membimbing dan mengarahkan anda saat pelaksanaan Ibadah Umrah (saat ihlal ihram, thawaf, sa’i, & tahallul?',	'Y',	'2023-02-04 04:28:30',	'2022-11-15 13:42:11'),
(117,	22,	8,	16,	'Sejauh ini apakah keinginan dan harapan anda selama berada di kota Makkah sudah terpenuhi?',	'Y',	'2023-02-04 04:28:31',	'2022-11-15 13:42:11'),
(118,	NULL,	8,	NULL,	'Silahkan tulis di bawah ini apabila ada saran/ide/kritik yang positif:',	'N',	'2022-11-15 13:42:11',	'2022-11-15 13:42:11');

DROP TABLE IF EXISTS `petugas`;
CREATE TABLE `petugas` (
  `id` int NOT NULL AUTO_INCREMENT,
  `user_id` bigint DEFAULT NULL,
  `nama` varchar(100) NOT NULL,
  `expired_passport` date DEFAULT NULL,
  `create_by` int DEFAULT NULL,
  `isdelete` int DEFAULT '0',
  `updated_by` int DEFAULT NULL,
  `created_at` timestamp NOT NULL DEFAULT CURRENT_TIMESTAMP ON UPDATE CURRENT_TIMESTAMP,
  `updated_at` timestamp NOT NULL DEFAULT CURRENT_TIMESTAMP,
  PRIMARY KEY (`id`)
) ENGINE=InnoDB AUTO_INCREMENT=4 DEFAULT CHARSET=utf8mb4 COLLATE=utf8mb4_0900_ai_ci;


DROP TABLE IF EXISTS `pilihan`;
CREATE TABLE `pilihan` (
  `id` int NOT NULL AUTO_INCREMENT,
  `pertanyaan_id` int DEFAULT NULL,
  `kategori_pilihan_jawaban_id` int DEFAULT NULL,
  `nomor` int DEFAULT NULL,
  `isi` varchar(50) DEFAULT NULL,
  `created_at` timestamp NOT NULL DEFAULT CURRENT_TIMESTAMP ON UPDATE CURRENT_TIMESTAMP,
  `updated_at` timestamp NOT NULL DEFAULT '0000-00-00 00:00:00',
  PRIMARY KEY (`id`),
  KEY `pertanyaan_id` (`pertanyaan_id`),
  CONSTRAINT `pilihan_ibfk_1` FOREIGN KEY (`pertanyaan_id`) REFERENCES `pertanyaan_kuisioner` (`id`) ON DELETE CASCADE ON UPDATE CASCADE
) ENGINE=InnoDB AUTO_INCREMENT=392 DEFAULT CHARSET=utf8mb4 COLLATE=utf8mb4_0900_ai_ci;

INSERT INTO `pilihan` (`id`, `pertanyaan_id`, `kategori_pilihan_jawaban_id`, `nomor`, `isi`, `created_at`, `updated_at`) VALUES
(1,	3,	2,	1,	'Memuaskan',	'2022-05-23 03:09:14',	'2022-05-12 02:28:12'),
(2,	3,	6,	2,	'Biasa saja',	'2022-05-23 03:09:30',	'2022-05-12 02:28:12'),
(3,	3,	9,	3,	'Kurang Memuaskan',	'2022-05-23 03:09:38',	'2022-05-12 02:28:12'),
(4,	3,	18,	4,	'Mengecewakan',	'2022-05-23 03:10:07',	'2022-05-12 02:28:12'),
(5,	4,	1,	1,	'Memuaskan',	'2022-05-23 03:10:17',	'2022-05-12 02:28:13'),
(6,	4,	6,	2,	'Biasa saja',	'2022-05-23 03:10:27',	'2022-05-12 02:28:13'),
(7,	4,	9,	4,	'Kurang Memuaskan',	'2022-05-23 03:11:07',	'2022-05-12 02:28:13'),
(8,	4,	18,	4,	'Mengecewakan',	'2022-05-23 03:18:13',	'2022-05-12 02:28:13'),
(9,	5,	5,	1,	'Nyaman',	'2022-05-23 03:18:13',	'2022-05-12 02:28:13'),
(10,	5,	6,	2,	'Biasa saja',	'2022-05-23 03:18:13',	'2022-05-12 02:28:13'),
(11,	5,	13,	3,	'Kurang nyaman',	'2022-05-23 03:18:13',	'2022-05-12 02:28:13'),
(12,	5,	16,	4,	'Tidak nyaman',	'2022-05-23 03:18:14',	'2022-05-12 02:28:13'),
(13,	6,	2,	1,	'Memuaskan',	'2022-05-23 03:18:14',	'2022-05-12 02:28:13'),
(14,	6,	6,	2,	'Biasa saja',	'2022-05-23 03:18:14',	'2022-05-12 02:28:13'),
(15,	6,	9,	3,	'Kurang Memuaskan',	'2022-05-23 03:18:14',	'2022-05-12 02:28:13'),
(16,	6,	18,	4,	'Mengecewakan',	'2022-05-23 03:18:14',	'2022-05-12 02:28:14'),
(21,	8,	3,	1,	'Enak',	'2022-05-23 03:18:15',	'2022-05-12 02:28:14'),
(22,	8,	6,	2,	'Biasa saja',	'2022-05-23 03:18:16',	'2022-05-12 02:28:14'),
(23,	8,	11,	3,	'Kurang enak',	'2022-05-23 03:18:18',	'2022-05-12 02:28:15'),
(24,	8,	15,	4,	'Tidak enak',	'2022-05-23 03:18:18',	'2022-05-12 02:28:15'),
(25,	9,	1,	1,	'Cepat',	'2022-05-23 03:18:19',	'2022-05-12 02:28:15'),
(26,	9,	6,	2,	'Biasa saja',	'2022-05-23 03:18:19',	'2022-05-12 02:28:15'),
(27,	9,	14,	3,	'Kurang cepat',	'2022-05-23 03:18:19',	'2022-05-12 02:28:16'),
(28,	9,	17,	4,	'Lambat',	'2022-05-23 03:18:19',	'2022-05-12 02:28:16'),
(29,	10,	5,	1,	'Nyaman',	'2022-05-23 03:18:20',	'2022-05-12 02:28:17'),
(30,	10,	6,	2,	'Biasa saja',	'2022-05-23 03:18:20',	'2022-05-12 02:28:17'),
(31,	10,	9,	3,	'Kurang memuaskan',	'2022-05-23 03:18:20',	'2022-05-12 02:28:17'),
(32,	10,	18,	4,	'Mengecewakan',	'2022-05-23 03:18:20',	'2022-05-12 02:28:17'),
(33,	11,	2,	1,	'Memuaskan',	'2022-05-23 03:18:20',	'2022-05-12 02:28:17'),
(34,	11,	6,	2,	'Biasa saja',	'2022-05-23 03:18:20',	'2022-05-12 02:28:17'),
(35,	11,	9,	3,	'Kurang memuaskan',	'2022-05-23 03:18:20',	'2022-05-12 02:28:17'),
(36,	11,	18,	4,	'Mengecewakan',	'2022-05-23 03:18:20',	'2022-05-12 02:28:17'),
(41,	13,	4,	1,	'Terpenuhi',	'2022-06-06 04:35:30',	'2022-06-06 15:35:30'),
(42,	13,	8,	2,	'Kurang',	'2022-05-23 03:18:21',	'2022-05-12 02:28:18'),
(43,	13,	12,	3,	'Tidak Terpenuhi',	'2022-06-06 04:35:40',	'2022-06-06 15:35:40'),
(44,	14,	2,	1,	'Memuaskan',	'2022-05-23 03:18:21',	'2022-05-12 02:28:18'),
(45,	14,	6,	2,	'Biasa saja',	'2022-05-23 03:18:21',	'2022-05-12 02:28:18'),
(46,	14,	9,	3,	'Kurang memuaskan',	'2022-05-23 03:18:21',	'2022-05-12 02:28:18'),
(47,	14,	18,	4,	'Mengecewakan',	'2022-05-23 03:18:22',	'2022-05-12 02:28:18'),
(119,	48,	2,	1,	'Memuaskan',	'2022-05-23 03:18:22',	'2022-05-19 03:04:30'),
(120,	48,	6,	2,	'Biasa saja',	'2022-05-23 03:18:22',	'2022-05-19 03:04:30'),
(121,	48,	9,	3,	'Kurang memuaskan',	'2022-05-23 03:34:26',	'2022-05-19 03:04:30'),
(123,	49,	2,	1,	'Memuaskan',	'2022-05-23 03:34:27',	'2022-05-19 03:05:13'),
(124,	49,	6,	2,	'Biasa saja',	'2022-05-23 03:34:27',	'2022-05-19 03:05:13'),
(125,	49,	9,	3,	'Kurang memuaskan',	'2022-05-23 03:34:27',	'2022-05-19 03:05:13'),
(126,	49,	18,	4,	'Mengecewakan',	'2022-05-23 03:34:27',	'2022-05-19 03:05:13'),
(127,	50,	5,	1,	'Nyaman',	'2022-05-23 03:34:27',	'2022-05-19 03:05:46'),
(128,	50,	6,	2,	'Biasa saja',	'2022-05-23 03:34:27',	'2022-05-19 03:05:46'),
(129,	50,	13,	3,	'Kurang nyaman',	'2022-05-23 03:34:27',	'2022-05-19 03:05:46'),
(130,	50,	16,	4,	'Tidak nyaman',	'2022-05-23 03:34:27',	'2022-05-19 03:05:46'),
(131,	51,	2,	1,	'Memuaskan',	'2022-05-23 03:34:27',	'2022-05-19 03:06:17'),
(132,	51,	6,	2,	'Biasa saja',	'2022-05-23 03:34:27',	'2022-05-19 03:06:17'),
(133,	51,	9,	3,	'Kurang memuaskan',	'2022-05-23 03:34:27',	'2022-05-19 03:06:17'),
(134,	51,	18,	4,	'Mengecewakan',	'2022-05-23 03:34:27',	'2022-05-19 03:06:17'),
(135,	52,	2,	1,	'Memuaskan',	'2022-05-23 03:34:27',	'2022-05-19 03:06:59'),
(136,	52,	6,	2,	'Biasa saja',	'2022-05-23 03:34:27',	'2022-05-19 03:06:59'),
(137,	52,	9,	3,	'Kurang memuaskan',	'2022-05-23 03:34:27',	'2022-05-19 03:06:59'),
(138,	52,	18,	4,	'Mengecewakan',	'2022-05-23 03:34:27',	'2022-05-19 03:06:59'),
(139,	53,	5,	1,	'Nyaman',	'2022-05-23 03:34:28',	'2022-05-19 03:07:43'),
(140,	53,	6,	2,	'Biasa saja',	'2022-05-23 03:34:28',	'2022-05-19 03:07:43'),
(141,	53,	13,	3,	'Kurang nyaman',	'2022-05-23 03:34:28',	'2022-05-19 03:07:43'),
(142,	53,	16,	4,	'Tidak nyaman',	'2022-05-23 03:34:28',	'2022-05-19 03:07:43'),
(143,	54,	4,	1,	'Terpenuhi',	'2022-06-06 04:35:30',	'2022-06-06 15:35:30'),
(144,	54,	7,	2,	'Tidak semuanya',	'2022-05-23 03:34:28',	'2022-05-19 03:08:10'),
(145,	54,	10,	3,	'Tidak sesuai',	'2022-05-23 03:34:28',	'2022-05-19 03:08:10'),
(146,	55,	5,	1,	'Nyaman',	'2022-05-23 03:34:28',	'2022-05-19 03:08:36'),
(147,	55,	6,	2,	'Biasa saja',	'2022-05-23 03:34:28',	'2022-05-19 03:08:36'),
(148,	55,	13,	3,	'Kurang nyaman',	'2022-05-23 03:34:28',	'2022-05-19 03:08:36'),
(149,	55,	16,	4,	'Tidak nyaman',	'2022-05-23 03:34:28',	'2022-05-19 03:08:36'),
(150,	56,	3,	1,	'Enak',	'2022-05-23 03:34:29',	'2022-05-19 03:09:08'),
(151,	56,	6,	2,	'Biasa saja',	'2022-05-23 03:34:29',	'2022-05-19 03:09:08'),
(152,	56,	15,	3,	'Kurang enak',	'2022-05-23 03:34:29',	'2022-05-19 03:09:08'),
(153,	56,	15,	4,	'Tidak enak',	'2022-05-23 03:34:29',	'2022-05-19 03:09:08'),
(154,	57,	1,	1,	'Cepat',	'2022-05-23 03:34:29',	'2022-05-19 03:09:33'),
(155,	57,	6,	2,	'Biasa saja',	'2022-05-23 03:34:29',	'2022-05-19 03:09:33'),
(156,	57,	14,	3,	'Kurang cepat',	'2022-05-23 03:34:29',	'2022-05-19 03:09:33'),
(157,	57,	17,	4,	'Lambat',	'2022-05-23 03:34:29',	'2022-05-19 03:09:33'),
(158,	58,	2,	1,	'Memuaskan',	'2022-05-23 03:34:29',	'2022-05-19 03:10:04'),
(159,	58,	6,	2,	'Biasa saja',	'2022-05-23 03:34:29',	'2022-05-19 03:10:05'),
(160,	58,	9,	3,	'Kurang memuaskan',	'2022-05-23 03:34:29',	'2022-05-19 03:10:05'),
(161,	58,	18,	4,	'Mengecewakan',	'2022-05-23 03:34:29',	'2022-05-19 03:10:05'),
(162,	59,	2,	1,	'Memuaskan',	'2022-05-23 03:34:29',	'2022-05-19 03:10:30'),
(163,	59,	6,	2,	'Biasa saja',	'2022-05-23 03:34:29',	'2022-05-19 03:10:30'),
(164,	59,	9,	3,	'Kurang memuaskan',	'2022-05-23 03:34:29',	'2022-05-19 03:10:30'),
(165,	59,	18,	4,	'Mengecewakan',	'2022-05-23 03:34:29',	'2022-05-19 03:10:30'),
(166,	60,	4,	1,	'Terpenuhi',	'2022-06-06 04:35:30',	'2022-06-06 15:35:30'),
(167,	60,	8,	2,	'Kurang',	'2022-05-23 03:34:29',	'2022-05-19 03:10:55'),
(168,	60,	12,	3,	'Tidak Terpenuhi',	'2022-06-06 04:35:40',	'2022-06-06 15:35:40'),
(169,	61,	4,	1,	'Terpenuhi',	'2022-06-06 04:35:30',	'2022-06-06 15:35:30'),
(170,	61,	8,	2,	'Kurang',	'2022-05-23 03:34:30',	'2022-05-19 03:11:35'),
(171,	61,	12,	3,	'Tidak Terpenuhi',	'2022-06-06 04:35:40',	'2022-06-06 15:35:40'),
(172,	15,	NULL,	NULL,	NULL,	'2022-05-19 04:38:29',	'0000-00-00 00:00:00'),
(173,	16,	NULL,	NULL,	NULL,	'2022-05-19 04:38:33',	'0000-00-00 00:00:00'),
(175,	64,	NULL,	NULL,	NULL,	'2022-05-19 05:03:35',	'2022-05-19 05:03:35'),
(180,	48,	18,	4,	'Mengecewakan',	'2022-08-04 14:51:54',	'2022-08-04 14:51:54'),
(181,	65,	2,	1,	'Memuaskan',	'2022-08-07 13:47:20',	'2022-08-07 13:47:20'),
(182,	65,	6,	2,	'Biasa saja',	'2022-08-07 13:47:20',	'2022-08-07 13:47:20'),
(183,	65,	9,	3,	'Kurang Memuaskan',	'2022-08-07 13:47:20',	'2022-08-07 13:47:20'),
(184,	65,	18,	4,	'Mengecewakan',	'2022-08-07 13:47:20',	'2022-08-07 13:47:20'),
(186,	66,	2,	1,	'Memuaskan',	'2022-08-07 13:54:17',	'2022-08-07 13:54:17'),
(187,	66,	6,	2,	'Biasa saja',	'2022-08-07 13:54:17',	'2022-08-07 13:54:17'),
(188,	66,	9,	3,	'Kurang Memuaskan',	'2022-08-07 13:54:17',	'2022-08-07 13:54:17'),
(189,	66,	18,	4,	'Mengecewakan',	'2022-08-07 13:54:17',	'2022-08-07 13:54:17'),
(190,	67,	2,	1,	'Memuaskan',	'2022-08-07 13:58:17',	'2022-08-07 13:58:17'),
(191,	67,	6,	2,	'Biasa saja',	'2022-08-07 13:58:17',	'2022-08-07 13:58:17'),
(192,	67,	9,	3,	'Kurang Memuaskan',	'2022-08-07 13:58:17',	'2022-08-07 13:58:17'),
(193,	67,	18,	4,	'Mengecewakan',	'2022-08-07 13:58:17',	'2022-08-07 13:58:17'),
(194,	68,	2,	1,	'Memuaskan',	'2022-08-07 14:00:14',	'2022-08-07 14:00:14'),
(195,	68,	6,	2,	'Biasa saja',	'2022-08-07 14:00:14',	'2022-08-07 14:00:14'),
(196,	68,	9,	3,	'Kurang Memuaskan',	'2022-08-07 14:00:14',	'2022-08-07 14:00:14'),
(197,	68,	18,	4,	'Mengecewakan',	'2022-08-07 14:00:14',	'2022-08-07 14:00:14'),
(198,	69,	2,	1,	'Memuaskan',	'2022-08-07 14:01:28',	'2022-08-07 14:01:28'),
(199,	69,	6,	2,	'Biasa saja',	'2022-08-07 14:01:28',	'2022-08-07 14:01:28'),
(200,	69,	9,	3,	'Kurang Memuaskan',	'2022-08-07 14:01:28',	'2022-08-07 14:01:28'),
(201,	69,	18,	4,	'Mengecewakan',	'2022-08-07 14:01:28',	'2022-08-07 14:01:28'),
(202,	7,	2,	1,	'Memuaskan',	'2022-08-08 11:59:49',	'2022-08-08 11:59:49'),
(203,	7,	6,	2,	'Biasa saja',	'2022-08-08 11:59:58',	'2022-08-08 11:59:58'),
(204,	7,	9,	3,	'Kurang Memuaskan',	'2022-08-08 12:00:07',	'2022-08-08 12:00:07'),
(205,	7,	18,	4,	'Mengecewakan',	'2022-08-08 12:00:14',	'2022-08-08 12:00:14'),
(330,	104,	2,	1,	'Memuaskan',	'2022-11-15 13:42:10',	'2022-11-15 13:42:10'),
(331,	104,	6,	2,	'Biasa saja',	'2022-11-15 13:42:10',	'2022-11-15 13:42:10'),
(332,	104,	9,	3,	'Kurang memuaskan',	'2022-11-15 13:42:10',	'2022-11-15 13:42:10'),
(333,	104,	18,	4,	'Mengecewakan',	'2022-11-15 13:42:10',	'2022-11-15 13:42:10'),
(334,	105,	2,	1,	'Memuaskan',	'2022-11-15 13:42:10',	'2022-11-15 13:42:10'),
(335,	105,	6,	2,	'Biasa saja',	'2022-11-15 13:42:10',	'2022-11-15 13:42:10'),
(336,	105,	9,	3,	'Kurang memuaskan',	'2022-11-15 13:42:10',	'2022-11-15 13:42:10'),
(337,	105,	18,	4,	'Mengecewakan',	'2022-11-15 13:42:10',	'2022-11-15 13:42:10'),
(338,	106,	5,	1,	'Nyaman',	'2022-11-15 13:42:10',	'2022-11-15 13:42:10'),
(339,	106,	6,	2,	'Biasa saja',	'2022-11-15 13:42:10',	'2022-11-15 13:42:10'),
(340,	106,	13,	3,	'Kurang nyaman',	'2022-11-15 13:42:10',	'2022-11-15 13:42:10'),
(341,	106,	16,	4,	'Tidak nyaman',	'2022-11-15 13:42:10',	'2022-11-15 13:42:10'),
(342,	107,	2,	1,	'Memuaskan',	'2022-11-15 13:42:10',	'2022-11-15 13:42:10'),
(343,	107,	6,	2,	'Biasa saja',	'2022-11-15 13:42:10',	'2022-11-15 13:42:10'),
(344,	107,	9,	3,	'Kurang memuaskan',	'2022-11-15 13:42:10',	'2022-11-15 13:42:10'),
(345,	107,	18,	4,	'Mengecewakan',	'2022-11-15 13:42:10',	'2022-11-15 13:42:10'),
(346,	108,	2,	1,	'Memuaskan',	'2022-11-15 13:42:10',	'2022-11-15 13:42:10'),
(347,	108,	6,	2,	'Biasa saja',	'2022-11-15 13:42:10',	'2022-11-15 13:42:10'),
(348,	108,	9,	3,	'Kurang memuaskan',	'2022-11-15 13:42:10',	'2022-11-15 13:42:10'),
(349,	108,	18,	4,	'Mengecewakan',	'2022-11-15 13:42:10',	'2022-11-15 13:42:10'),
(350,	109,	5,	1,	'Nyaman',	'2022-11-15 13:42:10',	'2022-11-15 13:42:10'),
(351,	109,	6,	2,	'Biasa saja',	'2022-11-15 13:42:10',	'2022-11-15 13:42:10'),
(352,	109,	13,	3,	'Kurang nyaman',	'2022-11-15 13:42:10',	'2022-11-15 13:42:10'),
(353,	109,	16,	4,	'Tidak nyaman',	'2022-11-15 13:42:10',	'2022-11-15 13:42:10'),
(354,	110,	4,	1,	'Terpenuhi',	'2022-11-15 13:42:10',	'2022-11-15 13:42:10'),
(355,	110,	7,	2,	'Tidak semuanya',	'2022-11-15 13:42:10',	'2022-11-15 13:42:10'),
(356,	110,	10,	3,	'Tidak sesuai',	'2022-11-15 13:42:10',	'2022-11-15 13:42:10'),
(357,	111,	5,	1,	'Nyaman',	'2022-11-15 13:42:10',	'2022-11-15 13:42:10'),
(358,	111,	6,	2,	'Biasa saja',	'2022-11-15 13:42:10',	'2022-11-15 13:42:10'),
(359,	111,	13,	3,	'Kurang nyaman',	'2022-11-15 13:42:10',	'2022-11-15 13:42:10'),
(360,	111,	16,	4,	'Tidak nyaman',	'2022-11-15 13:42:10',	'2022-11-15 13:42:10'),
(361,	112,	3,	1,	'Enak',	'2022-11-15 13:42:10',	'2022-11-15 13:42:10'),
(362,	112,	6,	2,	'Biasa saja',	'2022-11-15 13:42:10',	'2022-11-15 13:42:10'),
(363,	112,	15,	3,	'Kurang enak',	'2022-11-15 13:42:10',	'2022-11-15 13:42:10'),
(364,	112,	15,	4,	'Tidak enak',	'2022-11-15 13:42:10',	'2022-11-15 13:42:10'),
(365,	113,	1,	1,	'Cepat',	'2022-11-15 13:42:10',	'2022-11-15 13:42:10'),
(366,	113,	6,	2,	'Biasa saja',	'2022-11-15 13:42:10',	'2022-11-15 13:42:10'),
(367,	113,	14,	3,	'Kurang cepat',	'2022-11-15 13:42:10',	'2022-11-15 13:42:10'),
(368,	113,	17,	4,	'Lambat',	'2022-11-15 13:42:10',	'2022-11-15 13:42:10'),
(369,	114,	2,	1,	'Memuaskan',	'2022-11-15 13:42:10',	'2022-11-15 13:42:10'),
(370,	114,	6,	2,	'Biasa saja',	'2022-11-15 13:42:10',	'2022-11-15 13:42:10'),
(371,	114,	9,	3,	'Kurang memuaskan',	'2022-11-15 13:42:11',	'2022-11-15 13:42:11'),
(372,	114,	18,	4,	'Mengecewakan',	'2022-11-15 13:42:11',	'2022-11-15 13:42:11'),
(373,	115,	2,	1,	'Memuaskan',	'2022-11-15 13:42:11',	'2022-11-15 13:42:11'),
(374,	115,	6,	2,	'Biasa saja',	'2022-11-15 13:42:11',	'2022-11-15 13:42:11'),
(375,	115,	9,	3,	'Kurang memuaskan',	'2022-11-15 13:42:11',	'2022-11-15 13:42:11'),
(376,	115,	18,	4,	'Mengecewakan',	'2022-11-15 13:42:11',	'2022-11-15 13:42:11'),
(377,	116,	4,	1,	'Terpenuhi',	'2022-11-15 13:42:11',	'2022-11-15 13:42:11'),
(378,	116,	8,	2,	'Kurang',	'2022-11-15 13:42:11',	'2022-11-15 13:42:11'),
(379,	116,	12,	3,	'Tidak Terpenuhi',	'2022-11-15 13:42:11',	'2022-11-15 13:42:11'),
(380,	117,	4,	1,	'Terpenuhi',	'2022-11-15 13:42:11',	'2022-11-15 13:42:11'),
(381,	117,	8,	2,	'Kurang',	'2022-11-15 13:42:11',	'2022-11-15 13:42:11'),
(382,	117,	12,	3,	'Tidak Terpenuhi',	'2022-11-15 13:42:11',	'2022-11-15 13:42:11'),
(383,	118,	NULL,	NULL,	NULL,	'2022-11-15 13:42:11',	'2022-11-15 13:42:11');

DROP TABLE IF EXISTS `recycle_master_tugas`;
CREATE TABLE `recycle_master_tugas` (
  `id` int NOT NULL AUTO_INCREMENT,
  `nomor` int DEFAULT NULL,
  `nama` longtext,
  `create_by` int DEFAULT NULL,
  `created_at` timestamp NOT NULL DEFAULT CURRENT_TIMESTAMP ON UPDATE CURRENT_TIMESTAMP,
  `updated_at` timestamp NOT NULL DEFAULT '0000-00-00 00:00:00',
  PRIMARY KEY (`id`)
) ENGINE=InnoDB AUTO_INCREMENT=2 DEFAULT CHARSET=utf8mb4 COLLATE=utf8mb4_0900_ai_ci;


DROP TABLE IF EXISTS `responden_kuisioner_umrah`;
CREATE TABLE `responden_kuisioner_umrah` (
  `id` int NOT NULL AUTO_INCREMENT,
  `kuisioner_umrah_id` int DEFAULT NULL,
  `nama` varchar(100) DEFAULT NULL,
  `jenis_kelamin` varchar(20) DEFAULT NULL,
  `usia` int DEFAULT NULL,
  `created_at` timestamp NOT NULL DEFAULT CURRENT_TIMESTAMP ON UPDATE CURRENT_TIMESTAMP,
  `updated_at` timestamp NOT NULL DEFAULT '0000-00-00 00:00:00',
  PRIMARY KEY (`id`),
  KEY `kuisioner_umrah_id` (`kuisioner_umrah_id`),
  CONSTRAINT `responden_kuisioner_umrah_ibfk_1` FOREIGN KEY (`kuisioner_umrah_id`) REFERENCES `kuisioner_umrah` (`id`) ON DELETE CASCADE ON UPDATE CASCADE
) ENGINE=InnoDB AUTO_INCREMENT=1067 DEFAULT CHARSET=utf8mb4 COLLATE=utf8mb4_0900_ai_ci;


DROP TABLE IF EXISTS `tag_orange`;
CREATE TABLE `tag_orange` (
  `id` int NOT NULL AUTO_INCREMENT,
  `group_date` varchar(100) DEFAULT NULL,
  `create_by` int DEFAULT NULL,
  `created_at` timestamp NOT NULL DEFAULT CURRENT_TIMESTAMP ON UPDATE CURRENT_TIMESTAMP,
  `updated_at` timestamp NOT NULL DEFAULT CURRENT_TIMESTAMP ON UPDATE CURRENT_TIMESTAMP,
  PRIMARY KEY (`id`)
) ENGINE=InnoDB AUTO_INCREMENT=47 DEFAULT CHARSET=latin1;


DROP TABLE IF EXISTS `umrah`;
CREATE TABLE `umrah` (
  `id` int NOT NULL AUTO_INCREMENT,
  `master_sop_id` int DEFAULT NULL,
  `asisten_master_sop_id` int DEFAULT NULL,
  `master_sop_petugas_id` int DEFAULT NULL,
  `tourcode` varchar(100) NOT NULL,
  `dates` varchar(100) DEFAULT NULL,
  `count_jamaah` int DEFAULT '0',
  `start_date` date DEFAULT NULL,
  `end_date` date DEFAULT NULL,
  `create_by` int DEFAULT NULL,
  `isdelete` int DEFAULT '0',
  `updated_by` int DEFAULT NULL,
  `created_at` timestamp NOT NULL DEFAULT CURRENT_TIMESTAMP ON UPDATE CURRENT_TIMESTAMP,
  `updated_at` timestamp NOT NULL DEFAULT CURRENT_TIMESTAMP,
  PRIMARY KEY (`id`)
) ENGINE=InnoDB AUTO_INCREMENT=148 DEFAULT CHARSET=utf8mb4 COLLATE=utf8mb4_0900_ai_ci;


DROP TABLE IF EXISTS `users`;
CREATE TABLE `users` (
  `id` bigint unsigned NOT NULL AUTO_INCREMENT,
  `name` varchar(255) CHARACTER SET utf8mb4 COLLATE utf8mb4_unicode_ci NOT NULL,
  `email` varchar(255) CHARACTER SET utf8mb4 COLLATE utf8mb4_unicode_ci NOT NULL,
  `email_verified_at` timestamp NULL DEFAULT NULL,
  `password` varchar(255) CHARACTER SET utf8mb4 COLLATE utf8mb4_unicode_ci NOT NULL,
  `level_id` int DEFAULT '1',
  `aps_level_id` int NOT NULL,
  `level_type` varchar(20) CHARACTER SET utf8mb4 COLLATE utf8mb4_unicode_ci DEFAULT 'Pembimbing',
  `remember_token` varchar(100) CHARACTER SET utf8mb4 COLLATE utf8mb4_unicode_ci DEFAULT NULL,
  `created_at` timestamp NULL DEFAULT NULL,
  `updated_at` timestamp NULL DEFAULT NULL,
  PRIMARY KEY (`id`),
  UNIQUE KEY `users_email_unique` (`email`)
) ENGINE=InnoDB AUTO_INCREMENT=37 DEFAULT CHARSET=utf8mb4 COLLATE=utf8mb4_unicode_ci;

INSERT INTO `users` (`id`, `name`, `email`, `email_verified_at`, `password`, `level_id`, `aps_level_id`, `level_type`, `remember_token`, `created_at`, `updated_at`) VALUES
(2,	'Admin',	'admin@percik.com',	NULL,	'$2y$10$7z0CB4rqbTj63aZbpOu/SehTGYxekWhmQcm2z3pCEA.huJYvoz/Ty',	3,	1,	'Admin',	NULL,	'2022-03-29 02:25:47',	'2022-03-29 02:25:47'),
(16,	'Yogi Prabudhi Sugiar',	'yogisugiar@gmail.com',	NULL,	'$2y$10$UwHr9JEvbUwonSQ2J5ltY.IPN/G6GsHg8TDSF1uDUDz.EumaeSP9u',	3,	3,	'Pembimbing',	NULL,	'2022-05-30 14:52:27',	'2022-08-15 10:16:56'),
(20,	'Aam Amiruddin Nurdin',	'aam.amiruddin@yahoo.com',	NULL,	'$2y$10$hH9ppAFGKye/nsC8S3vbdOIgCZPyDqKi8kpq83KFqSZuJpL6kAvvm',	1,	3,	'Pembimbing',	NULL,	'2022-06-27 17:42:09',	'2022-06-27 17:43:30'),
(21,	'Priyatna Muhlis Nurdin',	'ayatpriyatna95@yahoo.com',	NULL,	'$2y$10$j1lAGkzUrwBY4ql1JMNYbuX5rAubiz67E29lx6M2LBiBf.iNCN2eS',	1,	3,	'Pembimbing',	NULL,	'2022-06-27 17:44:06',	'2022-06-27 17:44:06'),
(22,	'Ihsan Kamil Komarudin',	'ihsanasri97@gmail.com',	NULL,	'$2y$10$2HtcX0xL.1YuHvGuXGgXVOjzK9CwFRewxZQEV9qTEwNme1VICgSuq',	1,	3,	'Pembimbing',	NULL,	'2022-06-27 17:44:26',	'2022-06-27 17:44:26'),
(23,	'Dudi Nasrudin',	'dudisuper04@gmail.com',	NULL,	'$2y$10$Efxt/Mzt4u6IFbOeqzphFuJsZKYq2MBZThQFNHw0.TbFCYX23DtuK',	1,	3,	'Pembimbing',	NULL,	'2022-06-27 17:44:50',	'2022-06-27 17:44:50'),
(24,	'Dadang Khaerudin',	'dangmas76@gmail.com',	NULL,	'$2y$10$ua.ugJDq/fqAIb8xyqPaK.c5xIznLK/9HBBZ4P6HEPDI86mkJtB0.',	1,	3,	'Pembimbing',	NULL,	'2022-06-27 17:45:06',	'2022-06-27 17:45:06'),
(26,	'Didik Suryadi',	'didik_bandung@yahoo.co.id',	NULL,	'$2y$10$Ogo8ozrQe14oZi0WlV/qMuxd8YdQlGOIXd4jBgN9.Bz8HCV.f4DKS',	1,	3,	'Pembimbing',	NULL,	'2022-06-27 17:45:41',	'2022-06-27 17:45:41'),
(28,	'Irfan Abdurrahman',	'irfanabdurahman@gmail.com',	NULL,	'$2y$10$/r3aX12LpmkrNk/FiAIK5us/cF0IMXmj4C1.AdvpLQGe5qg6CKZb6',	1,	3,	'Pembimbing',	NULL,	'2022-08-15 08:55:18',	'2022-08-15 08:55:18'),
(29,	'Wahyu Gunawan',	'wahyugunawan@gmail.com',	NULL,	'$2y$10$AhhW16B8C/App54sVQSmwObgUIAGS//p1yc5e9KTlpOix6Oi/n5CG',	1,	3,	'Pembimbing',	NULL,	'2022-08-15 08:55:59',	'2022-08-15 10:07:13'),
(30,	'Kamaludin',	'kamaludin@gmail.com',	NULL,	'$2y$10$7z0CB4rqbTj63aZbpOu/SehTGYxekWhmQcm2z3pCEA.huJYvoz/Ty',	1,	3,	'Pembimbing',	NULL,	'2022-08-15 08:56:40',	'2022-08-15 14:25:55'),
(31,	'Ismail Nugroho',	'ismailnugroho@gmail.com',	NULL,	'$2y$10$TvGPL3TJvHcC6SiJs290qeOopcr5aPxOFWT.Ccj6u6Yl.tT2zLMg6',	1,	3,	'Pembimbing',	NULL,	'2022-08-15 08:57:19',	'2022-08-15 08:57:19'),
(33,	'Hendi Suhendi',	'hendi@gmail.com',	NULL,	'$2y$10$HDY5mQY6BgxbEdgBfQSt0.nl3NUjIggan1H7vZFojKteciOqaWWrC',	1,	4,	'Petugas',	NULL,	'2022-10-11 08:59:54',	'2022-10-11 09:02:18'),
(35,	'Ahmad Yani',	'ayani@gmail.com',	NULL,	'$2y$10$Tz1Qv2/AG0n.7wK2JhT6s.rVVq749lQxenSDefGhZI26qazM9Fble',	1,	3,	'Pembimbing',	NULL,	'2022-11-15 14:43:06',	'2022-11-15 14:43:06'),
(36,	'Yusuf Sofian',	'Yusufsofian@gmail.com',	NULL,	'$2y$10$3bz8ge3nfzTrJo1ySBqe6eIepNkZi25izCn.BD4q/w2Yya041baty',	1,	3,	'Pembimbing',	NULL,	'2022-12-11 17:32:21',	'2022-12-11 17:32:21');

-- 2023-02-06 03:45:17
